{"type":"FeatureCollection","features":[{"type":"Feature","properties":{"slug":"ha-noi","name":"Hà Nội","region":"bac","isCity":true,"merged":[]},"geometry":{"type":"MultiPolygon","coordinates":[[[[105.55461930669375,20.879355272748114],[105.54335832007095,20.879994235522382],[105.55934190158294,20.890011630578904],[105.56833695805034,20.90186961673183],[105.56841325246344,20.91100200220214],[105.5846562339597,20.922293505495954],[105.58097886649207,20.926726185178666],[105.55361985718639,20.926419102134943],[105.54653214948412,20.92173846890797],[105.53848313811662,20.927643619966815],[105.52508592187979,20.918770634080108],[105.49047135872975,20.934096183175132],[105.47956132378309,20.947748984484114],[105.46170854067466,20.94648250577249],[105.44379472258613,20.955958215016462],[105.43624162262097,20.97476085865073],[105.42232560763073,20.98365291821845],[105.41777848933029,20.997780650545334],[105.40322160380309,20.998061030754233],[105.39373826658856,21.003418774261817],[105.38721513514707,21.023651929166743],[105.35542344665598,21.007859082483787],[105.3477330173982,21.014071317964756],[105.32515763845339,21.010258528072548],[105.32535600348179,21.021212431562127],[105.31526994360533,21.011290404535128],[105.3048405608081,21.022284362605188],[105.29724931485833,21.035212371980524],[105.29403734033725,21.054671143725002],[105.31823778077664,21.095354890691787],[105.32049608234725,21.10990605485349],[105.28936815346121,21.158644536957116],[105.28837633217591,21.167929510130037],[105.29436540822134,21.180207114283633],[105.34634447499563,21.224541525417045],[105.35672045251559,21.27805028627504],[105.39395189834144,21.303313119306303],[105.40576983105797,21.29910932139559],[105.43160295933049,21.274304251117705],[105.44370317975084,21.269726614297152],[105.45056200460839,21.241291859511453],[105.46206713180264,21.22270474602248],[105.46800279883765,21.18278393728745],[105.48622179227073,21.163002823541483],[105.53362322084696,21.154208037441386],[105.57089281328396,21.160582395865678],[105.6173024210311,21.179119916400712],[105.6258397141873,21.175528379437708],[105.62976122367077,21.184063764485824],[105.61643499347919,21.20572287090381],[105.62812853342248,21.210694166421558],[105.63849688051538,21.20727619771878],[105.63569689333386,21.21696362120211],[105.64485216620027,21.215510222166234],[105.65862859980095,21.221042894318884],[105.65489245022307,21.227450224504267],[105.6458134709314,21.226878020431243],[105.64742327361279,21.23648914983345],[105.6616826114749,21.234997603560444],[105.66677141723659,21.23958859163745],[105.67655230153748,21.22692188856538],[105.68650103238069,21.235289426484833],[105.68907976743115,21.233473631041694],[105.68299150994947,21.23163494711395],[105.69821978138016,21.213303417511682],[105.69863176861345,21.219944806077578],[105.71764422062031,21.22287640075872],[105.71969652788916,21.230017513773454],[105.72424364681241,21.22531971471665],[105.73468828899658,21.23269161648514],[105.72992754597799,21.238129467568456],[105.73580980954817,21.235197872531128],[105.73564196256248,21.240845532863702],[105.72559405033533,21.24183735383444],[105.72896624276513,21.247437328914135],[105.7228627276807,21.265816542156863],[105.73699236780361,21.285828444306574],[105.75814104923046,21.302653166582672],[105.7767186258998,21.337374543042937],[105.78516436632403,21.342848633067337],[105.78302813550977,21.353827331969832],[105.78791857887612,21.375616884328487],[105.80048419229611,21.38471112230985],[105.83470965552252,21.373505447765428],[105.83969927963508,21.37738690141033],[105.858139526178,21.375323150096207],[105.85239459162315,21.35052380209715],[105.8684163199808,21.326824994277718],[105.89859057459726,21.326138348464948],[105.89807177498626,21.306452601939977],[105.90699816669074,21.30159649238962],[105.91644335719613,21.305548517505216],[105.91700793287012,21.29453167280272],[105.9307484726234,21.294857827665194],[105.92263079556005,21.285767404599284],[105.92205096186466,21.274262277401625],[105.93791247262752,21.243861046174377],[105.92728472576455,21.244891014118927],[105.91992235883997,21.231560553578454],[105.90663195412233,21.232188071990663],[105.90374041375897,21.225884285268798],[105.91502428742298,21.21618732309223],[105.9111485552187,21.201161230862997],[105.90496874515333,21.20193179965675],[105.90711260460934,21.192437017241783],[105.92282152772908,21.183075749650058],[105.91700029923547,21.169651829786257],[105.9264302309261,21.144455753099216],[105.92517138000674,21.13449557883283],[105.91781664430245,21.13197978536382],[105.9140324634282,21.124270282060852],[105.91557360203612,21.118973573980202],[105.92244768556448,21.12068446643907],[105.9214406054538,21.116688571355244],[105.93089342579923,21.110970339824693],[105.9399113684581,21.08487590128701],[105.95793199897355,21.09125788930281],[105.96200609600425,21.077931243338767],[105.97689867359055,21.07025607217454],[105.99363756444455,21.068953351816425],[105.99764299691557,21.072716550837562],[106.00978136388503,21.062067823542694],[106.00822496790575,21.055498914527924],[106.01320696112784,21.056382017103772],[106.01929521875826,21.047835186674764],[106.01645708271022,21.034405544782036],[106.0069831146443,21.0289799416259],[106.00461626216867,21.012244060083543],[106.00936174527118,21.012402370180556],[106.00846147671763,21.008242442051284],[106.00120592315935,21.007466152307547],[106.00122118143474,21.00031550213339],[105.97580003845981,20.998148754520013],[105.97268724547328,20.989956691047755],[105.9622883798185,20.989245250996312],[105.96459245584596,20.96360666913794],[105.91574907358223,20.975098446606594],[105.90358018758926,20.947201564583],[105.91468858622795,20.937386347879634],[105.90911149726732,20.926523997526896],[105.91629075856257,20.919171167916023],[105.89489793442304,20.89875300108971],[105.8966526953831,20.892491173981142],[105.93536424270079,20.868611167776333],[105.93419694556077,20.852513144796966],[105.91649674893351,20.841292212834023],[105.9117512658861,20.831604788330075],[105.9164357133458,20.804711171012126],[105.92845963825413,20.786223239821375],[105.96641587692399,20.7754963095557],[105.97013901950736,20.73457414294855],[105.96215867277756,20.726429764682013],[105.96280717113088,20.720185104912286],[105.97440385035999,20.699475112592296],[105.99430894030846,20.704174819277693],[106.00279282762627,20.70154076921622],[105.99575852553087,20.69749528401895],[105.99805497273904,20.693510832284947],[105.99160050467064,20.686924757573948],[105.99737595691637,20.67867738075854],[105.98750351980702,20.681784451921402],[105.97604416943496,20.66542512293958],[105.95804642696481,20.65863877722617],[105.95834397229302,20.65147668185005],[105.94433640408054,20.656477751554803],[105.94704484037435,20.675667586070663],[105.94394730629584,20.68173486246968],[105.93341111214451,20.680277648202033],[105.90554093341558,20.665415587804706],[105.89580582526895,20.666945282545885],[105.89643143625688,20.652165236892095],[105.87712906623165,20.64308625777558],[105.85685013656254,20.645218674324433],[105.84761856837866,20.655262772094147],[105.82386063498787,20.664292162155604],[105.81868790501288,20.6604946311121],[105.83297013128397,20.645933930300142],[105.8118214484042,20.630440537302942],[105.81299637524847,20.618971649164195],[105.80595444363007,20.610789123144862],[105.79508255556058,20.567608656869293],[105.76896713690111,20.564469161724375],[105.7653202876876,20.57511407459939],[105.7447819576762,20.597201173021624],[105.7271656861628,20.60458642844751],[105.72169540924291,20.596064393886525],[105.70406387922627,20.6025875262883],[105.70133255595636,20.6214626498727],[105.69171188886595,20.622107333907454],[105.68713425167664,20.616204089706518],[105.66702316785515,20.616984196215615],[105.66587113015605,20.629854984534155],[105.68043564412763,20.62967378604431],[105.6857914800175,20.637177296767362],[105.67896317203319,20.64735490881423],[105.67871903132323,20.671177693828486],[105.67646836089865,20.66419298429537],[105.66956375899142,20.6784027320455],[105.67781876458189,20.68310625350522],[105.68358658663415,20.695792029754013],[105.66218613533334,20.721802544552663],[105.66548966388186,20.732546640075185],[105.64970444725152,20.7608135472465],[105.6480870167718,20.793671443784362],[105.63069962646122,20.793215588027294],[105.63462876463173,20.801546887807415],[105.62812852075051,20.815701322324543],[105.64135026220364,20.825756864607772],[105.63643693249496,20.839312392430628],[105.63059281622456,20.82943041902074],[105.59706925624263,20.841564971875524],[105.59651230996863,20.831744033275285],[105.58787583576044,20.829079466896097],[105.58356522797091,20.813040572149117],[105.55768792295216,20.80365797858249],[105.56172990086871,20.820757705608678],[105.57932328357843,20.826414901151022],[105.5874104437121,20.843634445782584],[105.58326005257635,20.858717759154604],[105.5594410837054,20.879908404154193],[105.55461930669375,20.879355272748114]]]]},"id":"ha-noi"},{"type":"Feature","properties":{"slug":"hai-phong","name":"Hải Phòng","region":"bac","isCity":true,"merged":["Hải Dương"]},"geometry":{"type":"MultiPolygon","coordinates":[[[[106.12439654231491,20.830081360304348],[106.13921403553547,20.819889847236354],[106.1371159517387,20.809407058654465],[106.13088273727753,20.80728036417321],[106.14992570438793,20.783606352112994],[106.15660905457284,20.7797649511783],[106.16452836573508,20.78483086870733],[106.1765599211888,20.775732814806833],[106.18013047718725,20.764006435651563],[106.1936650232961,20.76450997530236],[106.19925736928651,20.754923640546608],[106.21689653001803,20.74738961314386],[106.21865128915948,20.733437356995516],[106.21177025098294,20.731267503547663],[106.21320390242938,20.728342827717807],[106.22272538604113,20.71910363145855],[106.22729539215744,20.70613556681604],[106.25110673364892,20.6864078585992],[106.2690892161635,20.685072714223512],[106.25447129622506,20.689764792729065],[106.24918412562512,20.696396643965553],[106.26342057546631,20.704453284952315],[106.27528428458834,20.692875676809628],[106.28980302326495,20.695357137330838],[106.28268479791994,20.706091696612248],[106.28508805711476,20.711558157546772],[106.29454087695956,20.706282431035564],[106.29369401432275,20.69658165594021],[106.30189561290834,20.689995580058298],[106.33757066297184,20.71155815646988],[106.34799241538254,20.70145111542642],[106.36071061555977,20.7020023390396],[106.40749406467849,20.728524021243373],[106.41610765059794,20.713072589174942],[106.40070390302738,20.690405657592724],[106.44016313005865,20.66005401584925],[106.45523881373252,20.638420867109314],[106.45005845440569,20.621197508478506],[106.46437882686863,20.61521034042399],[106.4712300236853,20.5984580957587],[106.48080491410374,20.598719402737288],[106.4920124947063,20.615704343303353],[106.50959061948893,20.614229961549288],[106.51887559245323,20.60377578261634],[106.52977036875235,20.603022380075682],[106.5400013865969,20.608345790701968],[106.54216813492516,20.623217388309744],[106.54802751039504,20.627438350522873],[106.56945085064312,20.61987952721019],[106.59865617299045,20.63874892744151],[106.61178636130457,20.627100748230575],[106.63474320945409,20.627556603923193],[106.65661668309676,20.612433235211032],[106.69456529293272,20.637926857841144],[106.70838975702542,20.663069527410933],[106.70774888724726,20.68561629759173],[106.72020768960002,20.687821192288208],[106.76700639704724,20.7147930091312],[106.77529954852432,20.702841561407446],[106.78513383769946,20.7014663631455],[106.79309129692524,20.692541876807685],[106.79352617199355,20.684954445305802],[106.8037419304885,20.67893675933874],[106.80360460114873,20.67371825318546],[106.8078923219,20.674723426544553],[106.79657030043255,20.68401984384934],[106.79827928515047,20.69461516506942],[106.79136705421742,20.70113829849007],[106.80129289723777,20.72210006025022],[106.79014635063238,20.72403792626609],[106.7721562403659,20.769074245554304],[106.76091814159528,20.774523540781995],[106.76426744652505,20.788895412915302],[106.7771458650428,20.794977948489443],[106.85897875110358,20.790238185063217],[106.88875627861226,20.794129175025294],[106.9045186082853,20.80438689608056],[106.87331438443721,20.82662276821127],[106.87441301775108,20.83244018257007],[106.83313799313211,20.811985775073005],[106.81664324214219,20.829018399771776],[106.78874254556521,20.832016752368077],[106.76559496326388,20.84968833899108],[106.75272417485972,20.878987123027997],[106.7710728704665,20.913592150332374],[106.76940203441983,20.965513996482166],[106.76573992541884,20.979527288027487],[106.75209856849806,20.995421224996694],[106.70871783080125,20.999110038630782],[106.65013171000757,21.019476710164863],[106.63706255715381,21.012015162215143],[106.62545061874965,21.01148110446648],[106.6094288896694,21.02334481450007],[106.60231066507592,21.03850632939643],[106.57409716494172,21.057131590727938],[106.51748705677461,21.0464294574242],[106.51770830887428,21.059008423000336],[106.50358630023867,21.056467834403154],[106.48487139517746,21.068459336134904],[106.45842028408305,21.064925020001255],[106.44908190464716,21.069470231974066],[106.44063616607795,21.079653566817523],[106.45067645003653,21.09523660637783],[106.43900347614664,21.10692483934969],[106.4439931004968,21.117577381252996],[106.47184802050764,21.11844331652603],[106.48281908993795,21.129011936191326],[106.48377276473738,21.142449207568635],[106.47970629742511,21.146141834976024],[106.48923541204428,21.16641122964348],[106.48691607675283,21.17305833984641],[106.49628497253613,21.187405417093398],[106.49467517120415,21.197731802330875],[106.50061084023537,21.201136419612876],[106.50187732020281,21.224396537856656],[106.49243975863223,21.22800714913998],[106.48975421352345,21.234892678690958],[106.48845721477925,21.23065645586613],[106.46807147324449,21.2266891717036],[106.45564318950929,21.232653451450933],[106.43846942198137,21.228674722080136],[106.4248738409376,21.231083703878635],[106.41121722385022,21.2080467475654],[106.3761601548061,21.196232629576862],[106.36296893093918,21.17261583750984],[106.34777117688839,21.173531366559505],[106.34569598158785,21.165222955124303],[106.32280779846828,21.18465311744186],[106.32425738370836,21.189745737491386],[106.31305743234117,21.192944361928905],[106.31015063270192,21.17856867454306],[106.32295275652505,21.147633385641306],[106.31302691320948,21.12998850320047],[106.29844713999239,21.120613884763046],[106.2954030106608,21.110997032165237],[106.30229235331943,21.073658773854543],[106.31062365093348,21.058871099304792],[106.29273272007619,21.03952486086369],[106.2943501521413,21.019743748012477],[106.27328539332103,21.00359232050851],[106.27295732921391,20.99168664856412],[106.2669911417594,20.987809009545828],[106.24644518317942,20.997772999259272],[106.24505663310686,20.992075748581502],[106.22135210344494,20.995745487736492],[106.21005296996097,20.98478586321322],[106.18205309141798,20.978882619562512],[106.16892290366349,20.970700092982607],[106.16379595030602,20.974547216938372],[106.16794634093736,20.987458059523508],[106.1506657629602,20.988880942313966],[106.13809251977285,21.00127298764159],[106.131912710824,20.99930841779463],[106.12743425505481,20.983731101131198],[106.13791704344916,20.97430116960777],[106.13275194260252,20.968685934307274],[106.13505601999871,20.960333654653773],[106.15801286828403,20.951639957658923],[106.15184831751208,20.94429666601699],[106.1485524180077,20.927634068504204],[106.15535783713517,20.91725427589488],[106.13690996109328,20.904667682328117],[106.13836717545925,20.8950813466968],[106.14645471468084,20.88897502725225],[106.14115190378038,20.85794145299415],[106.126274582655,20.84810525618627],[106.12876939497852,20.837471787029184],[106.12439654231491,20.830081360304348]]],[[[106.81311845611292,20.66810683279938],[106.81723832934793,20.666327276127976],[106.8173985471442,20.66832617743993],[106.81311845611292,20.66810683279938]]],[[[106.8356938383305,20.770001215869687],[106.83860826695043,20.76823310350875],[106.84024095811137,20.773976129620436],[106.8356938383305,20.770001215869687]]],[[[106.90605974696192,20.8266323040798],[106.91416216391164,20.820345682386627],[106.9292988820238,20.827833933214027],[106.9278416684255,20.83772735067393],[106.93291521566921,20.83041266889435],[106.94738817784729,20.8369739471079],[106.94265795275962,20.84514884484258],[106.93349504977013,20.844544214919235],[106.92817736222278,20.850186152237736],[106.91991472757016,20.845972819715485],[106.90605974696192,20.8266323040798]]],[[[106.91342211212445,20.81828956053531],[106.92073107149999,20.803728860566032],[106.92844438976388,20.799973290030742],[106.93608141446201,20.81755713780255],[106.93118334337147,20.826073450494103],[106.92210436345887,20.82556418909825],[106.91342211212445,20.81828956053531]]],[[[106.91728258589455,20.802002709993523],[106.92778063240867,20.795672219019725],[106.95209551253471,20.79332427247293],[106.97476244274759,20.766457357455064],[106.97316026993671,20.757138052670193],[106.9674000779393,20.759888448896955],[106.9682927163359,20.756945409124725],[106.98271227123267,20.750086584093435],[106.98834276494415,20.738583363164228],[106.99368334143729,20.745356358170067],[106.9997487091585,20.72942045918976],[106.99625444772173,20.74603728241983],[107.00045824420476,20.75050810776898],[107.00902605370324,20.744395053436733],[107.018745903279,20.74980429524864],[107.01856279690305,20.737765110729736],[107.0416646040658,20.737395083633523],[107.025505545753,20.735367572364428],[107.02423143608442,20.730044162086866],[107.01476335831221,20.732836521260886],[107.01754808712687,20.726639544814955],[107.0243916543754,20.72251585626175],[107.02817583320474,20.72690848045494],[107.03508043503513,20.72019842828502],[107.03080797600506,20.730702197622747],[107.03942156140305,20.731322085309635],[107.04138231587937,20.722313677490433],[107.04561662977576,20.728039538394338],[107.05100298253082,20.72031859035942],[107.0481572182347,20.711834703183097],[107.0588917764292,20.718836580601963],[107.05997515073393,20.735541140166813],[107.05501604471257,20.747986590786304],[107.06849718447823,20.739414964905222],[107.06538439223023,20.736098086228772],[107.07281542212512,20.740986620514256],[107.0717930829937,20.745585238488854],[107.04857683505674,20.75503996598695],[107.03811693558183,20.765131748623485],[107.03247881466275,20.78696707707518],[107.04274035032863,20.775576390314082],[107.0364995047267,20.7773101703575],[107.04548693161185,20.762411869810805],[107.05631304198626,20.765501773281574],[107.05442858166124,20.771330631965117],[107.0559010546815,20.768702304601028],[107.04294634311898,20.77127150387277],[107.0518879944068,20.773815906988986],[107.04978228099752,20.778765477352845],[107.05509996883315,20.774929799070875],[107.06680346009362,20.780104435613044],[107.06528521007586,20.773772038037915],[107.0727696463461,20.777865208064107],[107.0636525209222,20.78291586689094],[107.05892992581204,20.779604710533718],[107.05697680058225,20.785298146065347],[107.07467699611065,20.78543356785485],[107.06865740389492,20.792666234203825],[107.0624012996816,20.792477406294942],[107.06498003591905,20.799935139794233],[107.05146074950122,20.817538061841923],[107.05694628311277,20.819628515606304],[107.05679369518072,20.81376532576723],[107.06313372271437,20.812008657765375],[107.07968187850722,20.780440128660764],[107.07798052362484,20.7873161207152],[107.08454180268063,20.789519107862027],[107.08637285749137,20.77715758088218],[107.09951067488811,20.77914694577363],[107.09738207390527,20.788079059291498],[107.07785082452892,20.80541495264602],[107.08276415385843,20.801733769533783],[107.08918047594487,20.805357731722854],[107.0972371158662,20.793133533505113],[107.1051640577278,20.79353598469443],[107.10814715025461,20.78846243607424],[107.10968065873678,20.791374958534693],[107.10412645983006,20.8056152234107],[107.10021258006952,20.80122069213992],[107.09979296330195,20.808148182354802],[107.09280443719908,20.807022847357544],[107.09127092969206,20.815779484604622],[107.07698870390675,20.82393721566478],[107.06609392704958,20.812168874668828],[107.06772661823658,20.818516531856893],[107.05932665492156,20.819884100512404],[107.05831194640405,20.832701483753283],[107.05163622594846,20.826292792212012],[107.04843187995107,20.826260367193584],[107.05053759271294,20.834671775387925],[107.04621172552241,20.830467978856046],[107.04737902242088,20.82427290996864],[107.05444384220026,20.821724692372484],[107.04834795685665,20.819657125898043],[107.0520787296376,20.81390265468992],[107.04810381540199,20.813904563276225],[107.0411839550789,20.827511588499355],[107.046646602176,20.84790686809213],[107.03711748850858,20.852814476590115],[107.03751421665513,20.858843606061733],[107.0093159742387,20.860304636266715],[107.01181078636874,20.85613517174634],[107.00806475310179,20.851687234688242],[107.01546526550968,20.840843956891696],[107.01073504025393,20.840094369442465],[107.00566149361369,20.852379601559438],[107.0028843951527,20.845619958888054],[107.00075579314186,20.848751825047312],[107.00294543044045,20.857266229007063],[106.99423266151474,20.861742777513882],[106.9911809027615,20.861231607230497],[106.99681139608283,20.856440347197914],[106.98783159933647,20.858900827267835],[106.98776293445488,20.851959986311538],[106.98133135438154,20.846197885459812],[106.980347162821,20.857313913740466],[106.976372248189,20.852303308267093],[106.97133684752342,20.856350703107207],[106.96148729974712,20.854950709018016],[106.96089220621202,20.848501962975345],[106.95192003842378,20.86131362437241],[106.9564290106307,20.87251357615348],[106.95358324744176,20.878132626115264],[106.94303942349204,20.86348037270366],[106.951118952576,20.859595103817703],[106.94789934712965,20.83275298501429],[106.93802691050183,20.825562280544858],[106.94432116043198,20.825171274204077],[106.94636583821595,20.83107261159651],[106.94841051618084,20.80941848115832],[106.94333696816871,20.81801299441393],[106.93574572124365,20.816941064958556],[106.92860460627357,20.799586098427653],[106.93833208430685,20.798546593067428],[106.91728258589455,20.802002709993523]]],[[[106.93138170746151,20.826700968671094],[106.93670702401472,20.82306746846653],[106.93979692992352,20.828085703431434],[106.93138170746151,20.826700968671094]]],[[[106.93499804035616,20.821148676072074],[106.94110155657037,20.818350594762688],[106.94273424679545,20.82222441954007],[106.93499804035616,20.821148676072074]]],[[[106.93551684002568,20.84724692804334],[106.93621874376139,20.84705237919925],[106.9363026674339,20.847405238196004],[106.93551684002568,20.84724692804334]]],[[[106.93898821477866,20.870871349379094],[106.93947649643566,20.87063865326745],[106.93954516036798,20.871126934387206],[106.93898821477866,20.870871349379094]]],[[[106.9401173657491,20.870140835197],[106.94433642068947,20.866963191795865],[106.94331408214703,20.87248687393618],[106.9401173657491,20.870140835197]]],[[[106.94078875137764,20.870951458298755],[106.94128466286824,20.87075690788018],[106.94131518061992,20.871580883524413],[106.94078875137764,20.870951458298755]]],[[[106.94182634882152,20.852371974264063],[106.94237566542132,20.85157279497163],[106.94252825348802,20.85207252064262],[106.94182634882152,20.852371974264063]]],[[[106.9424977359293,20.850144191598332],[106.94563341702765,20.84588317389521],[106.94455004372297,20.85178069595523],[106.9424977359293,20.850144191598332]]],[[[106.94432116141324,20.869738384434953],[106.94809008327917,20.87165336201587],[106.94707537380734,20.87407188056107],[106.94432116141324,20.869738384434953]]],[[[106.94442797409934,20.8768985709467],[106.94485522052553,20.876814647986237],[106.94490862457793,20.877142711930244],[106.94442797409934,20.8768985709467]]],[[[106.94529772470223,20.85941962716263],[106.94680071437676,20.85949782827018],[106.94643450322009,20.86013488327725],[106.94529772470223,20.85941962716263]]],[[[106.94638872791886,20.856243892733556],[106.947472101881,20.85541038057087],[106.94675493849985,20.8578670452236],[106.94638872791886,20.856243892733556]]],[[[106.9466176091181,20.853470607432556],[106.9477620179178,20.85331992598001],[106.94773913074594,20.854674143908944],[106.9466176091181,20.853470607432556]]],[[[106.94738054878573,20.879498287159045],[106.947807795148,20.878865047117408],[106.94816637742159,20.879519268632674],[106.94738054878573,20.879498287159045]]],[[[106.94738817849208,20.85134582034071],[106.94767809488242,20.85027961218797],[106.94961596137212,20.850510402016297],[106.94738817849208,20.85134582034071]]],[[[106.94751787805224,20.878081127575918],[106.9491200512091,20.87612800252559],[106.94847918262134,20.878798290001356],[106.94751787805224,20.878081127575918]]],[[[106.94850969965674,20.85323218818934],[106.94891405743564,20.853035731049022],[106.94897509258851,20.853285593931687],[106.94850969965674,20.85323218818934]]],[[[106.94880724596229,20.858639521625285],[106.95055437702851,20.859026713210234],[106.94997454299624,20.85951690267386],[106.94880724596229,20.858639521625285]]],[[[106.94942522620195,20.85652236406728],[106.95015001946298,20.856322092964533],[106.94977617833577,20.85670356290881],[106.94942522620195,20.85652236406728]]],[[[106.95542956102996,20.863993449107166],[106.95986986810505,20.858273311060927],[106.96087694757735,20.862885280055373],[106.95542956102996,20.863993449107166]]],[[[106.95675707531858,20.86841849909088],[106.96009112073232,20.867037578712708],[106.95858049994801,20.871960444613244],[106.95675707531858,20.86841849909088]]],[[[106.95871782990714,20.877701564648614],[106.9667363228579,20.85847930427425],[106.96978045225607,20.8632171581049],[106.97652483555352,20.86258773249004],[106.97703600599098,20.86928061897938],[106.95871782990714,20.877701564648614]]],[[[106.97821856188673,20.869229120762864],[106.97918749490354,20.8680618243586],[106.97912646039887,20.870672983745227],[106.97821856188673,20.869229120762864]]],[[[106.98197985442205,20.865847391519512],[106.98460436488458,20.86339644846582],[106.98765612271514,20.866034311941753],[106.98197985442205,20.865847391519512]]],[[[106.98275042179952,20.848000330494916],[106.98393297884184,20.847708505190496],[106.98362017267375,20.848770899141144],[106.98275042179952,20.848000330494916]]],[[[107.00012255372461,20.86217192984775],[107.00370073974484,20.858471673578116],[107.0044789383256,20.859791558758626],[107.00012255372461,20.86217192984775]]],[[[107.0037617709496,20.732905185791623],[107.00422716393038,20.732531345404894],[107.00456285743235,20.7333515056037],[107.0037617709496,20.732905185791623]]],[[[107.00757646859971,20.724821842127533],[107.01101732529712,20.72335318315036],[107.01041460336964,20.72489241405081],[107.00757646859971,20.724821842127533]]],[[[107.00796557082369,20.86143187884893],[107.00811053003073,20.86115149920231],[107.00833178238265,20.861458582244797],[107.00796557082369,20.86143187884893]]],[[[107.01044512149234,20.722376620587696],[107.01181078191374,20.718371188918194],[107.01587724908005,20.718733584362845],[107.01044512149234,20.722376620587696]]],[[[107.0110020662927,20.74307135411894],[107.01145983029241,20.741869724720953],[107.01233721054284,20.74313048214894],[107.0110020662927,20.74307135411894]]],[[[107.01236772906798,20.7394531131551],[107.01384783052345,20.737696445046772],[107.01519060510985,20.74323538554924],[107.01236772906798,20.7394531131551]]],[[[107.01614427750448,20.71659544608218],[107.01847124385317,20.716074740578534],[107.01820421526551,20.71734121949882],[107.01614427750448,20.71659544608218]]],[[[107.01710558149658,20.7146327847483],[107.02439928268647,20.70913580588631],[107.02217150017046,20.715327059668045],[107.01710558149658,20.7146327847483]]],[[[107.01735735173767,20.710306917940965],[107.01849413175614,20.710076127719873],[107.01831865602931,20.710678850795045],[107.01735735173767,20.710306917940965]]],[[[107.02121019525977,20.706721101769986],[107.02327776144853,20.705855165976338],[107.02290392182674,20.708073412371174],[107.02121019525977,20.706721101769986]]],[[[107.0215764077255,20.73368338281031],[107.0223240889976,20.733197009742486],[107.0223774945249,20.733858860377026],[107.0215764077255,20.73368338281031]]],[[[107.02709245943984,20.719685351624353],[107.03035021124191,20.71801069885046],[107.03067827525861,20.720177447250954],[107.02709245943984,20.719685351624353]]],[[[107.02716112357919,20.710118089769757],[107.02819109167062,20.70790175097557],[107.02869463171706,20.71039465583582],[107.02716112357919,20.710118089769757]]],[[[107.02727556520446,20.707567965081235],[107.02785539903778,20.7068012105716],[107.02824449738974,20.707623277383114],[107.02727556520446,20.707567965081235]]],[[[107.027367118273,20.722824847016167],[107.02795458090128,20.72234419509397],[107.02901506716212,20.72358969428625],[107.027367118273,20.722824847016167]]],[[[107.03592729779483,20.71003798035886],[107.04234361882156,20.702807222157112],[107.03881120908281,20.709055696540773],[107.03592729779483,20.71003798035886]]],[[[107.03703356015319,20.727661883615106],[107.03794908847044,20.726479327682952],[107.03805589947139,20.727509295042456],[107.03703356015319,20.727661883615106]]],[[[107.03820086215372,20.85585860500063],[107.03927660650079,20.85518912582861],[107.03884936059792,20.85602835920478],[107.03820086215372,20.85585860500063]]],[[[107.03955126066676,20.708054338412918],[107.04005480106747,20.708306108549625],[107.03974962495688,20.708397661945444],[107.03955126066676,20.708054338412918]]],[[[107.04064226395826,20.70717314364824],[107.04177141439614,20.706843172420033],[107.04167223221441,20.70783690023194],[107.04064226395826,20.70717314364824]]],[[[107.0435719522903,20.71187094343696],[107.04386949790155,20.711582933092977],[107.04422045038281,20.711836610907216],[107.0435719522903,20.71187094343696]]],[[[107.04383135112033,20.704457078016905],[107.04557848229769,20.703038011143168],[107.04467821435694,20.704567705595533],[107.04383135112033,20.704457078016905]]],[[[107.0450062777594,20.706726822848694],[107.04707384437798,20.70564535675542],[107.04731035523012,20.706843172487023],[107.0450062777594,20.706726822848694]]],[[[107.04567003439425,20.700049195853616],[107.04607439229724,20.699145112099927],[107.04660082119462,20.700115953292013],[107.04567003439425,20.700049195853616]]],[[[107.04607439324074,20.710881029311526],[107.04658556232374,20.709744249105924],[107.04729509596571,20.710860048474217],[107.04607439324074,20.710881029311526]]],[[[107.04933214853159,20.84372214520854],[107.04949999479744,20.839123527182434],[107.0521931711306,20.83941344349395],[107.04933214853159,20.84372214520854]]],[[[107.04992723834296,20.759159839882386],[107.05241442145663,20.759310520323538],[107.05153704075008,20.760378635710126],[107.04992723834296,20.759159839882386]]],[[[107.05022478785172,20.83078650576294],[107.05269671112069,20.828629294837558],[107.05347490980455,20.83027915173529],[107.05022478785172,20.83078650576294]]],[[[107.05076647231816,20.763417041599336],[107.05432940010965,20.764155185278604],[107.05153704091039,20.76477698179916],[107.05076647231816,20.763417041599336]]],[[[107.05096483510196,20.712672029547157],[107.05315447077447,20.710320268525777],[107.05194139743004,20.713297639045276],[107.05096483510196,20.712672029547157]]],[[[107.05143022965792,20.761069095145224],[107.05433702843838,20.760676181325742],[107.05247545643569,20.76211050821329],[107.05143022965792,20.761069095145224]]],[[[107.05442858157686,20.759096897497482],[107.06117296693954,20.755394732743138],[107.06256151627673,20.757628238145664],[107.05442858157686,20.759096897497482]]],[[[107.05604601351345,20.762820041818944],[107.05858660180152,20.760817325585187],[107.0607075742753,20.76368216370857],[107.05604601351345,20.762820041818944]]],[[[107.05684709990764,20.77092436649262],[107.05767107529252,20.77093962467898],[107.05742693396284,20.771578586795876],[107.05684709990764,20.77092436649262]]],[[[107.05738115890463,20.81242445970493],[107.05826616807875,20.812880315775484],[107.05772448147218,20.81325034177001],[107.05738115890463,20.81242445970493]]],[[[107.0576939616417,20.717482362327196],[107.0582585364162,20.716828142614954],[107.0584569006237,20.717259202649817],[107.0576939616417,20.717482362327196]]],[[[107.0587773364249,20.754820621128484],[107.05969286393216,20.754627979432726],[107.05954027577063,20.75502852220618],[107.0587773364249,20.754820621128484]]],[[[107.05879259497604,20.741673266361516],[107.0603032149226,20.740265643542873],[107.06067705565637,20.741371905321053],[107.05879259497604,20.741673266361516]]],[[[107.05896044162769,20.742623126066672],[107.06382799506825,20.74270132782487],[107.06363726043547,20.744252001261703],[107.05896044162769,20.742623126066672]]],[[[107.06025743988525,20.811915197344707],[107.0612645201043,20.81066779185512],[107.06135607335142,20.813023367781547],[107.06025743988525,20.811915197344707]]],[[[107.0603718795719,20.761471546458807],[107.06936693611686,20.75702360931132],[107.0675206225885,20.761511600254053],[107.0603718795719,20.761471546458807]]],[[[107.06037951036022,20.775500095630576],[107.0652394338417,20.76989439789737],[107.06291246910484,20.776087558754146],[107.06037951036022,20.775500095630576]]],[[[107.06059313257137,20.753868853918192],[107.06101274859776,20.753889835115483],[107.0609898602716,20.754112995356994],[107.06059313257137,20.753868853918192]]],[[[107.06093645757512,20.828463354954046],[107.0615391799833,20.826466361400698],[107.06278277060179,20.827849188190907],[107.06093645757512,20.828463354954046]]],[[[107.06099749029426,20.737252032302862],[107.06217241556949,20.734879290087516],[107.06282854368521,20.736141954690027],[107.06099749029426,20.737252032302862]]],[[[107.0610051190369,20.733843600331053],[107.06617021898286,20.726259982028637],[107.06939745269955,20.73450544948584],[107.0610051190369,20.733843600331053]]],[[[107.06112718933169,20.741099154309893],[107.06192064652024,20.740967547648687],[107.06173754153166,20.741577898191405],[107.06112718933169,20.741099154309893]]],[[[107.06162310064207,20.73968008760245],[107.06260729251132,20.73878744737201],[107.0626835864707,20.739449297427655],[107.06162310064207,20.73968008760245]]],[[[107.06184435251629,20.764199054206323],[107.06227922877862,20.763838565568605],[107.06242418714992,20.764157093425748],[107.06184435251629,20.764199054206323]]],[[[107.06208849350747,20.754200732729956],[107.06425524185762,20.75431708121981],[107.06337786210703,20.755327976059654],[107.06208849350747,20.754200732729956]]],[[[107.06225633999746,20.72455099674465],[107.06374407184187,20.724476610181707],[107.0633702309314,20.725119386639573],[107.06225633999746,20.72455099674465]]],[[[107.06243181928632,20.83215407452092],[107.06305742889313,20.83256796897394],[107.06263018257158,20.832859793296333],[107.06243181928632,20.83215407452092]]],[[[107.06285906258985,20.75750235349127],[107.06302690995584,20.756554401451453],[107.06418657727298,20.756493366404616],[107.06285906258985,20.75750235349127]]],[[[107.06288194964725,20.72128752350629],[107.06641435995004,20.719338212487102],[107.06346178336719,20.723868165436304],[107.06288194964725,20.72128752350629]]],[[[107.06292772474447,20.707478318884178],[107.06359148340434,20.707207474587523],[107.06432390500036,20.70801619117966],[107.06292772474447,20.707478318884178]]],[[[107.0630421698044,20.837460318892585],[107.06462145508651,20.837223807212276],[107.06464434311387,20.838240424353458],[107.0630421698044,20.837460318892585]]],[[[107.0637669605002,20.76401594975901],[107.06523180508316,20.763581073022173],[107.06565142138373,20.763886248941326],[107.0637669605002,20.76401594975901]]],[[[107.06384325459692,20.755720889878596],[107.06462145225223,20.75582579391362],[107.06442308862539,20.756314075220097],[107.06384325459692,20.755720889878596]]],[[[107.06388902946578,20.71301725894158],[107.06622362407167,20.71152952670318],[107.0666737583306,20.715895448418486],[107.06388902946578,20.71301725894158]]],[[[107.06397295704318,20.83085135559959],[107.06509447803282,20.827578345013357],[107.06646776924431,20.828654089975462],[107.06397295704318,20.83085135559959]]],[[[107.06420183573054,20.767634189478162],[107.06482744680405,20.76682356618055],[107.06449938344885,20.768069065377222],[107.06420183573054,20.767634189478162]]],[[[107.06502581314398,20.836729804895235],[107.06556749976758,20.836336890870456],[107.06563616561652,20.836828986111563],[107.06502581314398,20.836729804895235]]],[[[107.06544542996298,20.824576177748586],[107.06654406200221,20.82235030154017],[107.07276964773091,20.825602332048554],[107.06544542996298,20.824576177748586]]],[[[107.06565905289835,20.83137015462411],[107.06646013895002,20.83033446417489],[107.06709337908543,20.830681601234133],[107.06565905289835,20.83137015462411]]],[[[107.06683397754307,20.77132109427242],[107.07160234957706,20.771561420409288],[107.0683903743168,20.774765766710622],[107.06683397754307,20.77132109427242]]],[[[107.06721544874706,20.829731742457533],[107.0680699413794,20.829148093014066],[107.0681843821988,20.82962111507804],[107.06721544874706,20.829731742457533]]],[[[107.06738329315323,20.72984389009887],[107.06913042388022,20.728804384407066],[107.06878710098557,20.730881486697562],[107.06738329315323,20.72984389009887]]],[[[107.06754350850234,20.696123871568833],[107.06872606467864,20.697319779651085],[107.06812334335346,20.69761732500001],[107.06754350850234,20.696123871568833]]],[[[107.06767320888473,20.708994660373836],[107.0686497710098,20.707766327342075],[107.0688862832375,20.708756242190717],[107.06767320888473,20.708994660373836]]],[[[107.0681004555685,20.733052049852784],[107.07011461639588,20.733465945029277],[107.06921434837992,20.734347140113655],[107.0681004555685,20.733052049852784]]],[[[107.06875658374435,20.72582701255214],[107.07106066120701,20.723614488056263],[107.07012987485103,20.726910386685294],[107.06875658374435,20.72582701255214]]],[[[107.06899309830749,20.829966345029987],[107.06966448483485,20.830183782946495],[107.06939745611479,20.83031729792756],[107.06899309830749,20.829966345029987]]],[[[107.06915331095368,20.696356568513774],[107.07023668536287,20.695437226207076],[107.06962633361704,20.696804794950832],[107.06915331095368,20.696356568513774]]],[[[107.0691609428682,20.766176975378876],[107.06977129409083,20.7655895114337],[107.06932878880663,20.76647261399969],[107.0691609428682,20.766176975378876]]],[[[107.06964922545725,20.82247618698221],[107.07129717504245,20.821654119585332],[107.07154131610845,20.823235311976237],[107.06964922545725,20.82247618698221]]],[[[107.06974077842854,20.82151679050464],[107.06990099574223,20.82126502054196],[107.07009935965624,20.82149390277645],[107.06974077842854,20.82151679050464]]],[[[107.07021379912389,20.756150043107784],[107.07997179451358,20.751793658170005],[107.07150316717114,20.758791721088425],[107.07021379912389,20.756150043107784]]],[[[107.07024431830305,20.821070470864512],[107.0704732005319,20.820870199369693],[107.07064104655377,20.821163931832622],[107.07024431830305,20.821070470864512]]],[[[107.07078600368848,20.744105134814394],[107.07228136417103,20.74293211610193],[107.07344866217288,20.744002139332718],[107.07078600368848,20.744105134814394]]],[[[107.07119799092402,20.7628143192708],[107.07159472032885,20.762318409053055],[107.07156420171422,20.762736118239825],[107.07119799092402,20.7628143192708]]],[[[107.07128191275308,20.719250474068634],[107.07281542192794,20.718865190313192],[107.0731511147175,20.720459733532554],[107.07128191275308,20.719250474068634]]],[[[107.07144213173524,20.763970172165287],[107.07393694376437,20.762289797664813],[107.07390642624301,20.763577258587183],[107.07144213173524,20.763970172165287]]],[[[107.07172441918829,20.773779666713544],[107.07563829931871,20.770149982270954],[107.07386827977601,20.776133335618276],[107.07172441918829,20.773779666713544]]],[[[107.07218981375443,20.819771566341608],[107.07260943084668,20.81922034263062],[107.07280779495564,20.819672384674035],[107.07218981375443,20.819771566341608]]],[[[107.07275438583574,20.704598221781037],[107.0742726356869,20.70390013276905],[107.0737156891679,20.704872879032408],[107.07275438583574,20.704598221781037]]],[[[107.07282305346233,20.825297156064234],[107.0733418531978,20.825156011548923],[107.07315111745142,20.82549551948601],[107.07282305346233,20.825297156064234]]],[[[107.07303667472242,20.767390048870624],[107.07354021483923,20.767208850609258],[107.07324266910078,20.767588412852707],[107.07303667472242,20.767390048870624]]],[[[107.07355547220989,20.70098188842909],[107.07747698127079,20.703203949520258],[107.07505846286857,20.704512391446926],[107.07355547220989,20.70098188842909]]],[[[107.07363939648982,20.76010206918182],[107.0747990647015,20.760121143167428],[107.07383013188132,20.760576999349347],[107.07363939648982,20.76010206918182]]],[[[107.07373858006176,20.7651317480293],[107.0815358208328,20.768297946495043],[107.07591295767901,20.769234455662446],[107.07373858006176,20.7651317480293]]],[[[107.07418871421048,20.75686529838488],[107.07527208791217,20.75706938504063],[107.0750432056621,20.757355486917],[107.07418871421048,20.75686529838488]]],[[[107.07449388982147,20.74249342576936],[107.07733202326388,20.739813601019986],[107.07985735346753,20.741114412994172],[107.07449388982147,20.74249342576936]]],[[[107.07549333998631,20.776552951549824],[107.07586718146686,20.775946414405954],[107.07623339263124,20.77670363265004],[107.07549333998631,20.776552951549824]]],[[[107.07579088692692,20.77487257787099],[107.07648516246304,20.773453510105092],[107.0781636280919,20.772864139142523],[107.07579088692692,20.77487257787099]]],[[[107.07580614513952,20.764050281071892],[107.07897997360547,20.76202658418221],[107.07909441384096,20.764216219937655],[107.07580614513952,20.764050281071892]]],[[[107.0761647266619,20.761769092112548],[107.07724810065962,20.761683261039476],[107.07711077231268,20.762207781822905],[107.0761647266619,20.761769092112548]]],[[[107.07680559480711,20.728834901031878],[107.08116960883673,20.723927293336903],[107.08120012633185,20.731001649633207],[107.07680559480711,20.728834901031878]]],[[[107.07749224224183,20.777136600540945],[107.07861376378227,20.77658537650886],[107.07796526410057,20.777195728907497],[107.07749224224183,20.777136600540945]]],[[[107.07769060557455,20.760269915931186],[107.0807118464416,20.759115969610228],[107.08083391621375,20.76055601791738],[107.07769060557455,20.760269915931186]]],[[[107.07840776745914,20.72458532938413],[107.0825581586859,20.71903494429436],[107.08189440077247,20.72176054465208],[107.07840776745914,20.72458532938413]]],[[[107.07841539717391,20.748963152305677],[107.08603716327096,20.745272432869548],[107.08275652323037,20.749213015634844],[107.07841539717391,20.748963152305677]]],[[[107.07844591506095,20.73517874344211],[107.07877397905133,20.734759126275883],[107.07910204314054,20.735520159122707],[107.07844591506095,20.73517874344211]]],[[[107.07893419709701,20.757365023294984],[107.07968950653621,20.757813250827134],[107.07925463237191,20.758105074732725],[107.07893419709701,20.757365023294984]]],[[[107.07934618516292,20.77433852002293],[107.0864262630297,20.76423338705673],[107.09437609190019,20.766903674824288],[107.090164666521,20.768835818722735],[107.09245348474555,20.77437285182719],[107.08886003936443,20.76887778022404],[107.08391619235408,20.775437152504026],[107.07934618516292,20.77433852002293]]],[[[107.0794224779097,20.76612738424622],[107.08685350932056,20.756865298576468],[107.08608294038734,20.762282168691915],[107.0794224779097,20.76612738424622]]],[[[107.07961321242442,20.735605989293365],[107.08275652355367,20.731760774758893],[107.08450365377726,20.73374441708523],[107.07961321242442,20.735605989293365]]],[[[107.0855565106573,20.729719911462364],[107.08649492637065,20.729494844291906],[107.0859608689213,20.730459962428487],[107.0855565106573,20.729719911462364]]],[[[107.08848619930782,20.758074557031414],[107.08895159229914,20.757765566036884],[107.08902025740528,20.758280550635895],[107.08848619930782,20.758074557031414]]],[[[107.09087420147884,20.818129338833177],[107.09088945957254,20.8175056357835],[107.09139299991129,20.817658224271792],[107.09087420147884,20.818129338833177]]],[[[107.09486437329474,20.77333143995836],[107.09590960042874,20.773155962725447],[107.09582567799615,20.77355841377739],[107.09486437329474,20.77333143995836]]],[[[107.09509325640448,20.79387549241322],[107.09653521089109,20.793215550008867],[107.09649706452304,20.793825902020053],[107.09509325640448,20.79387549241322]]],[[[107.09674120465665,20.77228621175595],[107.09819841871011,20.769942080558895],[107.10067797271607,20.773981844614365],[107.09674120465665,20.77228621175595]]],[[[107.09692431038484,20.766695773248685],[107.09722185615794,20.76564673189968],[107.09788561348775,20.76589850165271],[107.09692431038484,20.766695773248685]]],[[[107.09713030373405,20.775856768708998],[107.09813738335804,20.777226245048297],[107.09743547932304,20.777373111349043],[107.09713030373405,20.775856768708998]]],[[[107.09808397736434,20.775358950649697],[107.09935808671565,20.77538946929632],[107.09874773529874,20.77615431475623],[107.09808397736434,20.775358950649697]]],[[[107.09977007575475,20.811526097261606],[107.10341692560554,20.808642186123166],[107.10017443390232,20.813799656549108],[107.09977007575475,20.811526097261606]]],[[[107.09980822198251,20.79069212786655],[107.10491991582973,20.790266788390397],[107.10123491833875,20.792206562639507],[107.09980822198251,20.79069212786655]]],[[[107.09996080975446,20.782835758148504],[107.10108995955684,20.781780994416895],[107.10150957659224,20.783203876353912],[107.09996080975446,20.782835758148504]]],[[[107.10063982655404,20.80395392275858],[107.10371447277055,20.805918492237875],[107.1031880439271,20.807287967992302],[107.10063982655404,20.80395392275858]]],[[[107.10334826067633,20.786154544275185],[107.10401964710066,20.785706317106914],[107.10422564082815,20.786782061971852],[107.10334826067633,20.786154544275185]]],[[[107.10373735996262,20.787787234991516],[107.10548449098013,20.78746298639003],[107.10507250461266,20.789519107368548],[107.10373735996262,20.787787234991516]]],[[[107.10489702779296,20.77015570371181],[107.10610247144436,20.76986387911987],[107.10546160232924,20.77260664663822],[107.10489702779296,20.77015570371181]]],[[[107.12947893175263,20.6156623641198],[107.13130235710925,20.61686208621379],[107.13021898356516,20.61779859539136],[107.12947893175263,20.6156623641198]]],[[[107.13120317651949,20.652600079808266],[107.13157701614125,20.65188863846851],[107.13204241000325,20.65261915238286],[107.13120317651949,20.652600079808266]]],[[[107.13127947069924,20.650946407580072],[107.13303423137938,20.650866299425793],[107.13302660112136,20.651726513723673],[107.13127947069924,20.650946407580072]]],[[[107.13333940673287,20.626740245770172],[107.13389635184716,20.62549283962174],[107.13453722184525,20.62688138988876],[107.13333940673287,20.626740245770172]]],[[[107.1333699231517,20.621884135213005],[107.13353013991114,20.621697214877265],[107.13357591732132,20.622011928679157],[107.1333699231517,20.621884135213005]]],[[[107.13476610201968,20.624167232667606],[107.1348881729756,20.622397212052118],[107.1375966082434,20.622706203126747],[107.13476610201968,20.624167232667606]]],[[[107.13600206454112,20.620735912431098],[107.13855028233034,20.620484140711852],[107.13805437173025,20.621742991724297],[107.13600206454112,20.620735912431098]]],[[[107.1362614654109,20.654469280548717],[107.136482717602,20.653980999812305],[107.13678026441032,20.65438535734643],[107.1362614654109,20.654469280548717]]],[[[107.13677263337648,20.61958768835264],[107.14144945241445,20.615841654631833],[107.14326524824739,20.618498592057712],[107.13677263337648,20.61958768835264]]],[[[107.13698625607016,20.616215494990907],[107.13745927969104,20.615860728337786],[107.13784074845572,20.61714055862268],[107.13698625607016,20.616215494990907]]],[[[107.14598894268298,20.625841884333997],[107.14625597203175,20.625643520146912],[107.146378041364,20.625771312098106],[107.14598894268298,20.625841884333997]]],[[[107.14653062936198,20.61579587842341],[107.14668321706608,20.61570432535123],[107.14673662251056,20.61589887502914],[107.14653062936198,20.61579587842341]]],[[[107.14732408650679,20.61391713944498],[107.1514439591611,20.61264112311964],[107.15082597869711,20.615778711173306],[107.14732408650679,20.61391713944498]]],[[[107.15433549943522,20.62521436567972],[107.15990495736649,20.61987378926771],[107.16200304134223,20.622231272415153],[107.15433549943522,20.62521436567972]]],[[[107.16000414098413,20.627812175267035],[107.16066789781684,20.62692335003249],[107.16067552676921,20.628489283434384],[107.16000414098413,20.627812175267035]]],[[[107.16246080530799,20.612288263018485],[107.162559987349,20.612185266775867],[107.16255235738448,20.612366465484765],[107.16246080530799,20.612288263018485]]],[[[107.16337633258478,20.61334874909702],[107.1638493541068,20.613154200108113],[107.16375780242703,20.613497522541618],[107.16337633258478,20.61334874909702]]],[[[107.16633653794806,20.61387899184253],[107.16683244808713,20.614073541843986],[107.16655778984214,20.61438634709678],[107.16633653794806,20.61387899184253]]],[[[107.16726732314295,20.615359095421674],[107.16799974575845,20.61434819987764],[107.16843462050727,20.61575200918316],[107.16726732314295,20.615359095421674]]],[[[107.16767168130245,20.617110041392674],[107.17092180350136,20.615444925401736],[107.16841936283433,20.61790159039373],[107.16767168130245,20.617110041392674]]],[[[107.17260027015055,20.614657190175013],[107.17311906923693,20.614386346857298],[107.17294359338177,20.614794519693714],[107.17260027015055,20.614657190175013]]],[[[107.20233965109404,20.615519311346024],[107.20835924250974,20.613047387082478],[107.20479631617413,20.617432382364676],[107.20233965109404,20.615519311346024]]],[[[107.20262193821581,20.623556878897034],[107.20299577921762,20.623432900360378],[107.20309496133675,20.624071862256457],[107.20262193821581,20.623556878897034]]],[[[107.20628404784043,20.61757352558501],[107.20690202939541,20.617375160821343],[107.20691728717114,20.617716577319392],[107.20628404784043,20.61757352558501]]],[[[107.20814561970393,20.617018486884337],[107.20831346727685,20.616541650047477],[107.20859575451587,20.617211128852304],[107.20814561970393,20.617018486884337]]],[[[107.20908403620389,20.617737556999103],[107.21028185029634,20.617777611915994],[107.20995378633285,20.618105675742456],[107.20908403620389,20.617737556999103]]],[[[107.20989275076886,20.615719583448026],[107.2107853908219,20.615185524776017],[107.21063280276792,20.616144921030855],[107.20989275076886,20.615719583448026]]],[[[107.21146440676547,20.615900780847102],[107.21237993450147,20.61556699499131],[107.21218919955105,20.616173531902515],[107.21146440676547,20.615900780847102]]],[[[107.6791081342314,20.123417607382166],[107.70892380887746,20.123902072630333],[107.72504472039932,20.119408359497946],[107.73193406387948,20.13101266839385],[107.73013352648789,20.140694370867806],[107.74248551781105,20.154841175776745],[107.74604844455443,20.17011522348174],[107.69644212006756,20.13977121447564],[107.6791081342314,20.123417607382166]]]]},"id":"hai-phong"},{"type":"Feature","properties":{"slug":"lai-chau","name":"Lai Châu","region":"bac","isCity":false,"merged":[]},"geometry":{"type":"MultiPolygon","coordinates":[[[[103.10134937531147,22.095799398060205],[103.09084369847601,22.071379613986494],[103.09494831160038,22.057705830971024],[103.0634618011089,22.0623254303732],[103.04618122179603,22.048659277374465],[103.03903247975015,22.047703695554933],[103.02242328727834,22.055996848072017],[103.00083210057235,22.05150695088287],[102.98529102386662,22.025954199769888],[102.965332527867,22.033080055168572],[102.96065570931302,22.047388985077955],[102.94401599989905,22.066134408770967],[102.92996265631666,22.068604425809323],[102.9346394748293,22.092944103086236],[102.93213703392554,22.103283840380058],[102.92443897491603,22.108124690858784],[102.92550708946129,22.091685251884282],[102.9131627300628,22.091198879578872],[102.89720203549186,22.076567607197525],[102.86871387663123,22.0782861293896],[102.86050464744874,22.059782939377737],[102.853249093803,22.065602261247903],[102.82056476733136,22.065178830760804],[102.78133442129403,22.085894545100942],[102.7759938456532,22.09296508699742],[102.78084614016599,22.10097213738676],[102.76777698882312,22.117196044588674],[102.76285602856609,22.116400681057666],[102.74401142517299,22.13069435296019],[102.73807575747324,22.17030235552357],[102.74685719002969,22.177006686449076],[102.75374653445657,22.207192386663582],[102.7295842432857,22.237910238170205],[102.70956471112571,22.238472906682155],[102.69229939258449,22.246489493343933],[102.67878010457139,22.260498970124523],[102.66249897815496,22.25359246124859],[102.68610432328235,22.23739907016666],[102.69752552663661,22.210143057224055],[102.69557240094477,22.19892975402193],[102.67490437053678,22.168086018424876],[102.63988544992289,22.177765814334638],[102.63686421006342,22.1872186337049],[102.6284184696526,22.18861099869484],[102.61724903678521,22.20308014718747],[102.61863758701264,22.23582360187944],[102.60471394254688,22.239405602126094],[102.57975056415911,22.259802791084795],[102.56517842061146,22.260331126089753],[102.55517628414374,22.245549174009103],[102.54441120815251,22.242497417318088],[102.51698353592305,22.26013085598854],[102.50941517620663,22.27934167249285],[102.49131062447529,22.296742415470135],[102.46763661465775,22.334431625708763],[102.45619252250331,22.34267137257907],[102.45719960278072,22.349802948925777],[102.44998982494977,22.36015794508753],[102.42627003879828,22.371216753284408],[102.42173054941641,22.38621232893184],[102.41153004766946,22.388398151568936],[102.3898015339751,22.408057194245046],[102.39102986659572,22.421380024608414],[102.39730122945356,22.4178781326581],[102.39122060225878,22.442011816637816],[102.39078572694093,22.45454309712137],[102.39495900540275,22.458825095444887],[102.382904562396,22.469983084783014],[102.3610005706349,22.477137550224832],[102.35524800881325,22.490385995397148],[102.34784749570971,22.48928354717456],[102.34816030029926,22.50346087023288],[102.3388753277468,22.5175790659255],[102.34173635107601,22.52597902885511],[102.32315114739806,22.542925822905392],[102.32457784445896,22.557362545583626],[102.35427144793665,22.56655405787787],[102.34684041845884,22.589749325340396],[102.37124685161973,22.593188274318653],[102.40318349860337,22.63321017194051],[102.41703847854143,22.635592449345616],[102.41661886272476,22.642174709758745],[102.40071920361419,22.64615343960572],[102.38328603928004,22.682770719840025],[102.39388326800474,22.69110583391106],[102.4126210613144,22.685824385448466],[102.43582205048017,22.7027540113789],[102.44338278101519,22.723887435066988],[102.45632223504873,22.733550063118642],[102.45085958795929,22.741980544183093],[102.45149282779592,22.752051345881622],[102.46028952071474,22.7665872495341],[102.47931723067765,22.770909301743146],[102.48329977467007,22.77873515276714],[102.50813345434722,22.7785119924428],[102.54879812634601,22.746666898124555],[102.5501027518114,22.735289562561],[102.56491140614199,22.72308634433471],[102.5680776044412,22.704453455766195],[102.58481649561065,22.70820711805882],[102.58847860588564,22.724701869140294],[102.60483602803977,22.73302744605323],[102.6551671416864,22.690422996661134],[102.68999532850201,22.70349596415323],[102.70701650863371,22.69480989754463],[102.70925191977408,22.682353002934747],[102.72425893894133,22.67803094978049],[102.73209432651228,22.668292027835513],[102.75157217176898,22.66753671736672],[102.76283315655127,22.64906213700614],[102.7860646628393,22.644345263655044],[102.78147939620676,22.636424043964304],[102.78606466213834,22.628012637015242],[102.79897359807234,22.623236635064735],[102.8239064591896,22.626706102337153],[102.84143117769212,22.619229293889806],[102.84368947914186,22.612046218826602],[102.86116842204532,22.608971572081348],[102.86227468367281,22.602473235443174],[102.87707570904256,22.590525603247514],[102.87191823731794,22.577111220425387],[102.88239339685684,22.568692182246114],[102.87921956771574,22.55782792403448],[102.8960194940655,22.54467293934503],[102.88887075123428,22.53782365061157],[102.9076924670079,22.52429101175133],[102.90951589197594,22.511349649981952],[102.92150929919212,22.505936594096458],[102.92557576688206,22.48815056788899],[102.9310155243886,22.483838051993104],[102.95610860370175,22.485548942488563],[102.96319631076749,22.47873780079744],[102.98493245532765,22.48001572422546],[102.99475148592663,22.46087738717721],[103.01059773789358,22.460629431772254],[103.01491597616939,22.45173927908206],[103.03208974305535,22.443964925410842],[103.04757741391992,22.445101703865152],[103.05571797829411,22.45139404725913],[103.06796315604687,22.447243656786558],[103.07995656361868,22.451125110093976],[103.07930043643715,22.46755882668824],[103.07200673546343,22.4767007498017],[103.07251790504412,22.49072357660086],[103.08294728824472,22.510109869830313],[103.11402181327493,22.51395699039384],[103.13832906442165,22.539872137456253],[103.14744619056634,22.54433914726633],[103.15648702360785,22.53937813372287],[103.18235067079637,22.557850804681923],[103.15793661055976,22.594294516177712],[103.18746236753357,22.64552018052807],[103.19559530300363,22.651047677032345],[103.20818380362648,22.646124808697383],[103.2276616483012,22.648405998106497],[103.23127798139191,22.657372444165674],[103.25165609449326,22.672594992975494],[103.26889852618696,22.67424294306374],[103.28312734719233,22.684380500436205],[103.28118948127529,22.697386711498087],[103.2884602953132,22.720458001204914],[103.28588156082361,22.735552758107147],[103.32019857822121,22.783160181551388],[103.3194280102907,22.80764290961636],[103.32781271426444,22.81129548208347],[103.36594442872298,22.801073998452736],[103.39034323193431,22.781437843330746],[103.40921072415922,22.77849671205826],[103.4171987008112,22.763495414257832],[103.43187765543307,22.758910148006503],[103.44014028935996,22.750954595587665],[103.44089559891765,22.741845098240642],[103.42774252276377,22.733462300763918],[103.42739919942885,22.717663731717877],[103.43297628519704,22.70084091570714],[103.45999197136666,22.679280245050798],[103.45639852689767,22.65992256325324],[103.46490530132495,22.647553407188482],[103.4752660176983,22.64157768342026],[103.48953298483096,22.618775329612077],[103.508530177015,22.610035857666247],[103.50723317938987,22.603917082017986],[103.52960256482058,22.594813306082976],[103.53306630903714,22.584160763887837],[103.54692891985765,22.58834167204958],[103.57219747426291,22.57874198538481],[103.56644490952219,22.568716960803172],[103.57993367920562,22.550862269726622],[103.58344320023534,22.53285117631909],[103.59521535557234,22.526673272146795],[103.57778981806317,22.491785957667553],[103.55605367246643,22.47237868576568],[103.57167867170064,22.447331382134195],[103.58836415675803,22.43615622503299],[103.5876317344217,22.429398488908728],[103.60355428112497,22.42438216112809],[103.60364583326752,22.41044897859483],[103.62719777393784,22.396246859415864],[103.64511922169588,22.404274890552603],[103.70283559085843,22.406369158147665],[103.72963765468073,22.41552443074261],[103.74560239722723,22.4081768476571],[103.76398328275006,22.38800861488606],[103.76653743401354,22.355179416845257],[103.7789360735191,22.349049760508635],[103.78036397763529,22.339097969248737],[103.76902488780775,22.3340811797872],[103.7702389568416,22.325620553973476],[103.7611465609778,22.313775440302194],[103.77331140260657,22.30435922536048],[103.79095097180013,22.300184246749478],[103.82522681445096,22.270018377939042],[103.84131560365068,22.241163310590125],[103.84119801390082,22.225668991185103],[103.84937477884976,22.221332879810344],[103.8567735094896,22.20650120364996],[103.8692258487091,22.200990918387603],[103.8662732370516,22.179482536130205],[103.88696898811186,22.174544456985124],[103.91313327625504,22.14512089290192],[103.9381261115337,22.139798097899575],[103.9368062257608,22.119221619685497],[103.94432117907157,22.10596745359801],[103.93860676242538,22.08285038712428],[103.95372059160181,22.061909604976773],[103.95706226600458,22.041233945376636],[103.95323230926698,22.027138638404086],[103.9654393403942,22.01137249394464],[103.955818673364,22.000773357427583],[103.98500873600682,21.96700947008741],[103.96958972931614,21.95751468795726],[103.96060230203767,21.935501977884854],[103.94300891676932,21.917704507561638],[103.91963245244055,21.93220035777945],[103.90558673752747,21.921048090059614],[103.89264728402702,21.92035381549987],[103.88642932675528,21.90748493429321],[103.88688709055712,21.891690179716836],[103.88925983168535,21.86612217012155],[103.92014361926365,21.836731832852184],[103.9173970376056,21.829556387447095],[103.94470263989895,21.810038487049184],[103.95295764423294,21.7962559853328],[103.9517064232362,21.789963642473996],[103.96685840110207,21.770884432613407],[103.9659581314202,21.76306811768501],[103.95278216682475,21.755274690882533],[103.95312548853612,21.740897096880506],[103.943184387647,21.743447222001834],[103.93828631686092,21.738686480042666],[103.92825366270012,21.74263850656612],[103.91545916862647,21.73457995838185],[103.91756487966514,21.72417537177387],[103.91360522530502,21.717873491716055],[103.92268420348944,21.704539216104916],[103.91907550071659,21.698630250351652],[103.90524340713135,21.69479266535631],[103.88266803002428,21.708765902257017],[103.88090563861189,21.687470353787653],[103.85335589475476,21.689402499058588],[103.84927416928512,21.70086184961313],[103.83783770734503,21.70620814811918],[103.83321429576068,21.74382106454684],[103.82601977653141,21.73510257488078],[103.81472827254457,21.740105550138125],[103.80867053257172,21.737353246064693],[103.79029895072928,21.762467307503105],[103.78292132686327,21.765311165120472],[103.77900744752097,21.777409477097176],[103.75487567258034,21.77892772673653],[103.76000262774203,21.80788700265972],[103.72457171771227,21.806244776760842],[103.7120976582839,21.821019099599813],[103.69818927290103,21.824116634176693],[103.69435168797438,21.830054211802928],[103.6967168004745,21.836348461992372],[103.70587207322066,21.84261410209243],[103.72296954844329,21.878802228592864],[103.70512439453341,21.884306836846346],[103.7039113212543,21.906315734023742],[103.68379260822068,21.922331741414304],[103.6899190119455,21.931816986240438],[103.68779804081724,21.941988876444565],[103.6663975896772,21.94988530137707],[103.65197040607568,21.99232190236331],[103.6453633497513,21.994433337897913],[103.63531543717124,21.98998921546023],[103.61332752298837,22.001597340794856],[103.60775043521888,22.011797840952674],[103.55455066773592,22.023625312182876],[103.54604389253856,22.030421195673288],[103.52697040686172,22.024512229819077],[103.51086475377728,22.010592400183473],[103.51351978377753,21.991900382064166],[103.49775745252549,21.971600470838855],[103.47681476504883,21.977873741886285],[103.45239307482547,22.010659158346346],[103.4689793783312,22.027859628364126],[103.45336963838142,22.05387777307766],[103.4425511573736,22.058276118929726],[103.43460132703667,22.055216732292095],[103.4199452620293,22.075037900287768],[103.40492298581115,22.128994888035443],[103.39016010677692,22.145115799417983],[103.39044239554451,22.15648168978427],[103.33151295162591,22.153216310675987],[103.30815937452965,22.127245851597635],[103.3089299427124,22.116003938669568],[103.28749897412322,22.108902880387614],[103.28344776423772,22.08748144625109],[103.27358295630549,22.071404404574057],[103.29184009643916,22.049773162932727],[103.29034473607793,22.04229063409398],[103.28373767994619,22.038588469741175],[103.24582721872969,22.048319763664278],[103.21971180167947,22.066660829114827],[103.1914220064461,22.069634387446936],[103.17114307627781,22.081398914238115],[103.1658635353072,22.074187229368142],[103.15262653578023,22.075337360757068],[103.1444783426371,22.067721317095057],[103.13330890877954,22.073901127896846],[103.12205555179301,22.09449477218568],[103.10385944583665,22.101323080947804],[103.10134937531147,22.095799398060205]]]]},"id":"lai-chau"},{"type":"Feature","properties":{"slug":"dien-bien","name":"Điện Biên","region":"bac","isCity":false,"merged":[]},"geometry":{"type":"MultiPolygon","coordinates":[[[[102.96087693090874,21.114396018243873],[102.93991135610386,21.128979606284272],[102.94991349184548,21.141617698305325],[102.93901871783329,21.15623752738863],[102.92979478020409,21.162325783760203],[102.92509507235306,21.157620354524674],[102.90506791215105,21.16538326461067],[102.90488480756088,21.17456524198349],[102.91062974119778,21.180195734774113],[102.90528153543536,21.19015781777077],[102.91264390174992,21.204157756897768],[102.90776109041938,21.221205639457782],[102.91333054899955,21.229573177806575],[102.86396073809642,21.25757115098403],[102.82156419143287,21.242890288767512],[102.82038926477601,21.25165646392929],[102.81112717972415,21.252301147305932],[102.81463670191425,21.257920197471837],[102.80796861064157,21.26477139402735],[102.83304643146117,21.278401306990393],[102.84233140490464,21.29227345424546],[102.84880113150687,21.289969376182807],[102.85243272365283,21.299853256912794],[102.8830418541225,21.300105026321447],[102.89761399885869,21.3063344267014],[102.90010881125731,21.317387511836813],[102.88959550579916,21.333214691706967],[102.89902543833229,21.36520665155983],[102.89603471634656,21.385956698489817],[102.91979265227877,21.407195025471932],[102.91808366761153,21.415484362871098],[102.92342424364656,21.429423267141374],[102.94152116850675,21.454848224852032],[102.93962907850374,21.458306247811034],[102.9229054460748,21.455092365383585],[102.91125535999277,21.436774188839735],[102.90094804742223,21.429869587261077],[102.90077257139633,21.433741504748966],[102.89259386026056,21.43222325517997],[102.87548112882472,21.423708851760598],[102.87033891687489,21.42808430990354],[102.8792347906319,21.438708241421097],[102.87976884902749,21.44646352118364],[102.88580370034552,21.449566776556853],[102.8855595600991,21.460303243270207],[102.8916783348223,21.469450887084154],[102.88627672438547,21.47486585123065],[102.90835619119655,21.48013394719917],[102.91762590761911,21.508553441789058],[102.93203783377655,21.516270575178062],[102.930885795173,21.523121771115353],[102.95568895737225,21.54112714182747],[102.96119738035175,21.54681294888881],[102.95865679156987,21.55403798545485],[102.96883440485911,21.566706595375635],[102.99121142021144,21.585282264046832],[102.99101305637267,21.602272926159547],[102.98561144455488,21.605425773996412],[102.98928118352326,21.621291099972893],[102.9828648631872,21.634171425992694],[102.98529864026914,21.64516156899714],[102.97923327167828,21.65143674668822],[102.98683214884467,21.660895288433096],[102.99024249029753,21.682476938863346],[102.97882891645492,21.695300044459582],[102.98973895076439,21.71028226797871],[102.98550463693326,21.726511898714],[102.97323657101755,21.736414853673484],[102.97440386896147,21.744097653901235],[102.97015429555087,21.746525708714728],[102.95494128256136,21.72886556780057],[102.90260363589539,21.71876425001637],[102.88730669956541,21.71300405806835],[102.87870074201948,21.70273870687204],[102.8576359839535,21.720313018790236],[102.85520220904765,21.739541001096292],[102.86216784638512,21.76390165840147],[102.85571337842218,21.767884202613],[102.85960437010955,21.782792040462827],[102.85537005569478,21.78749556160997],[102.85958148233345,21.795208879829026],[102.85236407679238,21.84128661069402],[102.83300830347103,21.84605879717551],[102.81771899587743,21.84010214711777],[102.81821490664062,21.83317274991046],[102.81129504514752,21.825465153599964],[102.81979419035568,21.80046553333104],[102.81600238017052,21.787087390279492],[102.82074786383028,21.778632113049163],[102.82515002382004,21.73419088857628],[102.81491137577741,21.730605073078852],[102.81152392383198,21.719284959284984],[102.79982806176547,21.708308167132163],[102.78802538832633,21.706774659233698],[102.76394701849671,21.67672819589301],[102.7398305012718,21.65932554733645],[102.7259144864471,21.66428274648345],[102.69454241617474,21.664105364838147],[102.68294573618186,21.655487963750158],[102.67542315266124,21.655400225440623],[102.66315508663642,21.68088240362853],[102.66790057062231,21.68621725820328],[102.66053820590295,21.710030507065657],[102.64617968616226,21.732037496783636],[102.64967394963142,21.764134360121005],[102.66304065007165,21.79043860557763],[102.6489415286607,21.806864693529395],[102.65084124905171,21.826390222572954],[102.64307452635298,21.8465070294769],[102.64585925533811,21.858593897727776],[102.61049701157313,21.876931148746216],[102.6153111605011,21.89568229352147],[102.62075854825883,21.9001531186968],[102.61330463127486,21.91736884866602],[102.56758167034972,21.9366407007618],[102.5375752619859,21.958085022386197],[102.50642444494397,21.97261139152486],[102.48864032644119,21.99666496631895],[102.48880817368862,22.006724323643123],[102.5199895091627,22.023909534664764],[102.51883747044955,22.032383884435948],[102.48484851941915,22.04203888482413],[102.47284748193935,22.06121346159822],[102.44273426251289,22.073777168411937],[102.44520618676395,22.082739799191803],[102.43875934789486,22.091031044933814],[102.44031574490508,22.103243797720378],[102.43465473428023,22.115885706005713],[102.42253162661626,22.11598298111877],[102.40976002056068,22.12679764739609],[102.38586475719286,22.129723521385337],[102.38353016283665,22.150109264345616],[102.3623967416645,22.165621732217588],[102.33636524616863,22.16601083205264],[102.33525898512197,22.187699294101662],[102.32307484275984,22.2027234797775],[102.3133702525242,22.208031631692688],[102.3042836436908,22.20158097858027],[102.28075459165717,22.205985047307557],[102.27901509024726,22.219811418417603],[102.27284291050718,22.2247113973152],[102.27387287827553,22.23529718171638],[102.2422948150085,22.23854921316841],[102.23841908179809,22.24797151557411],[102.2406392357765,22.257534961775768],[102.23035481298747,22.273978214831473],[102.23206379839907,22.284827214213912],[102.21205189644616,22.2873315632307],[102.19039204607986,22.302676184258466],[102.1779408735602,22.305058463748164],[102.181816606542,22.323191627022638],[102.19624379277175,22.336337074443875],[102.18680623072143,22.34108446542802],[102.18045857465452,22.338980659413245],[102.16619160719934,22.354456887220493],[102.16933491927747,22.375637993815285],[102.14954427006683,22.39054201781847],[102.14499715047792,22.399334895984946],[102.15384724929787,22.424170481914775],[102.18605092406392,22.43569468300303],[102.20687154184048,22.42834375958499],[102.23867848758131,22.42818163488836],[102.26168874106358,22.414200768369078],[102.26632741390692,22.431023583894977],[102.24614003670999,22.457938181836557],[102.24675038750196,22.463824260036038],[102.26354268605344,22.467278467371575],[102.26091817400744,22.478192317631507],[102.2697530127502,22.480614650218765],[102.26997426562512,22.489155757079345],[102.29235127971666,22.509591090514395],[102.29979756963677,22.529601084483968],[102.31998494765041,22.54601954327434],[102.34195760427616,22.528212534673337],[102.33884481147703,22.519558893983696],[102.34630635865432,22.505118355786614],[102.34732106706859,22.490532860103123],[102.35797933169847,22.48896502027368],[102.3610005706349,22.477137550224832],[102.382904562396,22.469983084783014],[102.39495900540275,22.458825095444887],[102.39078572694093,22.45454309712137],[102.39122060225878,22.442011816637816],[102.39719441688584,22.420693379969375],[102.39212087032838,22.42158029697068],[102.3898015339751,22.408057194245046],[102.4104543040344,22.388352374608672],[102.42142537348623,22.38641069438046],[102.4292836486626,22.3704194820277],[102.44998982494977,22.36015794508753],[102.45719960324953,22.350077606543454],[102.45610096963503,22.343161560865724],[102.47364857681941,22.3278321984203],[102.49250843923575,22.295472120200277],[102.50941517620663,22.27934167249285],[102.5144734646349,22.261540386701075],[102.543579604408,22.242506953101],[102.55378773461086,22.243510218861868],[102.5628743439191,22.259795161162987],[102.57756855836503,22.260708780388747],[102.60543110535441,22.239134759346054],[102.6189503929655,22.235554665935027],[102.61832478147143,22.199976889271287],[102.6284184696526,22.18861099869484],[102.63627674638693,22.18747421914827],[102.64012196011456,22.177132574346672],[102.6598286861585,22.175244298785273],[102.67490437053678,22.168086018424876],[102.68647053297481,22.18214127016804],[102.69786121963006,22.208960500650342],[102.68610432328235,22.23739907016666],[102.66429188478448,22.255412071478986],[102.67648365823958,22.261931389605497],[102.69417622351054,22.245837179904324],[102.73428395027192,22.233548131722937],[102.75379231084294,22.20764442821155],[102.747185254084,22.177420581224286],[102.73764851076793,22.16651245439423],[102.74375965512542,22.13300415228612],[102.76182606086807,22.11695953404179],[102.76853229854395,22.11624237084483],[102.78084614016599,22.10097213738676],[102.7753606055238,22.09022231958542],[102.81990863912355,22.065651852821635],[102.85169269702372,22.066130596095086],[102.86180927373005,22.06014533545747],[102.86709644553905,22.076779324252257],[102.87947895196231,22.080201106424443],[102.89518024621196,22.076218562269535],[102.90585376967641,22.08683677235051],[102.92324115941395,22.09156127465303],[102.92459156286617,22.106537776745935],[102.93435718786307,22.093586878455266],[102.92996265631666,22.068604425809323],[102.94401599989905,22.066134408770967],[102.96037342126314,22.05007643988415],[102.9642262648546,22.042115166337407],[102.96144153612389,22.03778548444576],[102.96812488586964,22.03067298076786],[102.98529102386662,22.025954199769888],[103.00083210057235,22.05150695088287],[103.02146198356343,22.056069327514262],[103.04105426900378,22.04790968908507],[103.05613758130195,22.053326558894224],[103.06235553905223,22.061766577750138],[103.09534504110859,22.058327626386653],[103.09561969880231,22.065258931662065],[103.09009601687997,22.069685888171897],[103.10244037909945,22.1012334356951],[103.11991932199821,22.09610457428205],[103.13428547184536,22.073065709152058],[103.1459202969985,22.067295979713812],[103.1499486183174,22.074725101095087],[103.16663410366097,22.074515293142344],[103.16929676233954,22.081259678315206],[103.1914220064461,22.069634387446936],[103.212448618663,22.069897600924392],[103.24582721872969,22.048319763664278],[103.28373767994619,22.038588469741175],[103.29211475440091,22.048865264672987],[103.27345325683673,22.07314390638931],[103.28344776423772,22.08748144625109],[103.28749897412322,22.108902880387614],[103.3089299427124,22.116003938669568],[103.30701496546122,22.126301714048676],[103.33033039540425,22.152289339349746],[103.38918354483337,22.15694326894742],[103.39214374951544,22.141491836566512],[103.40492298581115,22.128994888035443],[103.4199452620293,22.075037900287768],[103.43409015843758,22.055962505557872],[103.44427539999238,22.05825132337718],[103.45336963838142,22.05387777307766],[103.46836139728616,22.02989095506566],[103.4523472973957,22.009373605435012],[103.47505237466714,21.97903340951052],[103.48978473589305,21.975279745923803],[103.50325824635188,21.964137015565633],[103.49842883933404,21.94455235889913],[103.48449756455764,21.938319144350857],[103.48777057473475,21.934000905427194],[103.47965289754215,21.909647878358022],[103.48619891850977,21.904004032536065],[103.48284198480756,21.895743305263423],[103.49378253582572,21.876534396741867],[103.52104999095225,21.862317019354084],[103.53086902156465,21.831892900278486],[103.54167224357636,21.82354634116057],[103.53638507342033,21.814270904924953],[103.54769183576464,21.798046996197954],[103.54180957092424,21.775959898701494],[103.5584187622454,21.762076306791688],[103.56137896689461,21.749266553302196],[103.57258654786217,21.739556240544562],[103.58522845340039,21.70179264284734],[103.59870196263518,21.68300335083236],[103.59537554705203,21.675387307860685],[103.58414507867387,21.685206339288136],[103.56980944549758,21.679072305251683],[103.55705309788374,21.655960961553824],[103.54310656328883,21.64764873669425],[103.54502154280391,21.639906808464147],[103.54938555569086,21.640332146712524],[103.550575740921,21.633461877159032],[103.55900622250961,21.62776844087563],[103.54787493413623,21.60233585317335],[103.5395131178109,21.60091869327924],[103.53777361576115,21.590092582266468],[103.53054857909582,21.586720390547942],[103.53414202331454,21.569483679875812],[103.51836443487882,21.562497062054337],[103.52251482500861,21.54296581062618],[103.51713610180856,21.532795827990892],[103.49913835981232,21.532353323850625],[103.4848790206566,21.520693701488593],[103.4706120531637,21.516779821991083],[103.46142626252241,21.519198340325172],[103.46191454319705,21.512238425129134],[103.45165300705239,21.501824300917868],[103.44775438590034,21.485625189169927],[103.45421648327763,21.48019496761352],[103.45679521776619,21.457640568620377],[103.44643449873736,21.443125645609694],[103.44941759262696,21.43833438531967],[103.44267320739525,21.43224612880872],[103.41807603948202,21.426728169388742],[103.39426469944871,21.436108511720743],[103.37809038280012,21.435969274948036],[103.37757921375739,21.42830745526679],[103.35401964225802,21.424685401638246],[103.34296465004776,21.42880527508679],[103.33078050646631,21.41365711139959],[103.33692979864782,21.410693091426527],[103.34017229048304,21.399861257874285],[103.35757493949916,21.389452856249154],[103.3609623894483,21.373917499926787],[103.38732957711086,21.368420519866426],[103.38817643993414,21.36117640992778],[103.37160539477645,21.340674319585453],[103.36974382237835,21.331545748130566],[103.39736222997776,21.317276871887834],[103.414200302477,21.319634354964993],[103.42978715690977,21.31261149659097],[103.43991136149496,21.28693286127104],[103.4390263507924,21.263304625201553],[103.43080949249227,21.251936826577786],[103.43620347485859,21.241858396343794],[103.43160294843553,21.224202068968363],[103.4378666812734,21.19194689538643],[103.43383073128612,21.169062525745655],[103.42904710014427,21.163840204813322],[103.4135975763219,21.16750040711899],[103.39528702844187,21.14816942932939],[103.40207718861052,21.10514154935181],[103.42396591952358,21.06741991352997],[103.40422867654523,21.060322670034214],[103.37189530261148,21.062323479714173],[103.33457230490136,21.091431529345208],[103.29472397769844,21.098519238606173],[103.28646897194773,21.093295010924514],[103.29277085200768,21.084017665981285],[103.28779648650001,21.07796374063404],[103.30177353755886,21.06118860921348],[103.28437088868873,21.0654458111879],[103.27385758199675,21.052815349243918],[103.2916188117504,21.02508059134212],[103.29213760945542,21.01721468483691],[103.28334854756991,21.014130502958633],[103.28615616404632,21.00871744691114],[103.28027390132827,21.002657800831024],[103.2900013789743,20.99362841073551],[103.30016373070094,20.96430864652483],[103.29776810180294,20.955803779527127],[103.30160568583322,20.94590845378655],[103.28990982448933,20.947497275675694],[103.27726028802736,20.937933829617204],[103.27835892051411,20.920428183116826],[103.2897419774072,20.908034231075476],[103.28813217375827,20.90486230984371],[103.27805374397845,20.89659013924937],[103.27381180036801,20.902123358182827],[103.24691055533472,20.892928030320316],[103.21721695094175,20.895451453273203],[103.19644973985032,20.905468849138472],[103.18207596110113,20.904818443979767],[103.16741226456878,20.916624932909784],[103.16223190550247,20.908310800705152],[103.14996383863908,20.9046086366687],[103.12858627578655,20.9094475803549],[103.11743972911968,20.896136194903086],[103.11036728152169,20.900236995220933],[103.11238144154085,20.912825496270724],[103.1055531344683,20.9212292746693],[103.10466812441571,20.93498507308581],[103.09407089560972,20.934866818693102],[103.08434341799125,20.944632444558188],[103.08569382200974,20.96850291283561],[103.06058548418042,21.000615035632055],[103.05886124235161,21.01435176140027],[103.03965042765122,21.0379132407667],[103.0409016481078,21.045899309640756],[103.03468369218595,21.05732623514469],[103.01409958544969,21.064965167617206],[103.00193833117365,21.060301700235247],[102.97494553362363,21.065743366985124],[102.96148728217428,21.081257742222732],[102.96801804447377,21.092501562591938],[102.96087693090874,21.114396018243873]]]]},"id":"dien-bien"},{"type":"Feature","properties":{"slug":"son-la","name":"Sơn La","region":"bac","isCity":false,"merged":[]},"geometry":{"type":"MultiPolygon","coordinates":[[[[103.59375808494423,20.744921576910812],[103.56423232882409,20.750176322711425],[103.55204055571213,20.745070350647055],[103.53730056528148,20.75462616788676],[103.5201954628812,20.750208749184427],[103.50748489173534,20.755427255048232],[103.50137374662278,20.77358712177129],[103.48258254937632,20.794209377668025],[103.48373458842617,20.811411755060348],[103.46386001564768,20.827832120080988],[103.45138595534003,20.82161416409889],[103.43800399617311,20.794297116946236],[103.4127964780014,20.797459501711874],[103.39985702414309,20.784003156307985],[103.38407943638846,20.786925215142645],[103.36554000773229,20.80695809956251],[103.35189865034087,20.803414245954844],[103.31586501994255,20.821286103790676],[103.29946182235675,20.82278528085275],[103.29126022335964,20.837222003518665],[103.28717086830562,20.838356875995043],[103.26738784831701,20.823420428764],[103.25923202487601,20.824395083859386],[103.23223159886989,20.83751001412204],[103.22557113732925,20.85130777455051],[103.2352146925063,20.873717214218694],[103.21378372467171,20.890469458989497],[103.22740219384991,20.895966437241395],[103.24571274061216,20.892033483549216],[103.27364395414124,20.902373220371675],[103.28077743763346,20.896384146033604],[103.2897419774072,20.908034231075476],[103.27835892051411,20.920428183116826],[103.27711532953325,20.93628969500443],[103.28935287861786,20.947567847089704],[103.30144546892976,20.94554033616957],[103.30016373070094,20.96430864652483],[103.28913925736877,20.99510279193844],[103.28093765822634,20.999276071432046],[103.28698776872298,21.010773568886574],[103.28421829881576,21.01295557612289],[103.29187821112747,21.019696145726996],[103.27471970394056,21.054940135180548],[103.28365372556983,21.065701396185545],[103.30177353755886,21.06118860921348],[103.28779648650001,21.07796374063404],[103.29277085200768,21.084017665981285],[103.28646897194773,21.093295010924514],[103.2941288841734,21.098526867053756],[103.33296250289581,21.091881663276034],[103.36971329556516,21.06423845848835],[103.38050888871852,21.062186150487477],[103.40422867654523,21.060322670034214],[103.42396591952358,21.06741991352997],[103.40230607013055,21.104645638381616],[103.39528702844187,21.14816942932939],[103.4135975763219,21.16750040711899],[103.42636155322106,21.164238840802437],[103.43383073128612,21.169062525745655],[103.437912457618,21.190722377812314],[103.43172502028952,21.223736675967405],[103.43576096915598,21.23978129337821],[103.43080949249227,21.251936826577786],[103.43930101031921,21.26374140850006],[103.44129228186638,21.281868849811413],[103.42978715690977,21.31261149659097],[103.414200302477,21.319634354964993],[103.39982652359271,21.31697551140017],[103.36974382237835,21.331545748130566],[103.37160539477645,21.340674319585453],[103.38744401771322,21.359604754967506],[103.38810777551502,21.368046680735734],[103.36257219258994,21.37184039740579],[103.35858964896092,21.388272206607382],[103.34127855295748,21.39918605656343],[103.33692979864782,21.410693091426527],[103.33078050646631,21.41365711139959],[103.34440660488899,21.429373664187235],[103.35806322212497,21.425087851307406],[103.37885332264698,21.428879659391875],[103.37809038280012,21.435969274948036],[103.39185381077542,21.436789434442996],[103.41693163043735,21.426630894638986],[103.4424138077258,21.432038227652974],[103.44941759262696,21.43833438531967],[103.44643449873736,21.443125645609694],[103.45679521776619,21.457640568620377],[103.45421648327763,21.48019496761352],[103.44775438590034,21.485625189169927],[103.45165300705239,21.501824300917868],[103.46189928453947,21.514223975428266],[103.45950365473996,21.517880362474497],[103.4706120531637,21.516779821991083],[103.4848790206566,21.520693701488593],[103.49913835981232,21.532353323850625],[103.51537371093178,21.53319446336003],[103.52251482500861,21.54296581062618],[103.5187077576259,21.563433571101207],[103.53405809981952,21.56864444619858],[103.53054857909582,21.586720390547942],[103.53777361576115,21.590092582266468],[103.5395131178109,21.60091869327924],[103.54701281221318,21.602076454698377],[103.55988360200772,21.62663356766337],[103.5420537073123,21.64650051325159],[103.5552296719744,21.654124185280953],[103.56788683869853,21.67780964138625],[103.57648516718616,21.683289453220528],[103.58414507867387,21.685206339288136],[103.59445239029606,21.674630089870696],[103.59856463366793,21.681660577526845],[103.58450366033318,21.703816339648164],[103.57259417684081,21.739022182250014],[103.56196643081465,21.748732494996254],[103.55976916515667,21.75995914965268],[103.54110003785085,21.777411390470185],[103.54737902926148,21.797129561173076],[103.53668261913565,21.81390850824378],[103.54216052566618,21.821705750106435],[103.5402379173809,21.8271836552865],[103.52948810079936,21.83318226697566],[103.52262164616066,21.860604220465756],[103.50676013546276,21.87279408622311],[103.49479724489824,21.87521260422479],[103.48934222792666,21.882708484738387],[103.48954059257187,21.888935977853656],[103.48280383708945,21.89498036621142],[103.48663379319073,21.901774342925236],[103.47986652072021,21.91024678525134],[103.48287250369688,21.928704198447857],[103.48790027468202,21.931715902421253],[103.48410083599882,21.937184270664815],[103.49842883933404,21.94455235889913],[103.5051503364453,21.95496839011717],[103.49775745252549,21.971600470838855],[103.51256610836838,21.99011891933128],[103.51059772462374,22.01027959524023],[103.52410175439896,22.023827492190627],[103.54501392445815,22.030655799913585],[103.55256702510556,22.02437490070275],[103.60755970029399,22.012043889019605],[103.61655475697675,21.998942311270536],[103.63407947521061,21.98984425778523],[103.65113117302772,21.993245059900975],[103.65965320557028,21.97796528924655],[103.66500141054256,21.952456408027423],[103.68838550408232,21.94067280698027],[103.69002582434139,21.93248646515684],[103.68379260822068,21.922331741414304],[103.70387317387168,21.906430175487728],[103.70498706516929,21.886156965100408],[103.72189380386135,21.879660536047997],[103.7212453044461,21.870716977051305],[103.70459796498275,21.84193699284586],[103.6972584872851,21.838709759628962],[103.69645740109837,21.825520443750374],[103.7120976582839,21.821019099599813],[103.72393847891277,21.806637689826104],[103.75968219245681,21.80816547570325],[103.7541890278813,21.7803029261293],[103.7764287125715,21.778384132401897],[103.80786944642446,21.73700420091689],[103.81407977339421,21.740254324240315],[103.82490588417296,21.734986226672323],[103.83321429576068,21.74382106454684],[103.83804370006916,21.707013050331856],[103.84198046826133,21.70134250198246],[103.84927416928512,21.70086184961313],[103.85335589475476,21.689402499058588],[103.8610539537384,21.692850985436106],[103.87215472273792,21.68586627325106],[103.88090563861189,21.687470353787653],[103.88242388887267,21.708844102966964],[103.90524340713135,21.69479266535631],[103.92052508554274,21.700095094],[103.93128253091174,21.695649063641493],[103.93808032143086,21.690581237886196],[103.93729449386858,21.6698254695273],[103.96544695910315,21.66891947903416],[103.97008563019914,21.664236937008877],[103.98511553879601,21.677943144832312],[104.00052691568305,21.674540433926804],[104.00630999678408,21.666298780192506],[104.02764941300363,21.67216769102494],[104.04771472046647,21.658276469791613],[104.09220934930744,21.642582804002462],[104.15739489692496,21.655808358261847],[104.17418719350071,21.648737816364072],[104.1950078117648,21.64808359441507],[104.21491290296197,21.672209648501006],[104.23197985865858,21.67305841778281],[104.25422717301701,21.671036628325623],[104.25991107178554,21.663882162636305],[104.28790331959861,21.66149797577567],[104.29677630514138,21.65296640543177],[104.31599475007636,21.65666475376567],[104.33702899178088,21.653670215630264],[104.33801318348009,21.639693164396473],[104.33048296973928,21.63787546092302],[104.31632281336526,21.6173638336668],[104.28797198273449,21.598523043696687],[104.29780627157255,21.57128419583612],[104.28874255048031,21.56891336221258],[104.27695513509505,21.551216982415244],[104.29336596205778,21.52469148285087],[104.2950825758204,21.51038445984895],[104.28411150530296,21.491553206242948],[104.28197527473394,21.47206391795045],[104.28848314686026,21.462555784847364],[104.3004307793361,21.457575696313267],[104.29847002457271,21.44012726993914],[104.303612236432,21.433827297821466],[104.3190465010303,21.42876137964726],[104.33087969140932,21.408966913005585],[104.33898973806657,21.408512965038515],[104.34776354230293,21.41834534677518],[104.36990404474024,21.39864243339746],[104.38907671319649,21.401017082844852],[104.41764116572648,21.38076103868267],[104.4199299835288,21.362553487998685],[104.42984819638505,21.354531179386615],[104.44399309361837,21.3575600478907],[104.46653032608782,21.351590046272957],[104.47708177789882,21.353312381836638],[104.4850850135503,21.36571968569496],[104.50389910099246,21.376305470602478],[104.5224614183006,21.406525502398882],[104.53250933112588,21.41436470492703],[104.5785603566565,21.40881622687009],[104.58384752765195,21.42026222616431],[104.59059954188825,21.422591098528134],[104.60510302041874,21.416350253215512],[104.6162648246761,21.401564485314957],[104.64608049702107,21.383105163838394],[104.67832994815734,21.375367049793155],[104.68556261426077,21.377087477580634],[104.68943071860105,21.398056869413846],[104.70311785233564,21.40585029636749],[104.71442461496065,21.400008087100975],[104.7351765689376,21.404530410789036],[104.73450518081054,21.381472471782427],[104.74796343248761,21.367783429414967],[104.74877214771233,21.352480771191246],[104.76815843928776,21.346768261108412],[104.76790666807715,21.331684947865018],[104.77908373126255,21.326037287343954],[104.79462480897512,21.335152506092918],[104.80107164674442,21.33107650219822],[104.81169939406058,21.333437799979656],[104.82369280184643,21.318024514510245],[104.8429493936663,21.310627815603016],[104.84055376145012,21.26622664489042],[104.84956407667885,21.258150930583778],[104.85542345108182,21.233887547342384],[104.84873247193178,21.234026783551073],[104.84414720544446,21.226317280962974],[104.8529667859245,21.2234810533238],[104.86433458277624,21.210259311827993],[104.85096788291447,21.179774157308238],[104.85882615896163,21.17600523658668],[104.8527226422957,21.15285193014796],[104.87916612397403,21.135784972837662],[104.89727067706585,21.129879821769293],[104.91323136959322,21.112471448987097],[104.87667131074443,21.098706115211694],[104.8678822467361,21.07590566839204],[104.85429429629268,21.077216017874623],[104.86622666778416,21.033161983406124],[104.89032792416126,21.009600505038964],[104.90032243044858,20.981913430314638],[104.92311906047911,20.963564735139848],[104.93843125504634,20.93381390937479],[104.97694443727794,20.906428195673353],[104.980598917015,20.889508105696212],[105.0004277120799,20.858078813116396],[104.99759720674696,20.846695756205982],[105.00580643501752,20.845270966195528],[104.99774979333742,20.814373824246577],[105.02529190730407,20.802256438268696],[105.01299332271415,20.78707775706446],[105.0060505736957,20.789080473278815],[104.99116562480069,20.75529942148999],[105.01106308375196,20.741467326972593],[105.01829574952734,20.727625697794057],[105.01500748069074,20.72575649663902],[104.9848942607698,20.722840161684605],[104.94977615765957,20.741499754198276],[104.94847916070945,20.73671803075207],[104.93827866103341,20.74494251822039],[104.92456100877601,20.74294933939095],[104.91738174862489,20.751471374052873],[104.88255356314535,20.76747021611267],[104.87512253287144,20.76759800874905],[104.8589787336491,20.75423130891055],[104.84793137063323,20.754111146445435],[104.83829544420048,20.74800763103499],[104.83643387181709,20.734272813268888],[104.84484146475307,20.731194352301877],[104.83941696403424,20.717291686885858],[104.8493733236438,20.70292553664882],[104.83651016431774,20.696419570459344],[104.84156845373917,20.685778471514762],[104.83718155047778,20.660588117690175],[104.84662673997848,20.652140470198173],[104.82125900237168,20.639635892334777],[104.81270645164342,20.629916043228853],[104.80735061662845,20.631096692621774],[104.80329940775371,20.620797010422095],[104.7974247739912,20.619299741198663],[104.8007054117579,20.584893077853437],[104.78165481389887,20.583851666624977],[104.77499435202824,20.57528194825601],[104.76087997293547,20.584973188506936],[104.74234817258052,20.574856610793564],[104.715889432704,20.606232497082303],[104.69635055341261,20.60505566362244],[104.69435928126921,20.598946426701904],[104.68495986762139,20.596728180291407],[104.68521163805045,20.610983704631035],[104.67139480523863,20.623394821955646],[104.66366622792818,20.624354219287238],[104.64887283293967,20.641795016814267],[104.63857314993112,20.654938555946423],[104.63594863966159,20.67290768958265],[104.59365127520407,20.675585607537364],[104.58316085912301,20.683012824133037],[104.58670852756228,20.695061545357593],[104.58052108840633,20.704377036480576],[104.56555984657459,20.716532570963928],[104.5529484571668,20.722046715365853],[104.53398178258584,20.715863091618978],[104.52039383009529,20.700949532606124],[104.50820205852084,20.710318430485895],[104.50991867138161,20.71499143383705],[104.49874160862768,20.714382990783452],[104.48864791970139,20.72745786598526],[104.48374984960562,20.76829610874356],[104.46851394923036,20.77980886562],[104.4521260101521,20.781781064980887],[104.44637344677552,20.79963766460502],[104.43076370576875,20.79755293225679],[104.42804001131033,20.792107451247617],[104.41939590792494,20.795800079110684],[104.38808487326008,20.825650088044625],[104.3798222398624,20.82926832809903],[104.37905929894731,20.82099234149235],[104.37124679909628,20.824351183359617],[104.35247085999315,20.84051977851857],[104.34854172217779,20.84981810376517],[104.34193466544905,20.850508564303883],[104.33705948314957,20.860367649121773],[104.32912491291667,20.856696003495973],[104.33469437179787,20.874529714202897],[104.33078812233809,20.885107869998077],[104.30845688499511,20.90683066478499],[104.29333542509013,20.913731453124058],[104.29294632646672,20.923998710725215],[104.28075455390228,20.928030846277206],[104.26355789811208,20.918825983135036],[104.26402329103485,20.908659812966274],[104.25785111053034,20.899510262503593],[104.2536244261435,20.900629876061505],[104.23969315122832,20.911249993972724],[104.23689316490847,20.919964670289563],[104.24318741495502,20.933260798273192],[104.19421433232004,20.94770324347828],[104.18911789676488,20.958310010232776],[104.15784500882347,20.956595304359208],[104.13127945655387,20.94928253094074],[104.12149094370594,20.97107017466155],[104.1055989150336,20.97871673632638],[104.09260605568763,20.966294174591365],[104.0518574586168,20.951676255256857],[104.05737351084869,20.942704086749917],[104.0480275020574,20.928851013352947],[104.04985092686576,20.917256240978713],[104.03202103171594,20.904150848045486],[103.99654434753731,20.905690080191413],[103.97628830472543,20.91412437542718],[103.95899246703962,20.898337251353944],[103.94741867432202,20.895840531428497],[103.9397358744273,20.903080828488797],[103.89928482438161,20.90599335044009],[103.88522385068902,20.897559054628328],[103.85232589988453,20.861542590078543],[103.83393905953467,20.87272537574704],[103.81281326628958,20.865986713148004],[103.81437729075645,20.85612762827706],[103.80177353196011,20.851307758573117],[103.81056259339425,20.830580600194274],[103.80766342256088,20.82296455747752],[103.79583786172287,20.819207080237284],[103.78024337775446,20.801550754226298],[103.78008316027787,20.792437442242104],[103.79014633136558,20.78074920786346],[103.78243301357062,20.76734817686684],[103.79106185844255,20.75019729700628],[103.77113387850623,20.73493850769215],[103.76453445266128,20.739243393922635],[103.75705764524622,20.73308456576589],[103.73440597346469,20.734589464134526],[103.73157546835957,20.730912096007543],[103.72891280880731,20.72222221603712],[103.73685500848295,20.709376222250082],[103.7341999783739,20.695656662487995],[103.74543044687195,20.678923492139564],[103.73491714075796,20.668688658310565],[103.7243199113639,20.665718917813436],[103.71444747542553,20.66900527930164],[103.68333480416455,20.66146553101436],[103.67399642485273,20.66915023941532],[103.66754958832217,20.70018470999963],[103.65581557851891,20.696553118582024],[103.64826247764276,20.700756915274315],[103.63793990826345,20.720261463614044],[103.6095051545974,20.731205831095515],[103.60423324361749,20.742386709008418],[103.59375808494423,20.744921576910812]]]]},"id":"son-la"},{"type":"Feature","properties":{"slug":"lao-cai","name":"Lào Cai","region":"bac","isCity":false,"merged":["Yên Bái"]},"geometry":{"type":"Polygon","coordinates":[[[103.5303655046122,22.594796140646856],[103.53306630903714,22.584160763887837],[103.54692891985765,22.58834167204958],[103.57219747426291,22.57874198538481],[103.56644490952219,22.568716960803172],[103.57993367920562,22.550862269726622],[103.58344320023534,22.53285117631909],[103.59521535557234,22.526673272146795],[103.57778981806317,22.491785957667553],[103.55605367246643,22.47237868576568],[103.57167867170064,22.447331382134195],[103.58836415675803,22.43615622503299],[103.5876317344217,22.429398488908728],[103.60355428112497,22.42438216112809],[103.60364583326752,22.41044897859483],[103.62719777393784,22.396246859415864],[103.64511922169588,22.404274890552603],[103.70283559085843,22.406369158147665],[103.72963765468073,22.41552443074261],[103.74560239722723,22.4081768476571],[103.76398328275006,22.38800861488606],[103.76653743401354,22.355179416845257],[103.7789360735191,22.349049760508635],[103.78036397763529,22.339097969248737],[103.76902488780775,22.3340811797872],[103.7702389568416,22.325620553973476],[103.7611465609778,22.313775440302194],[103.77331140260657,22.30435922536048],[103.79095097180013,22.300184246749478],[103.82522681445096,22.270018377939042],[103.84131560365068,22.241163310590125],[103.84119801390082,22.225668991185103],[103.84937477884976,22.221332879810344],[103.8567735094896,22.20650120364996],[103.8692258487091,22.200990918387603],[103.8662732370516,22.179482536130205],[103.88696898811186,22.174544456985124],[103.91313327625504,22.14512089290192],[103.9381261115337,22.139798097899575],[103.9368062257608,22.119221619685497],[103.94432117907157,22.10596745359801],[103.93860676242538,22.08285038712428],[103.95372059160181,22.061909604976773],[103.95706226600458,22.041233945376636],[103.95323230926698,22.027138638404086],[103.9654393403942,22.01137249394464],[103.955818673364,22.000773357427583],[103.98500873600682,21.96700947008741],[103.96958972931614,21.95751468795726],[103.96060230203767,21.935501977884854],[103.94300891676932,21.917704507561638],[103.91963245244055,21.93220035777945],[103.90558673752747,21.921048090059614],[103.89264728402702,21.92035381549987],[103.88642932675528,21.90748493429321],[103.88925983168535,21.86612217012155],[103.92014361926365,21.836731832852184],[103.9173970376056,21.829556387447095],[103.94470263989895,21.810038487049184],[103.95295764423294,21.7962559853328],[103.9517064232362,21.789963642473996],[103.96685840110207,21.770884432613407],[103.96395160025904,21.75872699177489],[103.95278216682475,21.755274690882533],[103.95312548853612,21.740897096880506],[103.943184387647,21.743447222001834],[103.93828631686092,21.738686480042666],[103.92825366270012,21.74263850656612],[103.91545916862647,21.73457995838185],[103.9144597166477,21.714590944334777],[103.92178393523871,21.707623399278024],[103.9220572885671,21.700639669816706],[103.93808032143086,21.690581237886196],[103.93729449386858,21.6698254695273],[103.96544695910315,21.66891947903416],[103.97008563019914,21.664236937008877],[103.98511553879601,21.677943144832312],[104.00052691568305,21.674540433926804],[104.00630999678408,21.666298780192506],[104.02764941300363,21.67216769102494],[104.04771472046647,21.658276469791613],[104.09220934930744,21.642582804002462],[104.15739489692496,21.655808358261847],[104.17418719350071,21.648737816364072],[104.1950078117648,21.64808359441507],[104.21491290296197,21.672209648501006],[104.23197985865858,21.67305841778281],[104.25422717301701,21.671036628325623],[104.25991107178554,21.663882162636305],[104.28790331959861,21.66149797577567],[104.29677630514138,21.65296640543177],[104.31599475007636,21.65666475376567],[104.33702899178088,21.653670215630264],[104.33801318348009,21.639693164396473],[104.33048296973928,21.63787546092302],[104.31632281336526,21.6173638336668],[104.28797198273449,21.598523043696687],[104.29780627157255,21.57128419583612],[104.28874255048031,21.56891336221258],[104.27695513509505,21.551216982415244],[104.29336596205778,21.52469148285087],[104.2950825758204,21.51038445984895],[104.28411150530296,21.491553206242948],[104.28197527473394,21.47206391795045],[104.28848314686026,21.462555784847364],[104.3004307793361,21.457575696313267],[104.29847002457271,21.44012726993914],[104.303612236432,21.433827297821466],[104.3190465010303,21.42876137964726],[104.33087969140932,21.408966913005585],[104.33898973806657,21.408512965038515],[104.34776354230293,21.41834534677518],[104.36990404474024,21.39864243339746],[104.38907671319649,21.401017082844852],[104.41764116572648,21.38076103868267],[104.4199299835288,21.362553487998685],[104.42984819638505,21.354531179386615],[104.44399309361837,21.3575600478907],[104.47358751588862,21.35173881891871],[104.4850850135503,21.36571968569496],[104.50389910099246,21.376305470602478],[104.52893877493003,21.413044820052498],[104.5785603566565,21.40881622687009],[104.58384752765195,21.42026222616431],[104.59059954188825,21.422591098528134],[104.60510302041874,21.416350253215512],[104.6162648246761,21.401564485314957],[104.63597917917866,21.388918763739706],[104.67112017063076,21.37597740209493],[104.68556261426077,21.377087477580634],[104.68943071860105,21.398056869413846],[104.70311785233564,21.40585029636749],[104.71442461496065,21.400008087100975],[104.7351765689376,21.404530410789036],[104.73450518081054,21.381472471782427],[104.74796343248761,21.367783429414967],[104.74877214771233,21.352480771191246],[104.76815843928776,21.346768261108412],[104.76790666807715,21.331684947865018],[104.7760319748367,21.326683878189318],[104.79462480897512,21.335152506092918],[104.80418443955644,21.331026910662406],[104.82000780498636,21.338335870491584],[104.84685564448105,21.338023065151653],[104.849770073339,21.339527962840304],[104.84450579096873,21.35162055415813],[104.85469866228513,21.354508279744863],[104.85354662412445,21.364582895720623],[104.86349535370204,21.364828943414466],[104.87262010973865,21.34885108242593],[104.88221788892652,21.342347022723988],[104.89802599322178,21.346333382080115],[104.89897203917957,21.355614541614624],[104.88402605539252,21.3724488012202],[104.88264513549616,21.389765619757597],[104.89556932981463,21.395661233776256],[104.90747118675317,21.41395079997508],[104.90567064929678,21.426928402066693],[104.91082049177126,21.432236552465127],[104.91166735475701,21.447577358737416],[104.89289141591615,21.47900665085751],[104.88261462170244,21.508238677583304],[104.88531542843376,21.52140892017885],[104.88164568898033,21.53047073383792],[104.86848498375802,21.54213607916757],[104.86783648588582,21.548731690148713],[104.87162066630495,21.554898148610977],[104.89720965496629,21.563416366914797],[104.89360095253973,21.604319460798482],[104.88806201322485,21.612797625829614],[104.90500689736777,21.609282382192138],[104.90705920551012,21.631239780125235],[104.93401385724594,21.642556079093243],[104.93779040756516,21.65128792163582],[104.95417834716444,21.659598239261353],[104.97106982621897,21.64699829341112],[104.97300006317874,21.65655220304746],[104.98526813087577,21.661238559215498],[104.98642779944387,21.667946704377954],[104.98043109440965,21.671723254706773],[105.00129748800795,21.680619128087162],[105.00228168041242,21.68821991218869],[105.01760150585298,21.68781936951521],[105.03225757206457,21.70116127296144],[105.05430652303922,21.68627250898191],[105.06079150806288,21.68937004349668],[105.07215930590748,21.68221748487688],[105.08981372468062,21.68279541093231],[105.09412433282165,21.678303604577458],[105.09873248677881,21.682244186486027],[105.09623767533691,21.698923951336965],[105.08700610881293,21.70192230405809],[105.09117175792947,21.71371353350093],[105.08388568644475,21.723645099232517],[105.07570697564203,21.724148638668463],[105.07652332152323,21.73479736666401],[105.05761005137302,21.746668705391183],[105.07523395458846,21.75997627646199],[105.08090259509102,21.770722279953766],[105.07289629341277,21.78248614185646],[105.0827183915102,21.791550527484162],[105.08815814995478,21.80651177012017],[105.10032484400126,21.812040750620675],[105.09892322640711,21.815701376212306],[105.08892109052482,21.82817353016124],[105.07459308734,21.833237540269774],[105.0587468349955,21.85804070376807],[105.04505970083265,21.86555565843489],[105.03753711847871,21.890299693069654],[105.01364948471497,21.900006191672837],[105.02160694455725,21.916130917195094],[105.01953174923062,21.93383492774498],[105.00901844370908,21.93666924821432],[104.99754383385336,21.928654568922102],[104.98651173016093,21.936425107781247],[104.99507191200743,21.960484404525978],[104.99252369397232,21.97202767904121],[104.99984028383543,21.987948318420663],[104.99073078634494,21.99368943831755],[104.98972370719645,22.00220575030681],[104.9964223155507,22.01483812097524],[104.99226429506152,22.020350358689676],[104.99684956245915,22.04398813043503],[104.97194721892592,22.04015626849068],[104.961853529212,22.029297732350663],[104.94652607582886,22.035645389063404],[104.94158985836151,22.052334690835774],[104.93523457228723,22.058312321031725],[104.90251972869164,22.06416406773163],[104.89519551047704,22.07182207292343],[104.88300373773994,22.071982290480477],[104.87376454107708,22.080267814279587],[104.87174275207606,22.090662864320493],[104.86476948531678,22.0975388561802],[104.85959675736741,22.128523736022377],[104.86180928204368,22.147961527078117],[104.8540272998783,22.157347590666554],[104.85546162587912,22.17021647256963],[104.84925129964233,22.18373003789996],[104.83221486137343,22.179022701261],[104.81937459047127,22.185179623899316],[104.81077626250026,22.172736079960092],[104.7820821088473,22.1721409885852],[104.77643635679439,22.16579714702317],[104.76417591962608,22.16936198228327],[104.75733998257967,22.173081311490645],[104.75539448692793,22.184645567557094],[104.74089863856747,22.185711775709255],[104.7341618828918,22.197750960842892],[104.72966816944086,22.196110641217494],[104.72347310171618,22.202593719327783],[104.72053578528701,22.21439830024925],[104.72977498133208,22.225462830249647],[104.72331288491547,22.25612727599732],[104.7044225043125,22.263962664337413],[104.68570760035274,22.26153079539454],[104.66806844027123,22.276789586241343],[104.66227772896912,22.273354450640376],[104.65152791228734,22.27988330577173],[104.64281514394332,22.27711383586036],[104.61411336196824,22.291327398930743],[104.60497334776338,22.28922550096338],[104.58966115171515,22.26933757543407],[104.58552601932685,22.251027029013326],[104.55149128976913,22.242234151417044],[104.54280141129044,22.277024192144584],[104.56361439969167,22.288092536390263],[104.57915547732175,22.303931160292017],[104.57804921436983,22.31621067056089],[104.56558278471024,22.329974099809043],[104.57965356865536,22.34402335742048],[104.5794453953212,22.35028927008829],[104.56932881704095,22.355378076226042],[104.55529073193446,22.35341541591072],[104.54690602731975,22.36247722901637],[104.55403188175168,22.374079631071133],[104.54835561281027,22.38116352419315],[104.49607900240079,22.40689556729795],[104.49093679056593,22.419743467542027],[104.46618703512848,22.42496960457759],[104.44955495526659,22.44887822099804],[104.44860891094538,22.458968095075274],[104.47238210449673,22.482365541301007],[104.47045949807594,22.48947804462953],[104.45510152719618,22.494976931652413],[104.44026998412554,22.50745099253125],[104.43396047506276,22.52291386818185],[104.41490987631998,22.52771085083966],[104.42314199472516,22.549714024872507],[104.42496542036469,22.57242482617362],[104.46630910939554,22.57515614780325],[104.46389822107277,22.597908910839436],[104.45914510949777,22.60365003041944],[104.46221212582651,22.61285108064496],[104.4338002605375,22.620812354620575],[104.4142995284145,22.63594526114134],[104.40648702956554,22.653723657783267],[104.41066793746316,22.658690393364207],[104.39954428119151,22.678751887641024],[104.36142019614874,22.673155727875752],[104.33574728435744,22.689108792300924],[104.3413014831862,22.703585569366638],[104.33954672264579,22.722351972993323],[104.32155661172467,22.731461470533095],[104.30318502956499,22.730071013690196],[104.27134756574348,22.741311021480385],[104.26972250525598,22.754664368738165],[104.25920919969423,22.765164324187324],[104.25516562051213,22.776966997629486],[104.27096609906422,22.82699866114991],[104.26667074941138,22.84031958472658],[104.25759177070006,22.844714116652042],[104.25204520000962,22.840546559754763],[104.24143271174069,22.843848180608973],[104.2199788551881,22.828692389080754],[104.21484427141125,22.83147139589178],[104.19036917404236,22.82071013509451],[104.18274740925641,22.825556707249593],[104.17388968238744,22.820328665264007],[104.16386465769261,22.82164664364247],[104.1519475425751,22.809853506443144],[104.13404135361156,22.804644537593088],[104.12863211306691,22.81272406690559],[104.11494497853938,22.81168074787431],[104.0950093703458,22.789261771553747],[104.08909658978412,22.772170019409558],[104.06578878813,22.757315588267222],[104.03928427090676,22.723702383225785],[104.02793173089917,22.690913152382258],[104.03987936272881,22.678538273142415],[104.0324178141266,22.663563678746982],[104.02688650213112,22.616217562071835],[104.01384023646462,22.580189651982526],[104.005425014086,22.575819916783747],[104.01640371253282,22.564049667454785],[104.00991872660663,22.56269163556446],[104.01471761508625,22.550745910454296],[104.00569204198425,22.54001325961099],[104.01254323723013,22.523545211280492],[104.00605062209928,22.517065947458555],[103.99012807656622,22.519358580411843],[103.97705892246685,22.506825392636767],[103.96765188031107,22.51116079696739],[103.96140340526152,22.5064725340082],[103.94451955526839,22.525629944425006],[103.93369344507107,22.526959366956717],[103.92511037690554,22.53964895817653],[103.91967824786914,22.53388876481974],[103.91372731946332,22.53592772127402],[103.91497854120959,22.544033952789903],[103.88929799955844,22.570031116009567],[103.88369039456661,22.564558932825705],[103.87567953005578,22.566433856656964],[103.8609013927995,22.587035130926743],[103.82590536163282,22.615717840775446],[103.81205038188497,22.64116378035535],[103.78256277233861,22.669569925843376],[103.76853994592175,22.69023032751344],[103.75016073491527,22.688647228795336],[103.73812154970598,22.70208831468853],[103.7386098311956,22.712075192364782],[103.72658590684142,22.724125821103915],[103.7025838315436,22.744942625516234],[103.68524221822162,22.75258155870687],[103.68144277974481,22.76297660901984],[103.6678471989261,22.76891609284964],[103.66107229787987,22.788123094169336],[103.64189199903741,22.792456590685877],[103.64048819019096,22.797930682412098],[103.63575796608806,22.79197593914411],[103.6378026436142,22.787247621746527],[103.63058523644504,22.787589037611664],[103.63137106450372,22.790707552763624],[103.61915640316737,22.786133731356784],[103.61988882471985,22.776446307092474],[103.60997061123929,22.765231096814695],[103.60988668862221,22.75642868228941],[103.60446218841601,22.749686205078294],[103.59809164432895,22.749524080696027],[103.59695486400494,22.742548906032727],[103.58354238842705,22.73249336381193],[103.58232168399859,22.724616013921775],[103.564957182,22.706643067761537],[103.56547598065708,22.687132798197258],[103.579582730748,22.665234527045836],[103.57148794246746,22.64397140438281],[103.5539250758815,22.637663802354353],[103.54568532944624,22.612786253006693],[103.5303655046122,22.594796140646856]]]},"id":"lao-cai"},{"type":"Feature","properties":{"slug":"tuyen-quang","name":"Tuyên Quang","region":"bac","isCity":false,"merged":["Hà Giang"]},"geometry":{"type":"Polygon","coordinates":[[[104.33433584614086,22.690749112331115],[104.36142019614874,22.673155727875752],[104.39839987081733,22.680500926743832],[104.4104390552121,22.65935987302592],[104.40589193603506,22.65414899628254],[104.4142995284145,22.63594526114134],[104.43760732802889,22.61895078293134],[104.46221212580933,22.61317533086014],[104.45904592749281,22.604626593206714],[104.46373800370287,22.598353323018383],[104.46630910939554,22.57515614780325],[104.42495779158148,22.57357877190389],[104.42364553457942,22.551909383747674],[104.41490987631998,22.52771085083966],[104.43322805310798,22.522936756004146],[104.44026998412554,22.50745099253125],[104.47097066696384,22.488873414823853],[104.46363118920887,22.472014360569442],[104.4485402461923,22.45789616469731],[104.45022634156123,22.447716644510262],[104.46701100857176,22.424296309805474],[104.48828176103846,22.420298506953124],[104.4967351304111,22.40581600766864],[104.50850728557874,22.403931546645257],[104.53046468279308,22.387186931181684],[104.548744712461,22.38088314377478],[104.55365041289424,22.37257091843842],[104.54777577857155,22.359400676338044],[104.55529073193446,22.35341541591072],[104.5685811373654,22.355523035706767],[104.58051351001194,22.34878437187199],[104.56478932805929,22.331250115096314],[104.57804921436983,22.31621067056089],[104.57915547732175,22.303931160292017],[104.55889180438001,22.284081381647127],[104.5432820625559,22.277600211882742],[104.55207112371701,22.241787831983313],[104.58552601932685,22.251027029013326],[104.58637288270488,22.264628332652006],[104.60726979550059,22.291279715115095],[104.62892964654863,22.28710834284271],[104.64209035169372,22.27682391841371],[104.6488881423706,22.280165593212953],[104.6604543043202,22.27351085288455],[104.66934254851704,22.276631276038806],[104.68419697994524,22.262135424972],[104.71726277518829,22.2607545039135],[104.72396138374734,22.254956163665245],[104.72968342912934,22.234944260750904],[104.72977498133208,22.225462830249647],[104.72053578466556,22.21478358502904],[104.7242741875742,22.199717437829136],[104.73801472783892,22.19311801095776],[104.73993733468127,22.18692675633394],[104.7541508964995,22.186697874626805],[104.75577595669068,22.175295744083506],[104.76238301255721,22.170254621258884],[104.77771046622534,22.16567316914724],[104.7820821088473,22.1721409885852],[104.81352284380692,22.17321863939283],[104.81888630990586,22.18408861986763],[104.82981923125925,22.17750254505768],[104.84819081367736,22.185068996973882],[104.85514119096118,22.170454889992396],[104.85404255929774,22.157729059660873],[104.86359456066569,22.142058282456365],[104.85966542088343,22.128889947001447],[104.86476948531678,22.0975388561802],[104.88160755821708,22.073758032364477],[104.89651539521616,22.071186926590016],[104.90296223314638,22.063847447960224],[104.91092732174498,22.06501093065005],[104.91811421148954,22.058733845608394],[104.92810871842192,22.06171312444279],[104.93473103231581,22.058611775062673],[104.94586994763175,22.036974810478668],[104.961853529212,22.029297732350663],[104.97352650340939,22.0408181184395],[104.99711659149654,22.043707750356326],[104.99222614820681,22.019173525270748],[104.99514820651719,22.013155839379976],[104.98974659549543,22.003027817542637],[104.99073078634494,21.99368943831755],[104.99984028383543,21.987948318420663],[104.99292042249188,21.9733780820792],[104.99533131041318,21.961781401741533],[104.98651173016093,21.936425107781247],[104.99754383385336,21.928654568922102],[105.00901844370908,21.93666924821432],[105.01921131541447,21.9357136661244],[105.02208759641145,21.917235272179543],[105.01398517881974,21.89893616838181],[105.01845600367041,21.894135372005984],[105.03601887022775,21.89178551791332],[105.04576160626279,21.863936319454517],[105.05926563446873,21.856694115512344],[105.07720234022742,21.830235374110803],[105.08859302596845,21.828352820576033],[105.10032703375673,21.812041173790412],[105.08886005411604,21.807268987856677],[105.0827183915102,21.791550527484162],[105.07142688688579,21.780613790334165],[105.0806966008222,21.772072682308842],[105.07508899510108,21.758757481787285],[105.05761005199123,21.748562702661804],[105.07552387081839,21.735936053679918],[105.07592822808384,21.72352875043119],[105.08425189728848,21.72310150410158],[105.0861134686592,21.71817672996263],[105.10192920426371,21.71780098130795],[105.10875751178028,21.70659721554456],[105.12369586694568,21.70455444412098],[105.13204242472767,21.69732559256234],[105.14914752644239,21.70018280045132],[105.15553332905104,21.683461074936567],[105.17655994211455,21.687336806153233],[105.20519305826174,21.662493588220865],[105.23536731398265,21.656815410606505],[105.23837329445062,21.64559257128447],[105.22483874820082,21.630097270314387],[105.23166705646577,21.619753718361494],[105.24796344270842,21.613175271953786],[105.25146533430065,21.60349738508794],[105.24382068136073,21.5974587184259],[105.24851275835374,21.585385200796498],[105.27472735783714,21.55788313989116],[105.26856280640155,21.544775838792873],[105.29607440274796,21.534722204373455],[105.29508258135172,21.519728535170216],[105.30398608408267,21.50816427960613],[105.3185048226566,21.513247363240957],[105.33803607210777,21.504143587669212],[105.3437504890487,21.51788603552214],[105.37188769596018,21.524483553316763],[105.3863606576496,21.519841067438737],[105.39096881181257,21.511277070472882],[105.41052294990605,21.512814393266474],[105.42250872893382,21.49857794244579],[105.44026232977504,21.509890427332394],[105.45378924681937,21.510533202673862],[105.45891619995719,21.518660416631654],[105.46924640049377,21.517895568948113],[105.47297717506034,21.522522796807337],[105.48833514597068,21.518135894357737],[105.49358416951176,21.526984084420462],[105.5210118428645,21.534830916046502],[105.54251147887425,21.573836196925846],[105.5254674111965,21.58511435009967],[105.49659778277132,21.618426196261765],[105.50004626996098,21.632058018055876],[105.49012042737155,21.644352787861642],[105.47926380001196,21.674111242562955],[105.4879613105883,21.68716322962201],[105.47764636891029,21.6960190497636],[105.4887852852477,21.702797766523044],[105.50379993528871,21.72899329370578],[105.51531832281198,21.73592379793702],[105.50952198139822,21.748585579048722],[105.52579548066404,21.767815468915565],[105.51655628399335,21.774014352085256],[105.50030567310463,21.770510553156665],[105.49489643186936,21.774237512395008],[105.49794056187926,21.793087840628104],[105.49391987183601,21.82570731755478],[105.49680378342764,21.831910015564254],[105.50524952350146,21.832735897944612],[105.51772358322886,21.82793891506805],[105.52841999385537,21.837193370545204],[105.52795460221635,21.85429084488142],[105.51857829822899,21.877028608641563],[105.52053883101418,21.884314420216786],[105.5413583516182,21.890334473527524],[105.54655506713009,21.89622390502301],[105.54490711876038,21.90298164174464],[105.55365040498944,21.911856536269028],[105.54920246905867,21.94711196904867],[105.55466511524457,21.95586288471499],[105.551933791984,21.96256149427004],[105.5337834623405,21.967270738541494],[105.52549031107424,21.98073089787159],[105.50531819180051,21.992188342219468],[105.50582936235331,22.007716067791467],[105.49575093226764,22.009734043359956],[105.4875188163092,22.04754913876342],[105.47507527322803,22.058222663049094],[105.4737019823685,22.067957770032248],[105.46440175174578,22.07387055176805],[105.47343495562859,22.095351112895816],[105.46439412306091,22.105217827997844],[105.4629063914324,22.114331140011178],[105.47598317302598,22.12819756432753],[105.4772267654804,22.139778985934825],[105.49330190044232,22.157217875358068],[105.47747853632885,22.16337288976563],[105.46834615015541,22.16206444939975],[105.45944264847903,22.189749615205425],[105.4511342368715,22.190153973275702],[105.43112233668461,22.21627320690705],[105.44098714406535,22.234314818758513],[105.436859641231,22.23890771433034],[105.43565419789621,22.258776565856977],[105.45348409287102,22.26798333729739],[105.46446279244155,22.26581086760179],[105.47277883258727,22.27281083667552],[105.46052602439651,22.283057114570354],[105.49090627462165,22.293410203001237],[105.47886709100136,22.30833139149263],[105.48188833073267,22.316183945697563],[105.49752095954803,22.31999673590923],[105.49788717208368,22.34255876397427],[105.51374105424516,22.347943208709335],[105.51828817459887,22.400393390375026],[105.53564504797235,22.4076985362619],[105.55978445209426,22.40240182855473],[105.56489614602938,22.408587359600045],[105.56974081170902,22.417750263287854],[105.55433295443255,22.411528932543646],[105.5494237345498,22.436272526934637],[105.5552831097737,22.438483144560696],[105.5592275073098,22.46023645636139],[105.59832052643097,22.489027883078954],[105.59206442323517,22.5070008312405],[105.59788565085601,22.52064218850025],[105.58538870362896,22.552418618127685],[105.57346396061385,22.561695962898302],[105.5633473827009,22.56021776773388],[105.55880026429607,22.572806270068888],[105.55181173958377,22.576031596148084],[105.54671530397047,22.587105662417052],[105.54754690807127,22.60030451660573],[105.52941183708651,22.61881152088522],[105.5317845798529,22.631535443524342],[105.51409964326217,22.636568938628624],[105.49882669363662,22.63371596649322],[105.49368338415665,22.644978439491908],[105.49720053506114,22.65847865231798],[105.48764853397243,22.672207749423546],[105.50222830753198,22.6972645892498],[105.47778372748067,22.716181673594146],[105.47853140872039,22.737833896008134],[105.46965842245734,22.74884120570947],[105.47097067874053,22.753802219899846],[105.44929556881556,22.760003011260846],[105.4442449097669,22.771876257608284],[105.42601828756739,22.77616779246664],[105.42284445864715,22.784293097453176],[105.39585166142517,22.797303123693865],[105.38726859331632,22.809760018187333],[105.35651450271114,22.816725656410895],[105.34944205528335,22.813513681393868],[105.34173636577282,22.829474376441375],[105.32771353908703,22.833310054583002],[105.32463889328281,22.843142436748472],[105.29985862100862,22.85613720455199],[105.28224234847377,22.85602467059149],[105.26645713089212,22.866084028475797],[105.26816611619296,22.879898954825276],[105.3023686911009,22.875922131938218],[105.30715232333971,22.911990095883095],[105.32301383422507,22.916582992557885],[105.3347249564413,22.933659484963083],[105.35649161801068,22.93600743060805],[105.3622518114166,22.94086544767073],[105.36151939062168,22.979275635605212],[105.37522178351834,22.990218095304712],[105.39869743093534,22.99151127664558],[105.41382652009737,22.995669296783916],[105.4178929870406,23.001238754679076],[105.4253469060475,22.99879544122924],[105.44136863451405,23.00383846971713],[105.44969993300724,22.999930313186187],[105.48868613979496,23.010889936999572],[105.49427848654548,23.03290837138371],[105.50310569636886,23.041369370719735],[105.50791221636683,23.05916684056597],[105.51921897867051,23.074110917367264],[105.51743370097378,23.08260624845874],[105.52727562029837,23.108117037520724],[105.55245262326048,23.11135190010488],[105.56296592850482,23.119612627052327],[105.55974632462399,23.12784093008529],[105.57392936897162,23.161032611821366],[105.5607610346453,23.168393070446633],[105.55339104009394,23.18697064691882],[105.54190117198027,23.19422620211045],[105.52684837712356,23.18860333889692],[105.49810844841517,23.203772482832555],[105.49151665094129,23.220944344382293],[105.49296623673062,23.232270180668483],[105.48696190279986,23.234253823765997],[105.45078331424176,23.2781934162278],[105.43907219473256,23.300930919992435],[105.42811638423647,23.30122274604774],[105.42843681860623,23.290343228050602],[105.4172063499072,23.285380306946692],[105.38612419717523,23.31444258009831],[105.38081413772375,23.31237501391479],[105.37164360632272,23.31853002838555],[105.35236412655921,23.343722290797277],[105.34766442015321,23.37000937122683],[105.32211357895041,23.392432162988232],[105.28834587708093,23.359251925097904],[105.28385979230104,23.342303224164578],[105.25971275899231,23.343110034028136],[105.25289970894738,23.337151476795555],[105.2498860983138,23.33197683930237],[105.25821739627557,23.31559271367807],[105.25041252686714,23.309565491741516],[105.24763542626552,23.291588731026433],[105.2356725348427,23.287560409849643],[105.24228722048913,23.277098602572774],[105.23460441931938,23.261633818992323],[105.22810417521238,23.26146597303329],[105.22124534928872,23.27078337153962],[105.21128136066754,23.26760000660467],[105.19879967135647,23.274201340774294],[105.19738060341669,23.28019423104681],[105.18184715680702,23.278372713287233],[105.17978722097048,23.287262865514535],[105.1718526501,23.289271303809393],[105.15603691371084,23.267163224729842],[105.1353917726347,23.256525942361737],[105.12594658191962,23.257105776012118],[105.1114965085984,23.246556230313995],[105.09942680646272,23.247450777591617],[105.10211235325303,23.256628939462566],[105.08132988282166,23.266600558699707],[105.05036979881247,23.24713606560403],[105.02562767227619,23.220128008693543],[105.00280052309733,23.216174075086894],[104.99436241270553,23.202597566765924],[104.98692375293271,23.20060629564847],[104.98157554765699,23.205151507207983],[104.96259361327813,23.200869510692073],[104.94773155154678,23.168009706397083],[104.95153099032328,23.163201280378477],[104.94756370519663,23.150822587588593],[104.92888694694366,23.156519838508448],[104.92250877304025,23.168230959779873],[104.91638999897289,23.169434497411334],[104.91717582619557,23.175978610797518],[104.90845542882809,23.18082518348622],[104.89395957962904,23.17792410691169],[104.8810277554621,23.163159321187038],[104.88185172990015,23.144946048390914],[104.87641959972663,23.126654573440163],[104.86257987810646,23.123780199774853],[104.85780387696484,23.128844211076775],[104.83939414782432,23.111716220042467],[104.83161979477559,23.1157445400557],[104.82661491113109,23.107987352662715],[104.82125144726932,23.11797232318795],[104.80127006315485,23.115651081097187],[104.80662589744242,23.084073015187798],[104.81618552814878,23.076550431537356],[104.81240897822447,23.07153028982462],[104.81416373811399,23.059004730708818],[104.82012992477182,23.055668777659182],[104.81991630101129,23.03826803661813],[104.82828574757346,23.024527495866767],[104.82917075576974,22.999245588005035],[104.83603721147334,22.997609083283688],[104.83712821442793,22.985762540880387],[104.8617253815338,22.975592556956123],[104.86426596912536,22.945805491860288],[104.84584861090231,22.932995738253776],[104.8391042254388,22.921406687417853],[104.81976371059932,22.923304499222848],[104.79029135870145,22.90523046456722],[104.77766471048348,22.905192317786906],[104.75680594444773,22.860184610976766],[104.73642020226725,22.8582677247878],[104.72439627590187,22.849772394795483],[104.73307852721892,22.84053510452438],[104.73533682765297,22.82795041773141],[104.73190360004581,22.822890222042],[104.72275595618122,22.82021611872973],[104.7008138175726,22.82613080752742],[104.6723866929753,22.817330302243153],[104.65461783349923,22.834397258035096],[104.63186697802907,22.83555311217235],[104.6213841903917,22.845427456421536],[104.61809592093472,22.83451551512907],[104.62336020391693,22.827885570617397],[104.62085776157414,22.82208723012048],[104.61864523742626,22.824204387615385],[104.61356406106033,22.816399517500358],[104.59827475355563,22.81677526491893],[104.60440115845714,22.830222072506523],[104.59841208389585,22.846579495739082],[104.57781271845008,22.853476469835655],[104.5691533548453,22.84409994360536],[104.54735617467024,22.840128843961686],[104.5525517934081,22.835423414580557],[104.52994589650154,22.820025387806847],[104.52629141564648,22.806225720758647],[104.51945547818121,22.802466336607143],[104.51369528550217,22.789803448092684],[104.49928335801447,22.786448422261344],[104.49729971584057,22.779499951682187],[104.46917776614407,22.756962720179494],[104.42261557213276,22.737408581139636],[104.40877584902805,22.72519010636001],[104.3979726259455,22.701386394498847],[104.38853506519122,22.704304639301295],[104.37809805322475,22.692055645669182],[104.368477386236,22.688895168790623],[104.35244039931946,22.69240850517744],[104.34274343857321,22.708928053385424],[104.33433584614086,22.690749112331115]]]},"id":"tuyen-quang"},{"type":"Feature","properties":{"slug":"cao-bang","name":"Cao Bằng","region":"bac","isCity":false,"merged":[]},"geometry":{"type":"MultiPolygon","coordinates":[[[[105.80161337440359,22.526261233119918],[105.785782382345,22.55128946356059],[105.77232413004657,22.549647236696647],[105.76911978436193,22.554993535519042],[105.77159170835286,22.56635370369862],[105.778839633585,22.57176866700636],[105.77657370378607,22.57800760427839],[105.76605276771373,22.5888718631151],[105.75139670170786,22.586039450741477],[105.74665884853327,22.597477820699947],[105.75344900925549,22.608435538593227],[105.74028067543013,22.62646952115107],[105.72816519563017,22.631054788707424],[105.73126273053747,22.64115992165076],[105.73945670056533,22.642651467780762],[105.74929099126513,22.662995249266455],[105.7753453735615,22.689875513688545],[105.75691275722221,22.70093622995589],[105.75242667317103,22.71351328740423],[105.75854544737066,22.725302609772385],[105.7490239641791,22.72948733200307],[105.74046378287747,22.74119463838896],[105.72860007540874,22.739647779957924],[105.72214560716145,22.73138133095214],[105.71197562374904,22.73299685517052],[105.70082144845644,22.719220075647282],[105.69667105820467,22.72889224111401],[105.68833975872181,22.71853342972811],[105.67340903377263,22.72505274857644],[105.66323905117102,22.72269145092294],[105.64849143010096,22.69846812321892],[105.62391715021452,22.700171385370616],[105.6001821041514,22.6866520988169],[105.60278372748296,22.668501767622214],[105.56565146340452,22.666327391175916],[105.56131033750876,22.65786066997761],[105.54704336982067,22.65599909885858],[105.53739218481434,22.633448514915482],[105.49882669363662,22.63371596649322],[105.49368338415665,22.644978439491908],[105.49720053506114,22.65847865231798],[105.48764853397243,22.672207749423546],[105.50222830753198,22.6972645892498],[105.47778372748067,22.716181673594146],[105.47853140872039,22.737833896008134],[105.46965842245734,22.74884120570947],[105.47097067874053,22.753802219899846],[105.44929556881556,22.760003011260846],[105.4442449097669,22.771876257608284],[105.42601828756739,22.77616779246664],[105.42284445864715,22.784293097453176],[105.39585166142517,22.797303123693865],[105.38726859331632,22.809760018187333],[105.35651450271114,22.816725656410895],[105.34944205528335,22.813513681393868],[105.34173636577282,22.829474376441375],[105.32771353908703,22.833310054583002],[105.32463889328281,22.843142436748472],[105.29985862100862,22.85613720455199],[105.28224234847377,22.85602467059149],[105.26645713089212,22.866084028475797],[105.26816611619296,22.879898954825276],[105.3023686911009,22.875922131938218],[105.30715232333971,22.911990095883095],[105.32301383422507,22.916582992557885],[105.3347249564413,22.933659484963083],[105.35649161801068,22.93600743060805],[105.3622518114166,22.94086544767073],[105.36151939062168,22.979275635605212],[105.37522178351834,22.990218095304712],[105.39869743093534,22.99151127664558],[105.41382652009737,22.995669296783916],[105.4178929870406,23.001238754679076],[105.4253469060475,22.99879544122924],[105.44136863451405,23.00383846971713],[105.44969993300724,22.999930313186187],[105.48868613979496,23.010889936999572],[105.49427848654548,23.03290837138371],[105.50310569636886,23.041369370719735],[105.50791221636683,23.05916684056597],[105.51921897867051,23.074110917367264],[105.51743370097378,23.08260624845874],[105.53016716035867,23.10971348887345],[105.54930931216784,23.110342913129212],[105.56296592850482,23.119612627052327],[105.56653648487604,23.101321153132226],[105.55999809290847,23.088025025074426],[105.58216911247685,23.067936828745758],[105.60231834428033,23.07665913346918],[105.61762290992948,23.067282607032936],[105.63868003906074,23.081099441335777],[105.66128593537488,23.073119093284312],[105.67482811001645,23.06224529713944],[105.71156364552401,23.062537121529537],[105.70883995133359,23.07039730514695],[105.72126823520333,23.064209865619947],[105.72496086252897,23.054293559678154],[105.73078971960466,23.054749415727237],[105.72779136689078,23.04301731424132],[105.73156791696158,23.03785412132542],[105.77933555591223,23.02338497293427],[105.8064427943376,22.99075405060902],[105.8171163172493,22.990441245603883],[105.82425743002455,22.996598166230932],[105.83702903713909,22.98765842324556],[105.84417777870628,22.97607318582249],[105.83838706886448,22.973164480106323],[105.84027915863011,22.970051686617303],[105.85490470800632,22.970183293803146],[105.84581046978225,22.95855037438195],[105.85420280338417,22.95118419293797],[105.85368400380747,22.94501773480452],[105.87253623768365,22.93299380807518],[105.87118583494289,22.922459521502734],[105.8781591017733,22.916586794446278],[105.8851857741666,22.918518937479092],[105.88345390195914,22.925337709976052],[105.89125114284492,22.938900866499132],[105.90905815060273,22.93973056306671],[105.92207389815924,22.946858324382053],[105.93898826460442,22.93861094832162],[105.95530753968713,22.938753998848465],[105.95732170032491,22.947638429682307],[105.96322685170705,22.950507081334635],[105.99646049430976,22.94132510444748],[106.00843864532534,22.969008363250065],[106.00293785173494,22.99205867253667],[106.01770073021106,22.989903368520803],[106.03447013920074,22.994913972688764],[106.04236656214245,22.99061099458328],[106.05394035495162,22.99616519377675],[106.05806022765873,22.991806901564136],[106.0857854485563,22.99975291583585],[106.0893636335707,22.994467652372307],[106.09617668279974,22.99577227879955],[106.10107475349213,22.9867142796302],[106.10703331110496,22.989806092354183],[106.11573845000308,22.985831177229564],[106.14576011805198,22.996447479858098],[106.1732030498789,22.98338023245449],[106.1848683945043,22.989209089965446],[106.19989830307725,22.986800108331206],[106.218201219283,22.965620907953046],[106.22399192941089,22.96510973898162],[106.22483879186954,22.95831385391178],[106.2345738999727,22.955054195636947],[106.2337880713461,22.944167049963916],[106.24029594551138,22.941988856290614],[106.24118095473752,22.935871989076258],[106.26429801969458,22.911555200046205],[106.2593312837402,22.897345451923695],[106.25069480903777,22.89479342045387],[106.25102287265949,22.89016809917752],[106.26180320772801,22.884966759334983],[106.25907951280841,22.878426460350468],[106.27198844834021,22.876194861510378],[106.27852684011197,22.869606879767066],[106.28721672038162,22.867983725419894],[106.29486900303066,22.875590232642285],[106.30385642921483,22.87326517404902],[106.30913596992674,22.865452673796952],[106.32674461390198,22.874810125937003],[106.34907585123285,22.855816746178583],[106.36177879329402,22.865172292248857],[106.36340385516131,22.878342534732145],[106.37480217059984,22.884102728132937],[106.41586357228007,22.87641038954802],[106.4121327988773,22.888773824618575],[106.42353874296143,22.892039204367453],[106.43283134571755,22.882296467563542],[106.44483238445208,22.89486398778405],[106.44661766231776,22.903288747308583],[106.45332390027865,22.903462315430048],[106.46244865572763,22.89562311135842],[106.46418815756815,22.90095224470356],[106.47259575034386,22.902624988808366],[106.47429710554235,22.910193348797907],[106.4865575426469,22.902010822381314],[106.4935384391175,22.907828235885738],[106.49924522603415,22.906697178370102],[106.50332695226467,22.914200687294215],[106.50025993586907,22.928816701274567],[106.50666099804126,22.931292439407713],[106.51175743344795,22.945969487550506],[106.5251317633854,22.948054219644746],[106.53163963673879,22.94048776734672],[106.54093223875628,22.942534351821283],[106.54255729997192,22.93130197554799],[106.56488090804534,22.91923036484718],[106.58799797408544,22.93247880832494],[106.6027837413336,22.928120516430745],[106.61512047082466,22.90253152602532],[106.63218742667152,22.886149307638973],[106.63847404731318,22.88595285071949],[106.6365666987553,22.877055069492076],[106.6526342027815,22.865891356339368],[106.66574913359399,22.875742812120418],[106.66938072509467,22.893149275676326],[106.6792073858749,22.887242217813174],[106.69139915744663,22.891638655359777],[106.70497185119866,22.888987441371153],[106.71736198791784,22.87821664213478],[106.71669822915463,22.87205018395826],[106.70731407479674,22.865404981262454],[106.71422630515431,22.85766686735545],[106.73663383758331,22.848194972400517],[106.75448661981774,22.831681147869766],[106.76789909567476,22.82721604441818],[106.76729637389052,22.811736001682743],[106.77271324376949,22.816513911010755],[106.78529411429366,22.81406487443645],[106.80902153179822,22.821061028985202],[106.82010704351774,22.81890381674326],[106.83646446504193,22.80530060604431],[106.81755882423154,22.771405111354927],[106.78466850321054,22.765952003150115],[106.78949027996167,22.761971366046954],[106.78786521869114,22.755251776605185],[106.76470237724064,22.741396795040973],[106.76981407176942,22.737269293359343],[106.76087242178895,22.73271835951611],[106.76543479866675,22.719557653177088],[106.77917533743938,22.70918930462856],[106.76506858762392,22.704464802558313],[106.7674794759842,22.702225574594177],[106.7585530845733,22.694329151196744],[106.75484519872188,22.69660461891812],[106.75289970178459,22.692265400323826],[106.76097923122879,22.68503654860583],[106.75801139666008,22.675635226838434],[106.7423558790294,22.670651324558456],[106.72223716463598,22.637896425670718],[106.72961478876503,22.632168657648265],[106.72420554727118,22.619646913262248],[106.7146764338488,22.61461723468337],[106.73042350343795,22.60224235590662],[106.72342734791145,22.587887649444735],[106.70888572148604,22.57799423245959],[106.69381003845339,22.584372406728036],[106.65309195921559,22.57543647852419],[106.63416343134185,22.591120607929696],[106.62984519466622,22.60547340774532],[106.60846000136294,22.601971515918404],[106.60396628830867,22.588238604537178],[106.60867362415172,22.580756075695735],[106.60089927090264,22.572335131263582],[106.60321860691259,22.56288612516923],[106.59896903364653,22.55124176195755],[106.59181266074138,22.550780183779665],[106.5908589864973,22.536171799958787],[106.5824666525838,22.52071655379204],[106.58451132913754,22.477408292494978],[106.57537894267145,22.469605329565404],[106.5744100098634,22.475640181289407],[106.57065634757055,22.47484100206149],[106.5571065423181,22.45854080095472],[106.55879263960331,22.447819592595728],[106.56744437209785,22.440440060156067],[106.56416373167265,22.4234188806401],[106.5353093609906,22.418883206079258],[106.51979117269656,22.397509456424388],[106.50328879115543,22.404597165041817],[106.49060873798524,22.401497723326045],[106.49269156246918,22.394484402562014],[106.48345999542596,22.390417934820665],[106.49023489665197,22.38473594269649],[106.4792943452362,22.379557491684437],[106.4893269990227,22.375586391787508],[106.48731283862213,22.36828696799891],[106.46699576147245,22.35949027663662],[106.45256857545455,22.356608272889087],[106.43624930095494,22.363470914228113],[106.42492727844125,22.358612896810147],[106.41497091877315,22.36933219710251],[106.39754538202918,22.37350928999877],[106.37882284764132,22.359469297138183],[106.361580414829,22.357085111282693],[106.3419957605511,22.373772506586143],[106.34438376109398,22.391747360086132],[106.33248953551194,22.402066116961997],[106.33048300461476,22.41180694784267],[106.31922964693946,22.407500153290677],[106.31221060403387,22.41054618959854],[106.29591421882344,22.42598617782096],[106.28682760950194,22.428080446935542],[106.27651266801014,22.448181995182065],[106.25921683057608,22.450550922379072],[106.24160055887943,22.460556874248482],[106.21530966497681,22.450755010965825],[106.20056967379672,22.431856999561184],[106.18598989955866,22.38872040215482],[106.17945913856028,22.390782245738617],[106.17724661388951,22.40092934060093],[106.16925863818632,22.40303505401778],[106.16812722165548,22.408844205828757],[106.15706686611188,22.409870992541595],[106.14121298367306,22.395365605427948],[106.12216238544495,22.402493367747507],[106.10479025288511,22.40149582501546],[106.09999136437433,22.413580786707485],[106.10170797892535,22.434672248768262],[106.09411673130471,22.445553673775578],[106.11962179804235,22.471817865040997],[106.11510519742744,22.485253228232228],[106.11912588918028,22.509703532105206],[106.10200552712628,22.51635445708323],[106.09556631837852,22.5305241507905],[106.10105948295022,22.535618678779688],[106.0928044781013,22.53627862178689],[106.09537558381297,22.546303646617485],[106.08674673953348,22.553097622650583],[106.07485251305647,22.55386819238041],[106.08190970337591,22.57317819121223],[106.06652668079879,22.569516582199146],[106.04863028486363,22.578064819302277],[106.04230551614535,22.565550704155356],[106.00586752825556,22.55489053301145],[106.00034384509156,22.547226805415338],[105.97123007618781,22.53680696105173],[105.95733694811412,22.523901839321923],[105.93314413795814,22.528155226998717],[105.92440085159572,22.521628280025872],[105.91284231797513,22.4971131272949],[105.90575461070851,22.49524011167353],[105.89490561134019,22.5089901883698],[105.86391501064085,22.520806215135917],[105.84132437330258,22.515021226947063],[105.83244375818565,22.517924211419892],[105.83326773253913,22.525402925531886],[105.82070974952453,22.520670793629083],[105.80161337440359,22.526261233119918]]]]},"id":"cao-bang"},{"type":"Feature","properties":{"slug":"lang-son","name":"Lạng Sơn","region":"bac","isCity":false,"merged":[]},"geometry":{"type":"MultiPolygon","coordinates":[[[[106.31140949075898,21.451826896179313],[106.30339099641324,21.44252475623341],[106.29926349444438,21.446383322794365],[106.29332019657743,21.44438251376333],[106.28817798518568,21.449786033626477],[106.29026843917026,21.45566448194864],[106.2841115165563,21.45232280702005],[106.2832265081849,21.47518619614416],[106.28781940430265,21.491301385138208],[106.2727284617024,21.49356350100338],[106.24602558034103,21.483860819345765],[106.23815204557137,21.49399837802724],[106.21379138862213,21.496294826443364],[106.16792346813297,21.513323636185024],[106.16896869839776,21.595108841390328],[106.18515064395515,21.604328965268753],[106.197601817079,21.620341157005182],[106.19471027616717,21.62674603435681],[106.19846393861395,21.63261303834626],[106.19095661438483,21.645062304242696],[106.22587635522528,21.679770327653404],[106.22454884054633,21.690361835030355],[106.23398640159621,21.703457691254894],[106.23783161738037,21.719073154967532],[106.22700550669573,21.731701710755946],[106.21184589887694,21.72806058323573],[106.19444325086631,21.741494040156734],[106.18335774034131,21.741341452788635],[106.16598560923431,21.75501332801658],[106.14916279462632,21.76131520892731],[106.13760426196276,21.784405573446953],[106.11289265345535,21.781414850766534],[106.10638477999537,21.790280207585116],[106.10611775137335,21.80469594917914],[106.09540608214245,21.818552838083285],[106.10600331180834,21.830710277878136],[106.10664418083762,21.840878354933903],[106.11753132650009,21.84346090413512],[106.11068013104229,21.85993467552627],[106.11743214535045,21.878352034876528],[106.11343434284612,21.890721190200146],[106.1294942194492,21.903023590008317],[106.1271138485142,21.910088408963748],[106.13155415640077,21.920063843147094],[106.09960225252847,21.936879030080135],[106.11118367342539,21.948511950177117],[106.1102605168617,21.951796404218914],[106.09956410534512,21.950911394562574],[106.09856465491843,21.95718275755564],[106.11111500914406,21.961935869084474],[106.11506703651104,21.97732817429604],[106.11454060825736,21.993206851289997],[106.10806325326533,21.997244708899583],[106.11019185442977,22.01651083920036],[106.09567311691475,22.035872335911037],[106.10242513185035,22.044087286045958],[106.10008290836885,22.071108695506428],[106.1078877786415,22.076245185619893],[106.11422780559734,22.072602149060025],[106.12091115536033,22.084200736207233],[106.15760091374686,22.083779211908112],[106.16244558076336,22.10205733411193],[106.18605855729822,22.1195095740253],[106.18264058853411,22.13095748217058],[106.19065908248793,22.1416786883826],[106.23412374387635,22.180567621192306],[106.22211507775265,22.195670007603894],[106.22160390893589,22.20540702332726],[106.23947958069776,22.228094935414433],[106.24675039460307,22.255614162613675],[106.24523977498956,22.26644027450079],[106.23529104531973,22.278717877645562],[106.22420553354534,22.28264701626135],[106.22222952148923,22.288918380214447],[106.21214346244555,22.290068510628938],[106.20509390089413,22.301335219447637],[106.20027975341397,22.31113708517219],[106.20132498117314,22.323183899464567],[106.219925446016,22.34854591568489],[106.21831564360386,22.355505830593923],[106.20887808310303,22.368157274195994],[106.18967489775288,22.37740410099445],[106.18483023149837,22.386544116325076],[106.20056967379672,22.431856999561184],[106.21650747917579,22.45199097304493],[106.23878531159656,22.461378942350496],[106.26081137382089,22.45032585598802],[106.27697806072426,22.447899708514633],[106.28713278567561,22.42732323052349],[106.29737906137926,22.424239047265914],[106.31221060403387,22.41054618959854],[106.33430533173943,22.408759003693575],[106.33248953551194,22.402066116961997],[106.34438376109398,22.391747360086132],[106.34107260364301,22.376290207186447],[106.35282187039405,22.36174667174256],[106.36428884999214,22.35690772875386],[106.37882284764132,22.359469297138183],[106.39694265946315,22.37385833579119],[106.41497091877315,22.36933219710251],[106.42492727844125,22.358612896810147],[106.43406729385585,22.363322140513425],[106.45009665226654,22.35719382830026],[106.46458487209743,22.359513164061056],[106.48716788006067,22.368220211281187],[106.48941092222027,22.37526214237858],[106.47971396185908,22.3783482332192],[106.49036459690019,22.385006786472886],[106.48475699184958,22.38946426086033],[106.49374441953735,22.39615524026275],[106.49060873798524,22.401497723326045],[106.50625662649571,22.403984906536383],[106.51868491079276,22.39847266792946],[106.53501181514146,22.417839886184584],[106.56073813360786,22.42242324530384],[106.58596854096612,22.388567804470792],[106.58153586268713,22.383139491092724],[106.58558707076538,22.378363489673717],[106.57960562503567,22.371205209630638],[106.57299856959028,22.36997115530824],[106.5698628875522,22.363791344940896],[106.56190543031529,22.364346384453437],[106.55957083442766,22.348877785466765],[106.57131247284231,22.34244429852542],[106.57772116322724,22.345841286406547],[106.58055166959635,22.340586540480565],[106.58930258418962,22.343647834685513],[106.5998006317924,22.338034507070933],[106.61319022002756,22.33985221013884],[106.62087867743782,22.332931438044596],[106.63516287631248,22.339987631639453],[106.6504827001181,22.338587636806697],[106.65898184626427,22.332058782710686],[106.65907339711632,22.317757481791553],[106.66573385969335,22.312130802923253],[106.66687826756322,22.286280505460134],[106.68939261025737,22.27829825075002],[106.68236593852049,22.264908663383583],[106.6897817088962,22.259386889208933],[106.6958165596164,22.231081833170823],[106.69867758240717,22.225609650082863],[106.70343069542425,22.22690473902585],[106.70243124426689,22.21993147265807],[106.69303182933763,22.205012191866317],[106.68118338015914,22.204695571561924],[106.67950491329734,22.19467245452576],[106.6705708920812,22.186409819913994],[106.68502096488213,22.165037977170503],[106.70216421498569,22.16342435964057],[106.70581106417653,22.158190595398402],[106.69622091512676,22.154257642344177],[106.68998007050543,22.139445171965303],[106.6950612462338,22.11146627330644],[106.71143392679916,22.098124368195148],[106.706482449178,22.06520734520061],[106.69701436983156,22.052822929716115],[106.69715932866009,22.043633323512548],[106.70555929115172,22.038100104699446],[106.70829824368766,22.026688437549446],[106.68237356006314,22.00101361697387],[106.68467763610288,21.981785635084453],[106.69429830302825,21.97320065737654],[106.69204763206791,21.96698079369255],[106.69635823895129,21.962267734480985],[106.6988606808057,21.960148670684106],[106.70778707202648,21.97308621559472],[106.7143941285567,21.97214398538176],[106.72739461664304,21.98280034333166],[106.7361684220693,22.007559636734022],[106.76500753274868,22.013171055090652],[106.7859502206049,22.0007198825856],[106.78952077805259,21.989363528935996],[106.79591421127887,21.993107654010803],[106.7969670662926,21.9848526481047],[106.80629781651663,21.975149965783174],[106.83335164960262,21.97579274099658],[106.83274129792458,21.9821003437419],[106.83945516484795,21.984145021310876],[106.84702352510423,21.977669571807056],[106.86608175265226,21.982649659653706],[106.9012990369147,21.97260365238814],[106.91787771234422,21.974549148465066],[106.93141225749214,21.930607647685555],[106.9518285168965,21.931353420518143],[106.96095327241343,21.919358104551357],[106.9767995256977,21.925652354948532],[106.99034933041176,21.950671047242825],[107.00036672579515,21.94425472650405],[107.0227818866944,21.944165080682843],[107.02596334416381,21.937918512654115],[107.04730276089597,21.929554789009615],[107.05519155449807,21.9208057800398],[107.06330160034828,21.896206703583083],[107.05558065317415,21.884438361986067],[107.01832631862587,21.86394008554477],[107.0057912232275,21.848269309700868],[107.00481465895011,21.832196081710787],[107.0090947498406,21.827183569770973],[107.01906636831748,21.826578939311787],[107.02548268911733,21.81924709076179],[107.04335073080055,21.812315785202046],[107.08361104692463,21.808907352176952],[107.10051015542118,21.793368181739176],[107.11312154484813,21.792332491547835],[107.1274648064756,21.77450068728327],[107.1336369858789,21.77525027542444],[107.13951161978977,21.762957413059947],[107.16036275494042,21.756573515553157],[107.16304067252148,21.750315505397097],[107.17213491057406,21.751837569455663],[107.1867604600025,21.745545225480676],[107.19835713960842,21.73144801117472],[107.19720510039608,21.72279055411405],[107.22060445294787,21.70705302045868],[107.23681691740968,21.706732584618017],[107.24163869423064,21.702387644423286],[107.25035146303827,21.705183817240943],[107.25721028896282,21.72293360506097],[107.27912191081869,21.733586147027683],[107.28588918392934,21.732012583684117],[107.30029348054752,21.742348506256583],[107.30849507930942,21.730099512194617],[107.32112172753507,21.72485239561753],[107.32401326863193,21.706124139183782],[107.33523610694638,21.697121453106934],[107.33793691276662,21.688214133291172],[107.34460500391076,21.687905143563924],[107.34758809617031,21.674183676634485],[107.35966542751936,21.664587804760473],[107.36275533143522,21.63885767085773],[107.35413411576741,21.630547352763262],[107.36034444241379,21.616646595251368],[107.36042073511342,21.59691125832709],[107.33833363798585,21.588387317297805],[107.31974080401481,21.594096011529082],[107.31414082827874,21.59070856090831],[107.30961659667733,21.595684833879258],[107.29555562310037,21.59334451713722],[107.27944996926641,21.564266986279062],[107.25566151722498,21.561934299729376],[107.24716237233731,21.555424518443857],[107.24671986734343,21.54889184915987],[107.23236897630537,21.554543324241553],[107.21736195709981,21.55254442220168],[107.20583394066078,21.542015858561474],[107.22275593834293,21.520136661204255],[107.23374989532118,21.519429033630214],[107.23859456062237,21.506272141735504],[107.23645832921666,21.49627000551576],[107.24594166717738,21.48123056069797],[107.23855641261277,21.460762802109823],[107.24054768420193,21.447480025203625],[107.245544937394,21.4434650557031],[107.24227192705203,21.433783354555622],[107.25739338600297,21.417195142531078],[107.2580418837978,21.4040840264556],[107.26478626861717,21.400639354680926],[107.25344135750274,21.36757355719209],[107.23973133570621,21.366802989754365],[107.21722462210752,21.388481915110294],[107.16836597838453,21.363690197836746],[107.15841724789838,21.367590726335262],[107.14684345633847,21.364434065139378],[107.14334919391489,21.36914140129141],[107.10293629025345,21.376532378379533],[107.09701588066886,21.373755278698873],[107.09466602722776,21.359148802895653],[107.07957508377902,21.347752393675993],[107.05926563482473,21.345578016782287],[107.04995777370755,21.328646482947107],[107.02841999224255,21.326636137642055],[107.01822712146942,21.343245330703734],[106.98825123086434,21.358610932185577],[106.9927678320909,21.379496400973984],[106.98594715463071,21.400368518202704],[106.99160816580296,21.413248843351063],[107.00379230875942,21.421303577018623],[106.98962452402183,21.436993427872757],[106.9714818233995,21.43634492976809],[106.95249225995084,21.42347986285781],[106.94598438683938,21.43440324933393],[106.92991688141728,21.42612726377208],[106.92637684250909,21.441021750154714],[106.91225483326188,21.43033106160138],[106.89122822255501,21.452217887544546],[106.8926167716704,21.46014673576649],[106.90229084466243,21.46970827525459],[106.89225056090748,21.47726519086459],[106.89039661950305,21.48882944634191],[106.87284901114015,21.496844126406614],[106.8426060913932,21.49566157054689],[106.83972980973006,21.51191599664768],[106.85065510266111,21.51694567443728],[106.85227253505165,21.525109126643525],[106.85845997393582,21.52232630610667],[106.8652348761094,21.530281856814558],[106.8621526016001,21.5364635739052],[106.85192921262103,21.540221051414996],[106.84326222124142,21.55972559978931],[106.82010700923273,21.562544661338855],[106.80633595215464,21.558949309975304],[106.79262593018512,21.566023665859433],[106.78661396734157,21.57729037476542],[106.75979664496805,21.57019694640981],[106.75566914265335,21.563139756318485],[106.75882771063743,21.545473892463573],[106.75344898733721,21.5409248651315],[106.74153950274615,21.542172271149212],[106.7005467661191,21.570769151502844],[106.7019353163134,21.59368213116337],[106.67025807126743,21.608734928627488],[106.65262653961747,21.603112064900266],[106.64561512522869,21.606467091190588],[106.63701679829684,21.600804173089863],[106.61534168840858,21.607840383430894],[106.59613087173204,21.59921153847996],[106.57080128263651,21.602516973695636],[106.55815174602765,21.59436878107942],[106.5395055041595,21.56695445851312],[106.52791645415904,21.558754766064926],[106.52205707855515,21.53547939049738],[106.5086903793298,21.52615054807415],[106.52099659172958,21.50020869816492],[106.51100208396423,21.488051258033227],[106.49480487945223,21.483099780443315],[106.48298694685842,21.449150880424646],[106.47489978709781,21.448193392071012],[106.46577503210902,21.43728526598713],[106.4433064651458,21.436510881683134],[106.43949939739429,21.4434765196824],[106.4336171340919,21.438481173371674],[106.42012836362541,21.437691532161036],[106.40524341422426,21.427946887653544],[106.41544391441991,21.41543849423316],[106.41234638025608,21.405655702279827],[106.39579822318461,21.405402026398896],[106.37947894821134,21.394486269897246],[106.36718036425064,21.399037204433924],[106.34166003891845,21.398880801649156],[106.3239140677819,21.41248782815487],[106.33309985939258,21.43773921829463],[106.32933093893917,21.445408666305624],[106.31723071880323,21.444561804204398],[106.31140949075898,21.451826896179313]]]]},"id":"lang-son"},{"type":"Feature","properties":{"slug":"thai-nguyen","name":"Thái Nguyên","region":"bac","isCity":false,"merged":["Bắc Kạn"]},"geometry":{"type":"Polygon","coordinates":[[[105.43112233668461,22.21627320690705],[105.44955495268181,22.191506283763697],[105.4600377413307,22.189627544990568],[105.46834615015541,22.16206444939975],[105.48305562340097,22.161923305119966],[105.49297383676632,22.155753031236685],[105.4750142403439,22.13761605319924],[105.4752202342264,22.126536264125736],[105.4634633368018,22.115986718109006],[105.46421101781056,22.106303109174647],[105.47287800961193,22.094614875793454],[105.46423390477955,22.076821220478102],[105.48860219023699,22.04506004916606],[105.4941411291614,22.011929400992944],[105.50490620519922,22.0085133398682],[105.5049901272816,21.992642290845954],[105.51365712067256,21.984021074637845],[105.52491810655765,21.9814747645626],[105.53157856682785,21.968514329912335],[105.55494740337426,21.95826423697948],[105.54971363807479,21.9487179561331],[105.55293324175463,21.908539655329573],[105.54624226278241,21.904976728918857],[105.54319050381979,21.89095580837032],[105.52576496688454,21.88809097112307],[105.51837208261999,21.875861051098383],[105.52795460221635,21.85429084488142],[105.52841999385537,21.837193370545204],[105.51772358322886,21.82793891506805],[105.50989582395331,21.832831264244962],[105.49381305989364,21.828167797774313],[105.49794056187926,21.793087840628104],[105.49383594752288,21.77666747440726],[105.50188495830385,21.770552514930937],[105.51504566308728,21.773640512338673],[105.52519275842704,21.765618203461923],[105.50952198139822,21.748585579048722],[105.51596881959848,21.73663413281744],[105.50379993528871,21.72899329370578],[105.49033405276315,21.703801031615747],[105.47811939203586,21.697897787835988],[105.4879613105883,21.68716322962201],[105.48033954564973,21.67312705095627],[105.49030353356346,21.64370238142535],[105.49984790638814,21.632601611989926],[105.49864246026672,21.615965717275827],[105.5146641888575,21.602080218362378],[105.52604724461716,21.583641876998126],[105.55678607544759,21.57006155405009],[105.58484698822171,21.534573422222895],[105.60256244208674,21.52937017492317],[105.6114659440031,21.506264552967234],[105.61846972886782,21.49856077094231],[105.63322497785897,21.49445997100083],[105.63130236943655,21.47905240857006],[105.65258075125462,21.457304818240495],[105.67644549698005,21.457362037484888],[105.68928576780526,21.442601065527185],[105.70449877965052,21.440726142240425],[105.7123112795926,21.430676321466866],[105.72460986415794,21.43207250018941],[105.7219853516931,21.413977482600178],[105.7295842291041,21.408903934894475],[105.74514056478446,21.415943958873175],[105.75555468875174,21.41037068539402],[105.76563311802703,21.38972554183256],[105.7606816407474,21.380480624053217],[105.77303362963897,21.370489931442],[105.77519274796647,21.36073575018709],[105.7858967891265,21.362114762487067],[105.78791857887612,21.375616884328487],[105.80048419229611,21.38471112230985],[105.83470965552252,21.373505447765428],[105.83969927963508,21.37738690141033],[105.858139526178,21.375323150096207],[105.85869647163788,21.366143081009188],[105.85575915484893,21.367543075011536],[105.85168505859691,21.355458113392224],[105.85883380033758,21.338049741762365],[105.8684163199808,21.326824994277718],[105.89246417118898,21.325976223037028],[105.88079119845592,21.338051647853916],[105.8871770016647,21.346434446399208],[105.8993306275126,21.343520016960944],[105.90734912093777,21.348605007471736],[105.90854693543412,21.351668210127542],[105.89554644799954,21.35204205148343],[105.91153002990379,21.37617573370354],[105.93975878909414,21.372197003880892],[105.94508410838422,21.391243788032227],[105.9399037495472,21.398066373998724],[105.95259906128021,21.40638050702689],[105.95768023876408,21.400797696919067],[105.95755053924707,21.432236526119862],[105.96273852901227,21.43692097455579],[105.97923327821323,21.413609358197277],[105.9894948138417,21.412756772128578],[105.9955983295206,21.404782148356457],[106.01603340743107,21.403295941800287],[106.02147723571434,21.394951672221456],[106.0284810195911,21.39407429102404],[106.0341496600187,21.41106113870041],[106.02541400523468,21.431280942430444],[106.04593707644891,21.441767545063943],[106.05066730097359,21.456461760001762],[106.04060412994448,21.470425459375406],[106.04786731443876,21.48174366675992],[106.03855945318581,21.492888305771817],[106.0449910333744,21.50602230889652],[106.04093982470161,21.516680573479338],[106.05524494039433,21.548098421318898],[106.04840900425424,21.55797085767401],[106.03041126160379,21.56196866122371],[106.03322650891984,21.57013402067937],[106.04860736857525,21.581097461384633],[106.05686237473505,21.602990009579877],[106.06760456156809,21.604933597710524],[106.07926990665577,21.61836133222945],[106.0937199803672,21.624543048508066],[106.12539722586027,21.616646624318587],[106.15866901563979,21.626067019159425],[106.18515064395515,21.604328965268753],[106.197601817079,21.620341157005182],[106.19471027616717,21.62674603435681],[106.19846393861395,21.63261303834626],[106.19095661438483,21.645062304242696],[106.22587635522528,21.679770327653404],[106.22454884054633,21.690361835030355],[106.23398640159621,21.703457691254894],[106.23783161738037,21.719073154967532],[106.22700550669573,21.731701710755946],[106.21184589887694,21.72806058323573],[106.19444325086631,21.741494040156734],[106.18335774034131,21.741341452788635],[106.16598560923431,21.75501332801658],[106.14916279462632,21.76131520892731],[106.13760426196276,21.784405573446953],[106.11289265345535,21.781414850766534],[106.10638477999537,21.790280207585116],[106.10611775137335,21.80469594917914],[106.09540608214245,21.818552838083285],[106.10600331180834,21.830710277878136],[106.10664418083762,21.840878354933903],[106.11753132650009,21.84346090413512],[106.11068013104229,21.85993467552627],[106.11743214535045,21.878352034876528],[106.11343434284612,21.890721190200146],[106.1294942194492,21.903023590008317],[106.1271138485142,21.910088408963748],[106.13155415640077,21.920063843147094],[106.09960225252847,21.936879030080135],[106.11118367342539,21.948511950177117],[106.1102605168617,21.951796404218914],[106.09956410534512,21.950911394562574],[106.09856465491843,21.95718275755564],[106.11111500914406,21.961935869084474],[106.11506703651104,21.97732817429604],[106.11454060825736,21.993206851289997],[106.10806325326533,21.997244708899583],[106.11019185442977,22.01651083920036],[106.09567311691475,22.035872335911037],[106.10242513185035,22.044087286045958],[106.09880116999216,22.067683097622083],[106.1078877786415,22.076245185619893],[106.11422780559734,22.072602149060025],[106.12091115536033,22.084200736207233],[106.15760091374686,22.083779211908112],[106.16244558076336,22.10205733411193],[106.18605855729822,22.1195095740253],[106.18264058853411,22.13095748217058],[106.19065908248793,22.1416786883826],[106.23300222301296,22.176009057283256],[106.23412374387635,22.180567621192306],[106.22211507775265,22.195670007603894],[106.22160390893589,22.20540702332726],[106.22549490044756,22.214022517599975],[106.23600820599297,22.22068870049747],[106.24675039460307,22.255614162613675],[106.24291280978098,22.269839169502934],[106.23529104531973,22.278717877645562],[106.22420553354534,22.28264701626135],[106.22222952148923,22.288918380214447],[106.21214346244555,22.290068510628938],[106.20027975341397,22.31113708517219],[106.20546774294054,22.331099397115388],[106.219925446016,22.34854591568489],[106.21831564360386,22.355505830593923],[106.20887808310303,22.368157274195994],[106.18727163863771,22.37986839620358],[106.18438009792604,22.38971794505592],[106.17609457603955,22.394759067931986],[106.17724661388951,22.40092934060093],[106.16925863818632,22.40303505401778],[106.16812722165548,22.408844205828757],[106.15706686611188,22.409870992541595],[106.14121298367306,22.395365605427948],[106.12216238544495,22.402493367747507],[106.10479025288511,22.40149582501546],[106.09999136437433,22.413580786707485],[106.10170797892535,22.434672248768262],[106.09411673130471,22.445553673775578],[106.11962179804235,22.471817865040997],[106.11510519742744,22.485253228232228],[106.11912588918028,22.509703532105206],[106.10200552712628,22.51635445708323],[106.09556631837852,22.5305241507905],[106.10105948295022,22.535618678779688],[106.0928044781013,22.53627862178689],[106.09537558381297,22.546303646617485],[106.08674673953348,22.553097622650583],[106.07485251305647,22.55386819238041],[106.08190970337591,22.57317819121223],[106.06652668079879,22.569516582199146],[106.04863028486363,22.578064819302277],[106.04230551614535,22.565550704155356],[106.00586752825556,22.55489053301145],[106.00034384509156,22.547226805415338],[105.97123007618781,22.53680696105173],[105.95733694811412,22.523901839321923],[105.93314413795814,22.528155226998717],[105.92440085159572,22.521628280025872],[105.91284231797513,22.4971131272949],[105.90575461070851,22.49524011167353],[105.89490561134019,22.5089901883698],[105.86391501064085,22.520806215135917],[105.84132437330258,22.515021226947063],[105.83244375818565,22.517924211419892],[105.83326773253913,22.525402925531886],[105.82070974952453,22.520670793629083],[105.80572561863555,22.523550891522138],[105.785782382345,22.55128946356059],[105.77232413004657,22.549647236696647],[105.76911978436193,22.554993535519042],[105.77159170835286,22.56635370369862],[105.778839633585,22.57176866700636],[105.77657370378607,22.57800760427839],[105.76605276771373,22.5888718631151],[105.75139670170786,22.586039450741477],[105.74665884853327,22.597477820699947],[105.75344900925549,22.608435538593227],[105.74028067543013,22.62646952115107],[105.72816519563017,22.631054788707424],[105.73126273053747,22.64115992165076],[105.73945670056533,22.642651467780762],[105.74929099126513,22.662995249266455],[105.7753453735615,22.689875513688545],[105.75691275722221,22.70093622995589],[105.75242667317103,22.71351328740423],[105.75854544737066,22.725302609772385],[105.7490239641791,22.72948733200307],[105.74046378287747,22.74119463838896],[105.72860007540874,22.739647779957924],[105.72214560716145,22.73138133095214],[105.71197562374904,22.73299685517052],[105.70082144845644,22.719220075647282],[105.69667105820467,22.72889224111401],[105.68833975872181,22.71853342972811],[105.67340903377263,22.72505274857644],[105.66323905117102,22.72269145092294],[105.64849143010096,22.69846812321892],[105.61608176259969,22.697195921901397],[105.6001821041514,22.6866520988169],[105.60278372748296,22.668501767622214],[105.56565146340452,22.666327391175916],[105.56131033750876,22.65786066997761],[105.54704336982067,22.65599909885858],[105.54090170679541,22.64888850192794],[105.54018454283097,22.63573161110221],[105.53332571835037,22.63308039728279],[105.52990011955713,22.624876889954727],[105.53402762101749,22.614279660377424],[105.54897360488022,22.59926310428709],[105.54921011511142,22.581173808355157],[105.56385092301292,22.563033014501038],[105.57596640232552,22.560395150744583],[105.58599905628628,22.550793557065635],[105.59847311554987,22.522700218210396],[105.5916600651423,22.508149054478096],[105.59616903628066,22.503298666635576],[105.59671835295694,22.49003496325765],[105.56002859405436,22.462965872101236],[105.55543569795137,22.440735722488384],[105.54994253336797,22.437857533720244],[105.55481771638897,22.429036045984397],[105.55254415720965,22.412644291294022],[105.55835012637043,22.410090350766428],[105.57000784119003,22.41871919610128],[105.55744222801184,22.402237796449597],[105.53495077312665,22.40731325122833],[105.51866964391375,22.399121189720468],[105.51374105424516,22.347943208709335],[105.49788717208368,22.34255876397427],[105.49700216145666,22.321696183826685],[105.48188833073267,22.316183945697563],[105.47917226533302,22.309168718007896],[105.49198201921635,22.29370965575651],[105.4603047729088,22.28391732816748],[105.47260335692155,22.274067779763527],[105.46446279244155,22.26581086760179],[105.45517781967185,22.268164536027598],[105.43666890651187,22.259854217850474],[105.44113210229932,22.231396574173854],[105.43112233668461,22.21627320690705]]]},"id":"thai-nguyen"},{"type":"Feature","properties":{"slug":"phu-tho","name":"Phú Thọ","region":"bac","isCity":false,"merged":["Vĩnh Phúc","Hòa Bình"]},"geometry":{"type":"Polygon","coordinates":[[[104.81363726005769,21.333489297742442],[104.82369280184643,21.318024514510245],[104.8429493936663,21.310627815603016],[104.84055376145012,21.26622664489042],[104.84956407667885,21.258150930583778],[104.85542345108182,21.233887547342384],[104.84873247193178,21.234026783551073],[104.84414720544446,21.226317280962974],[104.8529667859245,21.2234810533238],[104.86433458277624,21.210259311827993],[104.85096788291447,21.179774157308238],[104.85882615896163,21.17600523658668],[104.8527226422957,21.15285193014796],[104.87916612397403,21.135784972837662],[104.89727067706585,21.129879821769293],[104.91323136959322,21.112471448987097],[104.87667131074443,21.098706115211694],[104.8678822467361,21.07590566839204],[104.85429429629268,21.077216017874623],[104.86622666778416,21.033161983406124],[104.89032792416126,21.009600505038964],[104.90032243044858,20.981913430314638],[104.92311906047911,20.963564735139848],[104.93843125504634,20.93381390937479],[104.97694443727794,20.906428195673353],[104.980598917015,20.889508105696212],[105.0004277120799,20.858078813116396],[104.99759720674696,20.846695756205982],[105.00580643501752,20.845270966195528],[104.99774979333742,20.814373824246577],[105.02529190730407,20.802256438268696],[105.01299332271415,20.78707775706446],[105.0060505736957,20.789080473278815],[104.99116562480069,20.75529942148999],[105.01106308375196,20.741467326972593],[105.01829574952734,20.727625697794057],[105.01500748069074,20.72575649663902],[104.9848942607698,20.722840161684605],[104.94977615765957,20.741499754198276],[104.94847916070945,20.73671803075207],[104.93827866103341,20.74494251822039],[104.92456100877601,20.74294933939095],[104.91738174862489,20.751471374052873],[104.88255356314535,20.76747021611267],[104.87512253287144,20.76759800874905],[104.8589787336491,20.75423130891055],[104.84793137063323,20.754111146445435],[104.83829544420048,20.74800763103499],[104.83643387181709,20.734272813268888],[104.84484146475307,20.731194352301877],[104.83941696403424,20.717291686885858],[104.8493733236438,20.70292553664882],[104.83651016431774,20.696419570459344],[104.84156845373917,20.685778471514762],[104.83718155047778,20.660588117690175],[104.84131668251564,20.656746717422294],[104.84662673997848,20.652140470198173],[104.85297439644808,20.663641782596063],[104.86647079612227,20.6617763952543],[104.89975021480963,20.670208782964377],[104.95048568876392,20.641758767883598],[104.96290634191945,20.621868936338338],[104.96281478853874,20.608944740413822],[104.98401687642334,20.59208187037643],[104.9806828298842,20.574671591241163],[105.00446365311281,20.57432063926269],[105.02495620623988,20.55873187689913],[105.04584548847592,20.556591831185717],[105.05206344516711,20.56045230496769],[105.05435226384508,20.570387684290175],[105.07855270319392,20.578232609338794],[105.08815811154805,20.574852786652116],[105.0935826110778,20.566855272872182],[105.10593460067165,20.57337268342988],[105.10774276740602,20.56755336270153],[105.13032577493628,20.556704362802712],[105.14127395590448,20.54385264569513],[105.15313003436461,20.54314501992895],[105.17178390349251,20.51461871184823],[105.18409774637632,20.521347837702102],[105.20565078640256,20.516877011940128],[105.23118636922844,20.503189876976972],[105.22993514840219,20.498629405443413],[105.2445835855362,20.488049343148],[105.24099014025157,20.475733591264046],[105.2621464510454,20.46537668763183],[105.26432082857953,20.444704843052182],[105.25835464053523,20.434204888439282],[105.26979873315744,20.4288471445861],[105.27665755849587,20.431364844298443],[105.29678390131122,20.416292975865893],[105.30275771739338,20.421215842056874],[105.34564254292677,20.39073450095001],[105.36716506527485,20.38871461835078],[105.40616652984492,20.37256128081377],[105.43669936720826,20.384388749737955],[105.46061751959597,20.375197235648763],[105.47655532452735,20.375176253924803],[105.50384566857801,20.360436262586315],[105.52117202317474,20.359835446667688],[105.52977798078061,20.371720135950206],[105.56278274156442,20.357842267051055],[105.58331344343831,20.36898499703937],[105.63440749787296,20.343918619096442],[105.67569015131537,20.306397253127678],[105.68759200645852,20.30568009044404],[105.70051620070713,20.32007866547085],[105.7234349026838,20.328898245383186],[105.72946212398556,20.33721428570823],[105.69583938445743,20.38530999114832],[105.69647262440952,20.399056253452603],[105.68908737041177,20.40196496121969],[105.68578384324367,20.410019694746634],[105.70546768181903,20.411907969267318],[105.72840164084633,20.4019706822601],[105.73045394826099,20.386826333397973],[105.74506423772333,20.382466133673972],[105.74611709479764,20.367705161801133],[105.75667617702794,20.36724358250497],[105.75974319340685,20.378147894886364],[105.75213668791231,20.407477196720862],[105.7529072568999,20.4132793514073],[105.75913284340766,20.414460000246315],[105.75232742398283,20.436299143033633],[105.75769088822031,20.441723642505746],[105.7727894602232,20.442557153006177],[105.78244064422874,20.436518486938898],[105.79129074227377,20.453915414426913],[105.80337570313102,20.434105690084966],[105.82467697140612,20.417607123970477],[105.8560566728234,20.426625067340897],[105.85244034077814,20.478142556453268],[105.83802078452479,20.480353174480385],[105.8251118501774,20.48857003257998],[105.81898544647521,20.506037531461686],[105.80686233836151,20.49897652722545],[105.8017430147208,20.511410534659557],[105.79486130037454,20.511532604762177],[105.78337906195057,20.538689435547038],[105.77318619212365,20.54971963321616],[105.7653202876876,20.57511407459939],[105.7447819576762,20.597201173021624],[105.7271656861628,20.60458642844751],[105.72169540924291,20.596064393886525],[105.70652817275324,20.600693529457075],[105.70133255595636,20.6214626498727],[105.69171188886595,20.622107333907454],[105.68713425167664,20.616204089706518],[105.66702316785515,20.616984196215615],[105.66587113015605,20.629854984534155],[105.68043564412763,20.62967378604431],[105.6857914800175,20.637177296767362],[105.67896317203319,20.64735490881423],[105.67871903132323,20.671177693828486],[105.67646836089865,20.66419298429537],[105.66956375899142,20.6784027320455],[105.67781876458189,20.68310625350522],[105.68358658663415,20.695792029754013],[105.66218613533334,20.721802544552663],[105.66548966388186,20.732546640075185],[105.64970444725152,20.7608135472465],[105.6480870167718,20.793671443784362],[105.63069962646122,20.793215588027294],[105.63462876463173,20.801546887807415],[105.62812852075051,20.815701322324543],[105.64135026220364,20.825756864607772],[105.63643693249496,20.839312392430628],[105.63059281622456,20.82943041902074],[105.59706925624263,20.841564971875524],[105.59651230996863,20.831744033275285],[105.58787583576044,20.829079466896097],[105.58356522797091,20.813040572149117],[105.55594867010767,20.806162746006216],[105.56172990086871,20.820757705608678],[105.57932328357843,20.826414901151022],[105.5874104437121,20.843634445782584],[105.58326005257635,20.858717759154604],[105.5594410837054,20.879908404154193],[105.54335832007095,20.879994235522382],[105.55934190158294,20.890011630578904],[105.56833695805034,20.90186961673183],[105.56841325246344,20.91100200220214],[105.5846562339597,20.922293505495954],[105.58097886649207,20.926726185178666],[105.55361985718639,20.926419102134943],[105.54653214948412,20.92173846890797],[105.53848313811662,20.927643619966815],[105.52508592187979,20.918770634080108],[105.5134816122002,20.922097050553898],[105.49047135872975,20.934096183175132],[105.47956132378309,20.947748984484114],[105.46170854067466,20.94648250577249],[105.44379472258613,20.955958215016462],[105.43624162262097,20.97476085865073],[105.42232560763073,20.98365291821845],[105.41777848933029,20.997780650545334],[105.40322160380309,20.998061030754233],[105.39373826658856,21.003418774261817],[105.38721513514707,21.023651929166743],[105.35542344665598,21.007859082483787],[105.3477330173982,21.014071317964756],[105.32515763845339,21.010258528072548],[105.32535600348179,21.021212431562127],[105.31526994360533,21.011290404535128],[105.29984330830115,21.029030654450633],[105.29399156301312,21.051655625518414],[105.30545854393827,21.07866749744521],[105.31823778077664,21.095354890691787],[105.32049608234725,21.10990605485349],[105.3056950569115,21.137789585480338],[105.29252672280776,21.15091214489828],[105.28837633217591,21.167929510130037],[105.29940843705445,21.18681607716272],[105.34634447499563,21.224541525417045],[105.35672045251559,21.27805028627504],[105.36152697133741,21.283648354267754],[105.39395189834144,21.303313119306303],[105.40576983105797,21.29910932139559],[105.43160295933049,21.274304251117705],[105.44370317975084,21.269726614297152],[105.45056200460839,21.241291859511453],[105.46206713180264,21.22270474602248],[105.46800279883765,21.18278393728745],[105.49021196585788,21.161206100723195],[105.53362322084696,21.154208037441386],[105.57089281328396,21.160582395865678],[105.6173024210311,21.179119916400712],[105.6258397141873,21.175528379437708],[105.62976122367077,21.184063764485824],[105.61643499347919,21.20572287090381],[105.62812853342248,21.210694166421558],[105.63849688051538,21.20727619771878],[105.63569689333386,21.21696362120211],[105.64485216620027,21.215510222166234],[105.65862859980095,21.221042894318884],[105.65489245022307,21.227450224504267],[105.6458134709314,21.226878020431243],[105.64742327361279,21.23648914983345],[105.6616826114749,21.234997603560444],[105.66677141723659,21.23958859163745],[105.67655230153748,21.22692188856538],[105.68650103238069,21.235289426484833],[105.68907976743115,21.233473631041694],[105.68299150994947,21.23163494711395],[105.69821978138016,21.213303417511682],[105.69863176861345,21.219944806077578],[105.71764422062031,21.22287640075872],[105.71969652788916,21.230017513773454],[105.72424364681241,21.22531971471665],[105.73468828899658,21.23269161648514],[105.72992754597799,21.238129467568456],[105.73580980954817,21.235197872531128],[105.73564196256248,21.240845532863702],[105.72559405033533,21.24183735383444],[105.72896624276513,21.247437328914135],[105.7228627276807,21.265816542156863],[105.73699236780361,21.285828444306574],[105.75814104923046,21.302653166582672],[105.7767186258998,21.337374543042937],[105.78516436632403,21.342848633067337],[105.78607226482842,21.357819413538977],[105.77519274796647,21.36073575018709],[105.77303362963897,21.370489931442],[105.75975848369268,21.378056384221757],[105.76520587193205,21.391497469361987],[105.75394488504274,21.411633350690128],[105.74730731285186,21.415779927100125],[105.72713519288774,21.410675861574287],[105.7209019784689,21.41586003550392],[105.72457171690188,21.430754522217043],[105.71382952947727,21.43002972934185],[105.7055974131756,21.439774375108446],[105.68735553063011,21.442837577685893],[105.67491961856582,21.458109718047613],[105.65258075125462,21.457304818240495],[105.63130236943655,21.47905240857006],[105.63531543158324,21.492819650935218],[105.6114659440031,21.506264552967234],[105.60425616731712,21.5282620058081],[105.58390857131322,21.534945356160144],[105.55088855392074,21.572619309395073],[105.54019977196425,21.57174002114578],[105.51948596463859,21.534233916067315],[105.51385547096815,21.53655516041524],[105.50469256764099,21.52737127668499],[105.49288989471749,21.52577864042134],[105.48735095341509,21.517943252179403],[105.47528888198836,21.523472655979088],[105.46819354446528,21.51757513388267],[105.45719958648243,21.517428268953427],[105.45574237189265,21.511122574071283],[105.43125964524245,21.50633703659481],[105.42370654323675,21.498385299895688],[105.4132847911924,21.51168524275784],[105.38945819192196,21.511723390855412],[105.38186694399496,21.52248083713377],[105.37108660960997,21.52454649690452],[105.34565020848436,21.51847731286944],[105.33782244973474,21.510411135988974],[105.33994342121791,21.505070559853554],[105.32517291347598,21.50730406486011],[105.32021380595897,21.513005130558867],[105.30398608408267,21.50816427960613],[105.29585315000593,21.516886585559128],[105.29607440274796,21.534722204373455],[105.26789904873691,21.54563414574555],[105.27420092938702,21.560635443559256],[105.24851275835374,21.585385200796498],[105.24468280257831,21.599867700331345],[105.25087024210882,21.60668456366094],[105.24698688142249,21.61601722177256],[105.23333789364509,21.617602229135404],[105.22493030156957,21.628996729255014],[105.23774005491255,21.643092036903887],[105.23536731398265,21.656815410606505],[105.20758868834427,21.661370160269406],[105.17655994211455,21.687336806153233],[105.16552020765629,21.688404921688964],[105.15804340058551,21.682213668775738],[105.14887286847348,21.700240021557995],[105.13307239233954,21.696768646771417],[105.12599994361062,21.703368072964437],[105.11037283352955,21.70591624976035],[105.102119939345,21.71703041283892],[105.08975269089389,21.71924484427504],[105.0861134686592,21.71817672996263],[105.09169055654934,21.712792284088014],[105.08700610881293,21.70192230405809],[105.09635974548125,21.699723130584246],[105.09765674155578,21.679808502889347],[105.07415820711292,21.681645280502416],[105.06166888829209,21.689598925415847],[105.05522205002977,21.686077959023212],[105.03088428167278,21.70119560531147],[105.01966907072685,21.688170321159877],[105.00022937363325,21.687865146863135],[105.00132037794248,21.680880435741585],[104.98069812323602,21.673130877305592],[104.98585777846641,21.662431237339824],[104.97300006349882,21.657046206155524],[104.97177173123877,21.646042712047784],[104.95417834716444,21.659598239261353],[104.93911792201283,21.65151489580334],[104.93172503934959,21.641283877512304],[104.91045428651155,21.63458145492411],[104.9044575822588,21.626362689310387],[104.90420581166316,21.611861116695945],[104.89638568134347,21.608309634526524],[104.88925219741215,21.611498721490676],[104.89764453083046,21.56372154376622],[104.87162066630495,21.554898148610977],[104.86783648553912,21.546492463079133],[104.88142443773393,21.531000976145297],[104.88774920432652,21.492941741291514],[104.91127825455645,21.448393703285813],[104.91143847228167,21.4330528977388],[104.90569353850346,21.428088069989688],[104.90747118675317,21.41395079997508],[104.89492846098987,21.393360972231697],[104.88426256718112,21.391657710276938],[104.88185930764178,21.384049295596515],[104.88364458524026,21.373673318606517],[104.89410448521413,21.364207146779307],[104.89967394272695,21.349556801235035],[104.89526415214988,21.344204780555362],[104.88221788892652,21.342347022723988],[104.85918474704053,21.365576623820253],[104.85300493704662,21.352013467556674],[104.8453984306103,21.352566598896765],[104.84685564448105,21.338023065151653],[104.81911516541591,21.33809745238802],[104.81363726005769,21.333489297742442]]]},"id":"phu-tho"},{"type":"Feature","properties":{"slug":"bac-ninh","name":"Bắc Ninh","region":"bac","isCity":false,"merged":["Bắc Giang"]},"geometry":{"type":"Polygon","coordinates":[[[105.88063098113402,21.337218136766914],[105.8888859850416,21.327402920477383],[105.89859057459726,21.326138348464948],[105.89682055535727,21.30947193417439],[105.90100909265789,21.303963512079243],[105.91024066054429,21.301871149639712],[105.91644335719613,21.305548517505216],[105.91700793287012,21.29453167280272],[105.9307484726234,21.294857827665194],[105.92263079556005,21.285767404599284],[105.9226384253042,21.270521966369493],[105.93837786565501,21.24722942248786],[105.93791247262752,21.243861046174377],[105.92728472576455,21.244891014118927],[105.91992235883997,21.231560553578454],[105.90663195412233,21.232188071990663],[105.90374041375897,21.225884285268798],[105.91502428742298,21.21618732309223],[105.9111485552187,21.201161230862997],[105.90496874515333,21.20193179965675],[105.90711260460934,21.192437017241783],[105.92282152772908,21.183075749650058],[105.91700029923547,21.169651829786257],[105.9264302309261,21.144455753099216],[105.92517138000674,21.13449557883283],[105.91781664430245,21.13197978536382],[105.9140324634282,21.124270282060852],[105.91557360203612,21.118973573980202],[105.92244768556448,21.12068446643907],[105.9214406054538,21.116688571355244],[105.93089342579923,21.110970339824693],[105.9399113684581,21.08487590128701],[105.95793199897355,21.09125788930281],[105.96200609600425,21.077931243338767],[105.96891069791191,21.073582489316504],[105.99363756444455,21.068953351816425],[105.99764299691557,21.072716550837562],[106.00978136388503,21.062067823542694],[106.00822496790575,21.055498914527924],[106.01320696112784,21.056382017103772],[106.01929521875826,21.047835186674764],[106.01948595327093,21.039543942212955],[106.0069831146443,21.0289799416259],[106.00461626216867,21.012244060083543],[106.00936174527118,21.012402370180556],[106.00846147671763,21.008242442051284],[106.00120592315935,21.007466152307547],[106.00122118143474,21.00031550213339],[106.01658678192065,21.001854731361835],[106.02850389571367,20.993136240164013],[106.0511021633749,21.006958796279463],[106.05793047165032,21.000527215122233],[106.07697344014409,20.995447946025063],[106.08982897051689,21.007147622448382],[106.10157823743167,20.997837853104848],[106.1156010645362,20.995844673258357],[106.11790514150773,20.983433555383726],[106.12743425505481,20.983731101131198],[106.13577318383892,21.00076753922897],[106.15264940451951,20.988608191748757],[106.16861772774635,20.986693213339944],[106.16379595030602,20.974547216938372],[106.16685533764426,20.96917421463917],[106.1832509065016,20.978834935050394],[106.20959520597569,20.984522649106033],[106.22390795069545,20.995234318799284],[106.24331713034049,20.992300815962167],[106.24628496456752,20.997677631871994],[106.25214433971364,20.996685809939027],[106.26557207474197,20.98800165134468],[106.27255297104611,20.99159891048361],[106.27572679913914,21.00676614819738],[106.29330492513492,21.018593617226486],[106.29273272007619,21.03952486086369],[106.31062365093348,21.058871099304792],[106.30229235331943,21.073658773854543],[106.29594469793763,21.114065956388636],[106.30029345340415,21.12300188577467],[106.31749010907699,21.135838341270233],[106.32295275652505,21.147633385641306],[106.30920458833435,21.181973293126916],[106.31207323992332,21.19215281195834],[106.32464648238201,21.19217760747903],[106.32280779846828,21.18465311744186],[106.34558916963532,21.16623575716954],[106.34565783471751,21.173790765335884],[106.36667681743845,21.173764062209155],[106.3761601548061,21.196232629576862],[106.4135747066065,21.20931704145911],[106.4248738409376,21.231083703878635],[106.44369555804587,21.228756738415417],[106.45515490762524,21.232729744949154],[106.4659047249371,21.226027321883723],[106.48734332413491,21.228724311888843],[106.48848773340833,21.235062432075285],[106.49243975863223,21.22800714913998],[106.50852252328394,21.221684286941773],[106.5276112685832,21.22331697829062],[106.54444171215445,21.191511937388015],[106.55776263480355,21.194310017687652],[106.56775714163813,21.188786335597257],[106.57992602725066,21.19242364963919],[106.59030963166968,21.18475229265688],[106.58867694133674,21.178229159603152],[106.60499621690856,21.179692095848864],[106.6097264413654,21.170161074733937],[106.6320347906089,21.171902483358263],[106.63760424907235,21.167975251968727],[106.64068652465743,21.180451219537176],[106.68197680774821,21.16657716459961],[106.69558001824862,21.17030221531476],[106.70645953501798,21.16843682838683],[106.71512652677114,21.16073304639083],[106.79490710671692,21.149065793391014],[106.82019854882948,21.156195462047208],[106.83358050702377,21.152916729535633],[106.82596637291327,21.16645509020589],[106.82542468640877,21.18696862567788],[106.85475207885932,21.18866807203049],[106.86222888544789,21.175637066109857],[106.87419940502369,21.174002468173672],[106.88369037222795,21.18356019271687],[106.89260913412386,21.178891001633264],[106.91670276315837,21.18426781761348],[106.9339070473717,21.16931038863719],[106.9428639566831,21.173617181804854],[106.94736530075195,21.185889062387318],[106.955948369017,21.19161873877249],[106.95743610150325,21.20711213266284],[106.97737170985424,21.22857743406464],[106.98546649914722,21.258807003702405],[106.97245075207239,21.284035505887733],[106.98465778414497,21.292305769360357],[107.01870777274485,21.299227536695813],[107.03353168573405,21.31824952536471],[107.01822712146942,21.343245330703734],[106.98825123086434,21.358610932185577],[106.9927678320909,21.379496400973984],[106.98594715463071,21.400368518202704],[106.99160816580296,21.413248843351063],[107.00379230875942,21.421303577018623],[107.00187733097655,21.42414171192573],[106.98680927737897,21.43952638697774],[106.96763660835683,21.434807606849144],[106.96029712993321,21.425305196045347],[106.95249225995084,21.42347986285781],[106.94598438683938,21.43440324933393],[106.92991688141728,21.42612726377208],[106.92637684250909,21.441021750154714],[106.91542103192475,21.429850409404143],[106.90894367608311,21.433106253465148],[106.89122822255501,21.452217887544546],[106.8926167716704,21.46014673576649],[106.90229084466243,21.46970827525459],[106.89225056090748,21.47726519086459],[106.89039661950305,21.48882944634191],[106.87284901114015,21.496844126406614],[106.8426060913932,21.49566157054689],[106.83972980973006,21.51191599664768],[106.85065510266111,21.51694567443728],[106.85227253505165,21.525109126643525],[106.85845997393582,21.52232630610667],[106.8652348761094,21.530281856814558],[106.8621526016001,21.5364635739052],[106.85192921262103,21.540221051414996],[106.84326222124142,21.55972559978931],[106.82010700923273,21.562544661338855],[106.80633595215464,21.558949309975304],[106.79262593018512,21.566023665859433],[106.78661396734157,21.57729037476542],[106.75979664496805,21.57019694640981],[106.75566914265335,21.563139756318485],[106.75882771063743,21.545473892463573],[106.74486591851311,21.541447479547546],[106.73468830662573,21.544346649646887],[106.72760822827776,21.553746063827408],[106.7101521735028,21.560789902788617],[106.7005467661191,21.570769151502844],[106.7019353163134,21.59368213116337],[106.67025807126743,21.608734928627488],[106.65262653961747,21.603112064900266],[106.64561512522869,21.606467091190588],[106.63701679829684,21.600804173089863],[106.61534168840858,21.607840383430894],[106.59613087173204,21.59921153847996],[106.57080128263651,21.602516973695636],[106.55226948244055,21.58936008264471],[106.54943134820289,21.579310263418225],[106.52791645415904,21.558754766064926],[106.52205707855515,21.53547939049738],[106.5086903793298,21.52615054807415],[106.52099659172958,21.50020869816492],[106.51100208396423,21.488051258033227],[106.49480487945223,21.483099780443315],[106.48298694685842,21.449150880424646],[106.47489978709781,21.448193392071012],[106.46577503210902,21.43728526598713],[106.4433064651458,21.436510881683134],[106.43949939739429,21.4434765196824],[106.4336171340919,21.438481173371674],[106.42012836362541,21.437691532161036],[106.40524341422426,21.427946887653544],[106.416023748345,21.4084099150478],[106.39579822318461,21.405402026398896],[106.3876195122757,21.397538027094697],[106.37240649855588,21.394333682172153],[106.36718036425064,21.399037204433924],[106.34166003891845,21.398880801649156],[106.32622577432222,21.408430897923413],[106.32505847778603,21.424298131737512],[106.33309985939258,21.43773921829463],[106.32631732812041,21.448145712774636],[106.31723071880323,21.444561804204398],[106.31105090911946,21.451973760716502],[106.30339099641324,21.44252475623341],[106.29926349444438,21.446383322794365],[106.29332019657743,21.44438251376333],[106.28817798518568,21.449786033626477],[106.29026843917026,21.45566448194864],[106.2841115165563,21.45232280702005],[106.2832265081849,21.47518619614416],[106.28781940430265,21.491301385138208],[106.2727284617024,21.49356350100338],[106.24602558034103,21.483860819345765],[106.23815204557137,21.49399837802724],[106.21379138862213,21.496294826443364],[106.16792346813297,21.513323636185024],[106.16896869839776,21.595108841390328],[106.18515064395515,21.604328965268753],[106.17422535180162,21.60934147815346],[106.15953113811781,21.626269198327247],[106.12797596099075,21.616120196321724],[106.09645130319498,21.624880649550484],[106.07976581675683,21.618939258771825],[106.06661274087932,21.604489185786388],[106.05644275698039,21.602337697138058],[106.0476842112682,21.580187655629178],[106.03489734655135,21.571760990363938],[106.03363086584226,21.560082293313968],[106.04837848598015,21.558083392309932],[106.05556537620717,21.549322938712287],[106.0505604922742,21.54548916860946],[106.05343677409029,21.539080475733066],[106.0416035826388,21.516789292789216],[106.04544879763257,21.50884709184802],[106.03778888444076,21.4907558890636],[106.04764606176998,21.48212895101809],[106.04034473168146,21.47141155843036],[106.04370166394284,21.463812681109847],[106.0519871869,21.46236691103336],[106.04593707644891,21.441767545063943],[106.02654315502005,21.432907910940543],[106.0341496600187,21.41106113870041],[106.02744342322175,21.399353832091922],[106.02925158917702,21.39446911262618],[106.01973773371822,21.39648327257249],[106.01648761176642,21.40314564172584],[105.9955983295206,21.404782148356457],[105.98899890312444,21.41331944021013],[105.97923327821323,21.413609358197277],[105.96205951118222,21.43659863181199],[105.95445300492855,21.412569853561962],[105.95832110779277,21.401259275709545],[105.95397998260128,21.406584593491587],[105.94001819036804,21.399077269008814],[105.945229066417,21.390028806752607],[105.9390416264159,21.371651502407417],[105.91153002990379,21.37617573370354],[105.89563037054027,21.351059766085413],[105.90650988796843,21.352457853372034],[105.90734912093777,21.348605007471736],[105.89600421087655,21.343027921285238],[105.88872576813785,21.34624561834814],[105.88063098113402,21.337218136766914]]]},"id":"bac-ninh"},{"type":"Feature","properties":{"slug":"hung-yen","name":"Hưng Yên","region":"bac","isCity":false,"merged":["Thái Bình"]},"geometry":{"type":"MultiPolygon","coordinates":[[[[105.89469194206508,20.89694483342428],[105.93536424270079,20.868611167776333],[105.93419694556077,20.852513144796966],[105.91355943153889,20.837036917923957],[105.91193437053819,20.81913454309035],[105.92474412336759,20.789143391532857],[105.96168565138726,20.77877122783236],[105.96836900114447,20.77237016537912],[105.97013901950736,20.73457414294855],[105.96202134234902,20.723425690619997],[105.97148942152475,20.70184976144252],[105.97836350634458,20.69884377958051],[106.00448655288169,20.70372849865122],[106.02594041021737,20.694662869480684],[106.03707932586127,20.676211177961168],[106.0324330242595,20.64026909947885],[106.05737351257517,20.60884934349134],[106.07657669861598,20.60306816848605],[106.10277604066887,20.61827736655283],[106.11505936574126,20.61332016675874],[106.12827347719954,20.598042302700073],[106.13330124756808,20.573246769354917],[106.1619191065608,20.563467792425147],[106.17169998928073,20.55091171596808],[106.17890213682121,20.51910476851423],[106.17839859676792,20.495491791747277],[106.18334244326815,20.484869765376544],[106.19146011901904,20.479458616961157],[106.21546982457569,20.476603315898842],[106.22554062486115,20.46774558812374],[106.22332809969085,20.452240750281852],[106.20998428745023,20.429257198623862],[106.21531723450778,20.41579131685594],[106.23244522491598,20.4065731004576],[106.26768539816031,20.405562203986957],[106.28215073042418,20.400677483710297],[106.28661392612092,20.389326851862997],[106.28278397024798,20.378758232799488],[106.2530827355157,20.35249785607267],[106.2531895458623,20.3395603095447],[106.25975845538643,20.329117575088716],[106.27195022682143,20.326868811151627],[106.2808384726548,20.330786504416867],[106.34072159252064,20.377070226815675],[106.35620163249133,20.353512562995732],[106.4029011567203,20.33561400135991],[106.43003128303569,20.30166319358278],[106.4423451259845,20.293507370013028],[106.47400711298317,20.290573866720127],[106.4983753992945,20.30858495972833],[106.51123855987896,20.308712752539616],[106.52706192424725,20.31634214624181],[106.57988785085215,20.26423337889023],[106.59259842183498,20.240290429358968],[106.60064743317221,20.248493936795892],[106.61529587310032,20.30347326277882],[106.61083267695986,20.31203153606968],[106.59607742783619,20.322016506942468],[106.57944534940223,20.354445250504963],[106.57806442850735,20.366459640291637],[106.60093735605061,20.44631651461163],[106.59765671636131,20.468947207896097],[106.60155533832837,20.47592428868974],[106.59791611746877,20.4998329053579],[106.58347367445323,20.510767736090127],[106.58128403785959,20.52205924079296],[106.584045879375,20.534975805740007],[106.59013413644007,20.540579596559255],[106.58729600266896,20.55333403765776],[106.6084980898847,20.57745818338344],[106.62693070733097,20.58688239276544],[106.65661668309676,20.612433235211032],[106.65065812588469,20.618094246529605],[106.63474320945409,20.627556603923193],[106.61178636130457,20.627100748230575],[106.59865617299045,20.63874892744151],[106.56765794211971,20.619581980985377],[106.5586628859522,20.626725001845095],[106.54802751039504,20.627438350522873],[106.54216813492516,20.623217388309744],[106.5400013865969,20.608345790701968],[106.52887772907391,20.602721019329657],[106.519501203054,20.6024387312222],[106.510635846022,20.61388854674415],[106.49311112707329,20.616614148012918],[106.48080491410374,20.598719402737288],[106.47305344876534,20.597945019505623],[106.46630143532471,20.613341138391817],[106.45030447269956,20.620234810608217],[106.4552845898475,20.637646482829336],[106.4396901085824,20.660607147302187],[106.40041398537508,20.688862612402648],[106.41719865454422,20.716801456203825],[106.40360307339039,20.729008488162016],[106.38254594472994,20.711905292723987],[106.35688065960147,20.700838855759834],[106.33363389510261,20.710795217447046],[106.30094956782658,20.68994789630457],[106.29518174589111,20.695515447286716],[106.2947697589746,20.705595786241222],[106.28614091313067,20.711417014446308],[106.28268479791994,20.706091696612248],[106.2870182936556,20.69408112139822],[106.27370499989078,20.69390564645156],[106.26779984870373,20.702387625561524],[106.26086472922557,20.70383911784474],[106.24936723198401,20.696942145822135],[106.25032853478501,20.693230444353578],[106.2688221878717,20.68678551333584],[106.24841355625496,20.687699133318887],[106.2412342964046,20.69773369490261],[106.22769212143294,20.705107505851203],[106.22440385270951,20.716715630746517],[106.21177720490678,20.730921563822452],[106.2189259470948,20.735657509976182],[106.21566819733125,20.749657450082697],[106.20356797638614,20.7519500833281],[106.19124650508816,20.76573449347153],[106.18013047718725,20.764006435651563],[106.17540788230647,20.77750664990765],[106.16642045516727,20.784268201422567],[106.1544804533272,20.780428709238947],[106.13261460842615,20.80538636748599],[106.14002275090888,20.817021194070886],[106.12474107454698,20.832104507855473],[106.12871598973766,20.83728868155688],[106.12627458324296,20.84805757284089],[106.13642930685567,20.850851838138002],[106.1414265612537,20.85882074180565],[106.14672136270359,20.8869922819374],[106.13949632601216,20.89280015837855],[106.13636827405175,20.903939075902915],[106.15313005433764,20.91672975427208],[106.1485524180077,20.927634068504204],[106.15065050204426,20.944336721147778],[106.15852651052626,20.950557769072148],[106.14989519312317,20.960215398807257],[106.13644492591692,20.96020087176058],[106.13353014132545,20.97893411867094],[106.11523485329467,20.98336870524449],[106.11429643840297,20.996186089198158],[106.10247850673196,20.997374366930682],[106.09019518164261,21.006813836131975],[106.07823991932668,20.99680025620334],[106.059563160979,21.000254464566098],[106.05118608642282,21.006968332832386],[106.02850389571367,20.993136240164013],[106.01658678192065,21.001854731361835],[105.97580003845981,20.998148754520013],[105.97268724547328,20.989956691047755],[105.9622883798185,20.989245250996312],[105.96459245584596,20.96360666913794],[105.91574907358223,20.975098446606594],[105.90358018758926,20.947201564583],[105.91468858622795,20.937386347879634],[105.90911149726732,20.926523997526896],[105.91629075856257,20.919171167916023],[105.89469194206508,20.89694483342428]]],[[[106.59619950075579,20.41814115981072],[106.61107682084705,20.433790956209155],[106.60706376013874,20.44435194579472],[106.59619950075579,20.41814115981072]]],[[[106.59941147845201,20.497622287766056],[106.60240983022472,20.469582355087656],[106.60587357523625,20.477589405285357],[106.60290574211795,20.49751356852245],[106.59941147845201,20.497622287766056]]]]},"id":"hung-yen"},{"type":"Feature","properties":{"slug":"quang-ninh","name":"Quảng Ninh","region":"bac","isCity":false,"merged":[]},"geometry":{"type":"MultiPolygon","coordinates":[[[[106.86933184144351,20.84150008911348],[106.8736119318094,20.83381919509291],[106.83313799313211,20.811985775073005],[106.81664324214219,20.829018399771776],[106.78874254556521,20.832016752368077],[106.76559496326388,20.84968833899108],[106.75272417485972,20.878987123027997],[106.7710728704665,20.913592150332374],[106.76940203441983,20.965513996482166],[106.76573992541884,20.979527288027487],[106.75209856849806,20.995421224996694],[106.70871783080125,20.999110038630782],[106.65013171000757,21.019476710164863],[106.63706255715381,21.012015162215143],[106.62545061874965,21.01148110446648],[106.6094288896694,21.02334481450007],[106.60231066507592,21.03850632939643],[106.57409716494172,21.057131590727938],[106.51748705677461,21.0464294574242],[106.51770830887428,21.059008423000336],[106.50358630023867,21.056467834403154],[106.48487139517746,21.068459336134904],[106.45842028408305,21.064925020001255],[106.44908190464716,21.069470231974066],[106.44063616607795,21.079653566817523],[106.45067645003653,21.09523660637783],[106.43900347614664,21.10692483934969],[106.44130755304471,21.11614687051794],[106.47184802050764,21.11844331652603],[106.48281908993795,21.129011936191326],[106.48377276473738,21.142449207568635],[106.47970629742511,21.146141834976024],[106.48923541204428,21.16641122964348],[106.48691607675283,21.17305833984641],[106.49628497253613,21.187405417093398],[106.49467517120415,21.197731802330875],[106.50061084023537,21.201136419612876],[106.50187732020281,21.224396537856656],[106.5276112685832,21.22331697829062],[106.54444171215445,21.191511937388015],[106.55776263480355,21.194310017687652],[106.56775714163813,21.188786335597257],[106.57992602725066,21.19242364963919],[106.59030963166968,21.18475229265688],[106.58867694133674,21.178229159603152],[106.60499621690856,21.179692095848864],[106.6097264413654,21.170161074733937],[106.6320347906089,21.171902483358263],[106.63760424907235,21.167975251968727],[106.64068652465743,21.180451219537176],[106.68197680774821,21.16657716459961],[106.69558001824862,21.17030221531476],[106.70645953501798,21.16843682838683],[106.71512652677114,21.16073304639083],[106.79490710671692,21.149065793391014],[106.82019854882948,21.156195462047208],[106.83358050702377,21.152916729535633],[106.82596637291327,21.16645509020589],[106.82542468640877,21.18696862567788],[106.85475207885932,21.18866807203049],[106.86222888544789,21.175637066109857],[106.87419940502369,21.174002468173672],[106.88369037222795,21.18356019271687],[106.89260913412386,21.178891001633264],[106.91670276315837,21.18426781761348],[106.93048144886845,21.1707351789042],[106.93698169376144,21.170571146722207],[106.955948369017,21.19161873877249],[106.95743610150325,21.20711213266284],[106.97737170985424,21.22857743406464],[106.98546649914722,21.258807003702405],[106.97245075207239,21.284035505887733],[106.98465778414497,21.292305769360357],[107.01037647358534,21.295012295673036],[107.02339984934517,21.302552046223344],[107.03271534059881,21.313227475976408],[107.03203632513517,21.325144590454443],[107.04915668656993,21.328324140156052],[107.0620255960231,21.34735470914323],[107.07773639969395,21.346201719603304],[107.09517719609114,21.360190214493926],[107.10200550451401,21.37687951561658],[107.12686970186041,21.369248213258615],[107.13755848344317,21.37070161181967],[107.14482166618481,21.365397276060733],[107.15549518934458,21.368143857733685],[107.17092182551899,21.363724530276528],[107.21463062764897,21.38765794096738],[107.22194721767832,21.38553506200738],[107.2406850110136,21.364876567856694],[107.25461628465368,21.36909562203558],[107.26497700410393,21.400385677055457],[107.25865986448618,21.403736890027503],[107.25739338600297,21.417195142531078],[107.24188282741824,21.434227766924334],[107.24504139721574,21.443903745569198],[107.23847248812292,21.459065262025344],[107.24594166717738,21.48123056069797],[107.2367863937916,21.495562379055304],[107.23402455273603,21.518259829200357],[107.22241261446108,21.52127344006062],[107.2046361263221,21.540621586469484],[107.20664265651408,21.54365045615335],[107.2204442314334,21.553349323433075],[107.23236897630537,21.554543324241553],[107.24641469084459,21.548670596718406],[107.24716237233731,21.555424518443857],[107.25566151722498,21.561934299729376],[107.27791646216694,21.563814944339693],[107.29555562310037,21.59334451713722],[107.30961659667733,21.595684833879258],[107.31341603582801,21.590098208661832],[107.31974080401481,21.594096011529082],[107.33833363798585,21.588387317297805],[107.36743215002464,21.601763553262924],[107.38272145657479,21.595579927172064],[107.39784291725711,21.60984880412055],[107.39687398468682,21.618311708946862],[107.41748097945015,21.63282281863935],[107.41649678752455,21.639082736284305],[107.46613362985445,21.664751834314686],[107.48223165243341,21.65776140050019],[107.48393300693176,21.63100320591164],[107.49709371159894,21.616978470463398],[107.4936604837657,21.604660812127808],[107.48510793220508,21.59963876277592],[107.52490285410589,21.590071501874185],[107.5361562113295,21.59395295616529],[107.54164937537855,21.589682401629954],[107.55699208874528,21.613234343296448],[107.57647756214833,21.61731416180798],[107.60298970863114,21.60360986044702],[107.61192372959663,21.6082027562141],[107.65162709911971,21.607460797112317],[107.66419271216115,21.613510906276193],[107.68682149654862,21.61070328879985],[107.71535543319327,21.62128907343742],[107.74269155390706,21.639387905048952],[107.77947286555914,21.6482647042063],[107.78485921917162,21.65564423711165],[107.79634908744859,21.65358048579174],[107.81437734618096,21.658419428659904],[107.84276632375116,21.6412304014299],[107.84697774979168,21.649897394157133],[107.85888723521364,21.654322442781137],[107.87143758927427,21.647370156022443],[107.87845663153652,21.63858300088998],[107.87777761584806,21.632145698673156],[107.88814596231097,21.62602120241583],[107.88525442201214,21.620713049727364],[107.89071706773643,21.61668663676865],[107.88296560293341,21.60899620756526],[107.89154867180959,21.60658531834459],[107.89153341246056,21.597359473096862],[107.89770559412456,21.5951507621384],[107.8983922382036,21.58952789848385],[107.92498067844187,21.588694386828724],[107.92911581037372,21.577992252646347],[107.94272665092883,21.56979828209493],[107.95468954022935,21.537033845686647],[107.96792653962213,21.536597061814962],[107.97813466989182,21.543774414958516],[108.00508169183404,21.548641969022334],[108.02452901907229,21.548510361756883],[108.03350118706372,21.54740600651986],[108.04792837228364,21.53252105575044],[108.0475926774163,21.524809645884538],[108.03569845135895,21.531639861217496],[108.03192190125179,21.52871780349691],[108.03675893700793,21.523703384231506],[108.03020528752528,21.51750068564835],[108.0396275906797,21.518580244535443],[108.02745870490676,21.513891981799606],[108.02710775270616,21.50910262936293],[108.03433278998608,21.509386824481513],[108.03629354424348,21.503172681664097],[108.0275502577632,21.507153318133952],[108.03488210596797,21.500506207737686],[108.02880910777132,21.49947051835246],[108.02682546574357,21.489723966220744],[108.02903798963919,21.486525342538602],[108.04109243245975,21.492459104553525],[108.06457570955698,21.494051739649493],[108.066818752185,21.488650127823465],[108.01045278383339,21.470577999656157],[107.99304250457898,21.45681075736414],[107.9777837155603,21.43607215538651],[107.96575978872957,21.433291241045605],[107.96754506719077,21.44593314796285],[107.95441487956839,21.440897747666668],[107.95185903192171,21.42554931334724],[107.96064046453792,21.41115836672229],[107.95542195800971,21.41023520978885],[107.95282796353952,21.40182189544192],[107.9351735451183,21.39999465511073],[107.93269399217314,21.40549735616596],[107.9262166353658,21.4003456080334],[107.91351369341965,21.415266796491288],[107.92463735100566,21.425930782869965],[107.9140782694733,21.418556972592217],[107.91325429556832,21.423453136668982],[107.9026875832286,21.42833404390255],[107.90478566777088,21.434689329016695],[107.90261128904322,21.428492352667078],[107.89625600373658,21.42997817774075],[107.89996388989975,21.444363401079134],[107.89393666832898,21.435900495888074],[107.88482717114475,21.43709831006974],[107.88987020011979,21.441998289075848],[107.8849950173207,21.44558791964653],[107.88895467353738,21.45496635283461],[107.8973927837419,21.459196853345514],[107.89370778733935,21.46251754764817],[107.84921315719315,21.459473419228427],[107.83352712140048,21.434862899179183],[107.83672383742844,21.449084090729777],[107.82744649376843,21.456297684560056],[107.82594350389638,21.468052674552386],[107.78879598189134,21.471649935669117],[107.7813802096834,21.45563583568171],[107.7653966278135,21.44689636334069],[107.75061085963239,21.401881026838172],[107.71892598297711,21.394263076959973],[107.70954182792953,21.38690261880719],[107.68564656408905,21.38641433740077],[107.68517354115978,21.380854416259442],[107.67872670293097,21.382462312005526],[107.67112019568617,21.375080872885185],[107.66521504499298,21.37950401439939],[107.6693043996261,21.370573807604607],[107.66605427714141,21.368054199484632],[107.65477803205958,21.37079887508899],[107.64775136044283,21.36598281988557],[107.65038350076335,21.355263518844737],[107.63859608591356,21.356158066595775],[107.64755299574038,21.351876068322166],[107.64206746086082,21.347956467139433],[107.6477818768751,21.34809761069767],[107.64072468788856,21.33849601763206],[107.634857681888,21.338183211442765],[107.6377644816782,21.33660774132697],[107.62042286771617,21.3113315567586],[107.61419728148087,21.31148796051037],[107.61835530107074,21.30691413792536],[107.60654499791924,21.29247932242915],[107.5900426171165,21.29247360051835],[107.58560230897447,21.287424849785417],[107.57637837090684,21.291880416283472],[107.57012226848109,21.28835563629804],[107.56248524470689,21.29432754498688],[107.5691533341335,21.28800277595527],[107.56626942297412,21.286606596728067],[107.55461170818363,21.29314880406463],[107.50139668182486,21.29240493891466],[107.50046589316193,21.24569396875191],[107.51467945448978,21.233395384269663],[107.5099263430982,21.229147717565247],[107.5185246699463,21.229300306083857],[107.51516773622673,21.22156600704151],[107.52165272207192,21.22697524758759],[107.52694752147107,21.223269269487126],[107.52959492114533,21.20876006703234],[107.53271534324332,21.210703655491365],[107.535553478036,21.205551906785466],[107.5320058089628,21.20073775939892],[107.51664783869424,21.20746879280736],[107.52002003076814,21.201868816397784],[107.53417255736838,21.198389812201118],[107.53422596249553,21.191609187770446],[107.53978016218835,21.19438628715897],[107.54153492316627,21.189562602143862],[107.54638721790073,21.1971328697622],[107.551559948605,21.193274302343273],[107.54989673996268,21.18880347686714],[107.55612232647748,21.19070319610947],[107.54998829183191,21.194824977236532],[107.55299427416746,21.200348658217102],[107.56679584956271,21.203417581895426],[107.56427814821802,21.1975143385297],[107.576813245331,21.20620612639952],[107.58406116859358,21.205839914950747],[107.59545185532643,21.21730308001005],[107.60161640615189,21.218386453734897],[107.60179951199595,21.214661402626554],[107.60926106000096,21.219160837983246],[107.60650684817568,21.205218118625297],[107.59758045615808,21.200377268710128],[107.58477833088976,21.179600519038797],[107.57928516709575,21.182722849197482],[107.58180286847396,21.176682275636203],[107.57509662954274,21.17569808356224],[107.56771900504316,21.1653316440016],[107.5623860573529,21.165814202626706],[107.56375934860618,21.159800332610956],[107.55120136503349,21.156109612674296],[107.54953052751407,21.149332802860673],[107.53344776324599,21.137131493538245],[107.48978473691993,21.111269753200826],[107.47381641327327,21.095047752999143],[107.4707722853222,21.097563545805595],[107.4696431356316,21.08893088545073],[107.46277667873844,21.083939354824352],[107.46075489021139,21.08725814052193],[107.46262409188411,21.081352989459045],[107.4542927925259,21.07942656759448],[107.45323993587382,21.087189476690643],[107.4349141299981,21.072994987561913],[107.43804981135719,21.072113792671107],[107.425995367297,21.067704002292018],[107.43045856283767,21.06524924474407],[107.42867328474568,21.059475700279734],[107.40224506089719,21.046149054953798],[107.39083148742563,21.046091835412028],[107.35179950305982,20.997895041399588],[107.34608508643689,20.994965354654344],[107.33858539080919,20.998699942790125],[107.33631183214376,20.992459098104575],[107.32544757361521,20.986733237971116],[107.31242419682714,20.993557731461614],[107.3056492943729,20.992247383327193],[107.30690814431742,20.995198051134988],[107.29538012896721,20.99145201891443],[107.29347278050415,20.999659340944252],[107.28877307295011,20.99565200110043],[107.27384997867637,21.000775140444787],[107.26596118404633,21.000603478712936],[107.26622821357644,20.99666480323023],[107.24947406218037,20.9976165710714],[107.25026751853723,20.99260978077696],[107.2415471210337,20.99296836246442],[107.24098254603818,20.9865730229575],[107.23520709321598,20.989355843508438],[107.23756457693267,20.986929696586227],[107.23317004497494,20.982405465300662],[107.23228503585425,20.985396188614374],[107.22830249080455,20.975830834139554],[107.22211505186043,20.98128775984935],[107.22267199799978,20.974991601697592],[107.20028735458176,20.963047784909442],[107.19682360933083,20.949848931422146],[107.2032475589909,20.942019264871483],[107.20012713602776,20.936083595173255],[107.16496325601021,20.932247918091715],[107.15593005284546,20.924647133599525],[107.1459889522603,20.941645426456365],[107.1147008044416,20.937639993509038],[107.0983815302663,20.94864158122577],[107.08348895213209,20.949639126057118],[107.07619525027707,20.945362849569168],[107.05905963017213,20.95768623094606],[107.03150988583901,20.946224972830912],[107.0184636213828,20.948551938432306],[107.018684873788,20.95265846088522],[106.98796893137816,20.956217573709317],[106.98419238080841,20.9557826983498],[106.98733569054073,20.94340591195416],[106.98169756892302,20.954161451469375],[106.96192217733268,20.95077781651499],[106.95706988217313,20.942744062775795],[106.94114733569363,20.933947372274286],[106.9401249966275,20.916794583880876],[106.94813586033015,20.916157530258396],[106.94936419289907,20.908060834971124],[106.92022753462237,20.910466002712024],[106.8842473097858,20.901167678047276],[106.86573839684276,20.86302451841599],[106.86933184144351,20.84150008911348]],[[107.92630055946265,21.42170791297384],[107.92599538376126,21.42366294565302],[107.92453054024041,21.421051784911988],[107.92630055946265,21.42170791297384]]],[[[106.94516039660755,20.90707854989159],[106.9447560392388,20.907061383232797],[106.9450841030073,20.907439038907235],[106.94516039660755,20.90707854989159]]],[[[106.94808245528249,20.907412335561887],[106.94827318899928,20.907254025137938],[106.94799853099155,20.907175824963268],[106.94808245528249,20.907412335561887]]],[[[106.9511647301287,20.908777997453452],[106.95068407817834,20.909165189931173],[106.95103503057251,20.909222409779485],[106.9511647301287,20.908777997453452]]],[[[106.94728899787567,20.912518308704936],[106.94709063270214,20.912651823131604],[106.94718981517667,20.912741468220748],[106.94728899787567,20.912518308704936]]],[[[106.94879961818835,20.91402892852881],[106.94878435905083,20.91282157701824],[106.94806719654456,20.91364173681697],[106.94879961818835,20.91402892852881]]],[[[106.94773150231508,20.916481779087576],[106.94744921569016,20.916291043665606],[106.947548397001,20.916941450398433],[106.94773150231508,20.916481779087576]]],[[[106.9512944299343,20.917197034939875],[106.95121813597702,20.917626187532836],[106.95148516495875,20.91735915912934],[106.9512944299343,20.917197034939875]]],[[[106.94900561162287,20.917156981298906],[106.95074511376737,20.91917495474492],[106.95102740134642,20.91816596805796],[106.94900561162287,20.917156981298906]]],[[[106.95270586793498,20.918694303761498],[106.95266772176583,20.918881224251344],[106.95290423283446,20.918890760151303],[106.95270586793498,20.918694303761498]]],[[[106.95227099231839,20.918923185235045],[106.95179034004717,20.91904907028236],[106.95202685277913,20.919634626442985],[106.95227099231839,20.918923185235045]]],[[[106.95256853922699,20.92034415984846],[106.95357561984619,20.919924542759713],[106.9531331148748,20.919541166255208],[106.95256853922699,20.92034415984846]]],[[[106.99425555095272,20.924643322709134],[106.99385119270407,20.924925611484383],[106.99518633690997,20.925349042134492],[106.99425555095272,20.924643322709134]]],[[[106.99720812710495,20.93148879741913],[106.99280596593842,20.927086637450483],[106.99302721837759,20.916302487233704],[106.99128771710039,20.92224578624069],[106.98883105166078,20.913428113233593],[106.97977495981823,20.913889691370805],[106.97269488220145,20.937502667833975],[106.99155474640735,20.940516278603592],[106.99720812710495,20.93148879741913]]],[[[107.29532671968241,20.854084764122273],[107.29421282809014,20.85338286073197],[107.29423571625091,20.85480002052698],[107.29532671968241,20.854084764122273]]],[[[107.29460192688165,20.856982027791947],[107.29335833634754,20.85755613838777],[107.2953343491878,20.85976866325051],[107.29460192688165,20.856982027791947]]],[[[107.28943682824894,20.873951707949377],[107.28976489137351,20.87568548855823],[107.29057360803495,20.875260149684458],[107.28943682824894,20.873951707949377]]],[[[107.29786730893827,20.875113284505634],[107.29453326319027,20.873770510678774],[107.29608966032626,20.8767688627315],[107.29786730893827,20.875113284505634]]],[[[107.28793383682684,20.875681674545238],[107.28904009863103,20.87598494252476],[107.2886128532027,20.875300204264498],[107.28793383682684,20.875681674545238]]],[[[107.29232836799157,20.87913588245618],[107.2929616075903,20.879315173528042],[107.29277087266776,20.878737246276398],[107.29232836799157,20.87913588245618]]],[[[107.29395342894212,20.879565035095705],[107.29457904049055,20.879456316913572],[107.29388476504333,20.87882498449778],[107.29395342894212,20.879565035095705]]],[[[107.28910113430605,20.88151053160574],[107.28950549219425,20.881287371637224],[107.28881121660977,20.881127154531608],[107.28910113430605,20.88151053160574]]],[[[107.28696490413544,20.881489550439497],[107.28682757467973,20.881670748695417],[107.28707171471096,20.881737506006637],[107.28696490413544,20.881489550439497]]],[[[107.29142810071924,20.902960575252372],[107.28662921146994,20.904579915217262],[107.28907061819791,20.90530661414997],[107.29142810071924,20.902960575252372]]],[[[107.28498126214598,20.905253208612603],[107.28437853927736,20.90591505899535],[107.28585864287211,20.904909885951348],[107.28498126214598,20.905253208612603]]],[[[107.2948460688245,20.909809865300126],[107.29543353304533,20.909207141937934],[107.29519702234468,20.909121311865835],[107.2948460688245,20.909809865300126]]],[[[107.29544879165012,20.911366261260575],[107.2947011111245,20.910031116794652],[107.29407550086934,20.91169814016664],[107.29544879165012,20.911366261260575]]],[[[107.29682971198827,20.91272810784973],[107.2974476928261,20.912249363076242],[107.29672290085978,20.912609852381145],[107.29682971198827,20.91272810784973]]],[[[107.29740191690381,20.912918842992816],[107.29733325224008,20.913302219731875],[107.29761553960384,20.913210667112278],[107.29740191690381,20.912918842992816]]],[[[107.29718066423823,20.91424445032678],[107.29803515644427,20.913586415296237],[107.29723407028146,20.91378859416072],[107.29718066423823,20.91424445032678]]],[[[107.15362597545175,20.92526511541844],[107.15304614157012,20.923956672786222],[107.15239764317961,20.92439154950413],[107.15362597545175,20.92526511541844]]],[[[107.16501666232166,20.928503793001518],[107.16452838016032,20.92789344058691],[107.16428423989805,20.92864875100734],[107.16501666232166,20.928503793001518]]],[[[107.165649901411,20.930584709887846],[107.16632128805094,20.930287164423568],[107.16498614418695,20.92916373509235],[107.165649901411,20.930584709887846]]],[[[107.2071232908259,20.93398741903608],[107.20770312456952,20.933243553381747],[107.20665026868376,20.93320349895016],[107.2071232908259,20.93398741903608]]],[[[107.20501757757219,20.93376235257741],[107.20526171854002,20.934252540247],[107.20593310574048,20.933527748267434],[107.20501757757219,20.93376235257741]]],[[[107.2018208619816,20.935072700083822],[107.20400286846099,20.933565895206385],[107.20150042644644,20.933975975290956],[107.2018208619816,20.935072700083822]]],[[[107.14917803894541,20.93848113385489],[107.14484454308456,20.9327781619195],[107.14537097099964,20.93871955331961],[107.14917803894541,20.93848113385489]]],[[[107.20520068381393,20.936264793148293],[107.20517016582298,20.93545035521111],[107.20442248506885,20.93588141598776],[107.20520068381393,20.936264793148293]]],[[[107.20350695761279,20.93726996675828],[107.2031712644128,20.937256614837448],[107.2034001465285,20.937594215846637],[107.20350695761279,20.93726996675828]]],[[[107.2037816152954,20.938410560873695],[107.20468188508417,20.938605110052862],[107.20516253658198,20.937641899015475],[107.2037816152954,20.938410560873695]]],[[[107.21665240517962,20.9500511092024],[107.21244097945406,20.950598518330217],[107.2168278812873,20.952694695022927],[107.21665240517962,20.9500511092024]]],[[[107.21742297417389,20.95141104935604],[107.2187504882909,20.951054374928557],[107.21775103797971,20.950079719372972],[107.21742297417389,20.95141104935604]]],[[[107.22025347908993,20.953615944775215],[107.21900225839302,20.952362816787364],[107.21936846910202,20.953837197020114],[107.22025347908993,20.953615944775215]]],[[[107.2183156130931,20.956570427507284],[107.21727801515343,20.956295768675297],[107.21765948554659,20.95689086171708],[107.2183156130931,20.956570427507284]]],[[[107.21753741614356,20.965744775673326],[107.21585131868184,20.960404198066446],[107.21914721718203,20.960873406334986],[107.21437884598225,20.9614570551494],[107.21204425096639,20.951706688718772],[107.20607043533745,20.949038308087246],[107.20636035265446,20.959227364179146],[107.21753741614356,20.965744775673326]]],[[[107.22567797980392,20.965460579675227],[107.22568560862962,20.964718620634034],[107.22473956355003,20.964854043498654],[107.22567797980392,20.965460579675227]]],[[[107.23056842142574,20.965033333693977],[107.22831012099768,20.964888375045497],[107.2319951175723,20.96845130165345],[107.23056842142574,20.965033333693977]]],[[[107.22126055963766,20.966858666304766],[107.22021533311172,20.966978829123203],[107.220779907512,20.967678826481592],[107.22126055963766,20.966858666304766]]],[[[107.22563220324713,20.967209617972664],[107.22501422178094,20.96741751882137],[107.22529650983687,20.967613976212288],[107.22563220324713,20.967209617972664]]],[[[107.23299456921485,20.968224327721828],[107.23436786040224,20.969187538702815],[107.2350316167501,20.967020790642927],[107.23299456921485,20.968224327721828]]],[[[107.22532702666844,20.968504708246297],[107.2273488169837,20.970055383549465],[107.22772265692554,20.96836928646029],[107.22532702666844,20.968504708246297]]],[[[107.23233844107949,20.968741218810564],[107.2320332648707,20.969576637862485],[107.2328038341438,20.96901969223586],[107.23233844107949,20.968741218810564]]],[[[107.24163104420586,20.969115059673726],[107.23938800179398,20.97016028695586],[107.2400746471963,20.97111205411349],[107.24163104420586,20.969115059673726]]],[[[107.2317967536721,20.973372262592452],[107.23068286157,20.970003884414574],[107.22442675886077,20.971054833329113],[107.2317967536721,20.973372262592452]]],[[[107.24156237882441,20.97282866684644],[107.24000598310779,20.97194938041364],[107.2399220590916,20.97253493634863],[107.24156237882441,20.97282866684644]]],[[[107.23654986718155,20.972830574784833],[107.23681689630837,20.972893517139],[107.23674060215697,20.972628395933803],[107.23654986718155,20.972830574784833]]],[[[107.23358966219851,20.973995965210033],[107.2331395269649,20.972866813830432],[107.23259021093311,20.973633569482857],[107.23358966219851,20.973995965210033]]],[[[107.23837329239788,20.974413673818383],[107.23894549701104,20.974566262012303],[107.23927356073185,20.97314338011572],[107.23837329239788,20.974413673818383]]],[[[107.23460437092663,20.974158089093013],[107.23486377100342,20.974341195179854],[107.23481799367892,20.974057000556794],[107.23460437092663,20.974158089093013]]],[[[107.23359729078416,20.97569731992629],[107.23240710656489,20.975952904436316],[107.23482562451939,20.975725930545707],[107.23359729078416,20.97569731992629]]],[[[107.24672747951985,20.979428093957157],[107.24581958141208,20.980345528240527],[107.24781085376813,20.979626457725022],[107.24672747951985,20.979428093957157]]],[[[107.2361683975409,20.981001656785505],[107.2366871966029,20.98045615588996],[107.2348790297104,20.98043898839164],[107.2361683975409,20.981001656785505]]],[[[107.24255420006965,20.983420174166458],[107.24407245068456,20.984146874356252],[107.2453313000753,20.98205069850971],[107.24255420006965,20.983420174166458]]],[[[107.24186755595042,20.983080666501795],[107.24139453223083,20.982533257209766],[107.24144030972334,20.985068124792583],[107.24247027764113,20.984118264675534],[107.24186755595042,20.983080666501795]]],[[[107.2540440688716,20.983881752908815],[107.25634051644778,20.98192672028965],[107.25035144222629,20.981766503144485],[107.24673510987432,20.98675040543509],[107.2540440688716,20.983881752908815]]],[[[107.2576146259197,20.98686866126621],[107.25694323839068,20.986954491657684],[107.25711871470745,20.987320702042094],[107.2576146259197,20.98686866126621]]],[[[107.25302173054162,20.98776511560941],[107.25289965965354,20.98950461710061],[107.25473834339213,20.98618392282938],[107.25302173054162,20.98776511560941]]],[[[107.29363299796766,20.990883629579145],[107.29391528514586,20.990443031533342],[107.29289294664039,20.990483085552768],[107.29363299796766,20.990883629579145]]],[[[107.25534869580767,20.990839761457604],[107.25456286801852,20.990975182779042],[107.2567906518842,20.99155883148739],[107.25534869580767,20.990839761457604]]],[[[107.33306933369613,20.809014113593214],[107.33157397274137,20.811480315262408],[107.33543444508953,20.810551436606847],[107.33306933369613,20.809014113593214]]],[[[107.33138323792103,20.829079421518244],[107.33248949974264,20.829655441069693],[107.33281756420713,20.82845571834497],[107.33138323792103,20.829079421518244]]],[[[107.31148577687682,20.833037171184316],[107.31101275346498,20.82862928755798],[107.30963183351867,20.83243826328494],[107.31148577687682,20.833037171184316]]],[[[107.32750750540067,20.834578307521436],[107.32812548633497,20.83587339807051],[107.32923937809456,20.83453062469071],[107.32750750540067,20.834578307521436]]],[[[107.30438281119814,20.842322144723532],[107.30255938463574,20.84114340249615],[107.30091143555751,20.842364106272214],[107.30438281119814,20.842322144723532]]],[[[107.32957507090781,20.84148672510004],[107.32928515460813,20.842800887574644],[107.33199358949595,20.84188345360644],[107.32957507090781,20.84148672510004]]],[[[107.32454729998433,20.844527038839864],[107.32099200331069,20.844982895126435],[107.32250262350634,20.84653738443131],[107.32454729998433,20.844527038839864]]],[[[107.34638262868748,20.851456437147874],[107.34456683280659,20.84902838223508],[107.34200335543183,20.854599746881398],[107.34638262868748,20.851456437147874]]],[[[107.30214739872207,20.865092073819454],[107.30285693292392,20.86197546521245],[107.29959918029581,20.86296347233673],[107.30214739872207,20.865092073819454]]],[[[107.32231188878023,20.86468389986439],[107.31861926144788,20.865040573952733],[107.3215108023408,20.86709669663333],[107.32231188878023,20.86468389986439]]],[[[107.30746508710237,20.86642149588844],[107.30608416698917,20.867089067814685],[107.30925799451408,20.868206774045596],[107.30746508710237,20.86642149588844]]],[[[107.31048632717751,20.86790731928158],[107.30886126626298,20.86879614510864],[107.3105702505336,20.87005880955751],[107.31048632717751,20.86790731928158]]],[[[107.30429125844384,20.87056616362719],[107.30483294555111,20.867531572482672],[107.30261279220792,20.87084272978758],[107.30429125844384,20.87056616362719]]],[[[107.30048419117989,20.871996676217893],[107.30090380774799,20.868977342803067],[107.2989354242242,20.874527728637062],[107.30048419117989,20.871996676217893]]],[[[107.31318713310468,20.872591768900502],[107.31196642974267,20.871838365486436],[107.31050921536159,20.874699389209272],[107.31318713310468,20.872591768900502]]],[[[107.3056187739558,20.87414625795213],[107.30673266515933,20.872401034313686],[107.30285693254747,20.87335089288701],[107.3056187739558,20.87414625795213]]],[[[107.35804797448598,20.889220033647057],[107.37187243676277,20.887314591941795],[107.37325335732793,20.89164618115153],[107.3861546626169,20.87893179437318],[107.38237811287466,20.88770369110827],[107.3874974375442,20.889738831591924],[107.39475299121969,20.878651412972896],[107.37321520986616,20.876486573014443],[107.39130450474612,20.863741668429643],[107.38203478939556,20.866030486524256],[107.36544848534847,20.857857498528162],[107.35360003569753,20.8600757455675],[107.35525561443366,20.863140854069037],[107.34586383055228,20.868830475820644],[107.3438420404467,20.88567236598952],[107.33850146502104,20.885014329668795],[107.33712817331485,20.8725021225532],[107.32959033117925,20.877936159181647],[107.32967425459165,20.894076143890224],[107.3367009275108,20.894007478811645],[107.34677172894746,20.885401521044],[107.35804797448598,20.889220033647057]]],[[[107.30001879892434,20.900570667629328],[107.32164813121285,20.877400194588247],[107.3216862784914,20.871935640164715],[107.30410815345888,20.8873603698052],[107.29115344186005,20.906771457755006],[107.30001879892434,20.900570667629328]]],[[[107.34247637992486,20.89524344071725],[107.34745074499831,20.89860991065354],[107.34742022684162,20.89362028707725],[107.35320330782857,20.89510801903448],[107.34752703913479,20.887493883972077],[107.33911944612085,20.89894560499559],[107.34247637992486,20.89524344071725]]],[[[107.35738421636054,20.894600664993714],[107.35728503397296,20.895886217279422],[107.35792590322676,20.89523962582845],[107.35738421636054,20.894600664993714]]],[[[107.33592272985793,20.89651182809088],[107.33758593840129,20.896918093561073],[107.33693743907486,20.895342622853267],[107.33441210881483,20.89793661765369],[107.33592272985793,20.89651182809088]]],[[[107.3283543700676,20.896454607668538],[107.3280339360658,20.89724997280924],[107.32875109850184,20.897261416819507],[107.3283543700676,20.896454607668538]]],[[[107.35217333981105,20.89727667453077],[107.35346270822909,20.897379671590123],[107.35234881578867,20.896929536558392],[107.35217333981105,20.89727667453077]]],[[[107.32976580833346,20.89727667519803],[107.32967425474163,20.897181307832568],[107.32939959700124,20.897312914240366],[107.32976580833346,20.89727667519803]]],[[[107.35119677749115,20.89755705531752],[107.34848834186671,20.89557531945276],[107.35167742947857,20.899441515223607],[107.35119677749115,20.89755705531752]]],[[[107.3300938723914,20.897961413432252],[107.3293156740906,20.898510729752633],[107.3308720696296,20.898310458198292],[107.3300938723914,20.897961413432252]]],[[[107.31420184275802,20.912615573589846],[107.32347918695393,20.884243761656663],[107.31534625218809,20.886505877411313],[107.31002856452454,20.894379412987963],[107.30837298611723,20.912438191007308],[107.31420184275802,20.912615573589846]]],[[[107.35633898918513,20.899025712443567],[107.35408068906138,20.898709094183214],[107.35432482939903,20.899824893244737],[107.35633898918513,20.899025712443567]]],[[[107.32875109885259,20.89915922892467],[107.32622576919543,20.900471484891934],[107.32814074748919,20.901160037235663],[107.32875109885259,20.89915922892467]]],[[[107.33219958476866,20.90063742314313],[107.3332371834994,20.90155104391614],[107.33403064037549,20.90128210772924],[107.33219958476866,20.90063742314313]]],[[[107.3478856206582,20.901438509043782],[107.34860278309513,20.902909075648946],[107.34909106496521,20.90239790657647],[107.3478856206582,20.901438509043782]]],[[[107.30487872325882,20.903080738534534],[107.30563403282086,20.90364340506786],[107.30686236624696,20.903010166255854],[107.30647326721622,20.902432239027462],[107.30487872325882,20.903080738534534]]],[[[107.33217669701023,20.902731693043165],[107.3303227539196,20.90311125507891],[107.33105517659632,20.904232775820255],[107.33217669701023,20.902731693043165]]],[[[107.34146167032644,20.903818881256022],[107.34532977374073,20.902878558485227],[107.33956195166459,20.904494082486423],[107.34146167032644,20.903818881256022]]],[[[107.32472277838514,20.904654299564925],[107.32691241462165,20.902493273865336],[107.3193211673329,20.908449924485215],[107.32472277838514,20.904654299564925]]],[[[107.30458117726893,20.909872806599303],[107.30340624966409,20.910475528661067],[107.30537463444983,20.91037634668622],[107.30458117726893,20.909872806599303]]],[[[107.29956103493032,20.91004828231908],[107.2988133547088,20.910673893563],[107.29938555918818,20.912764348055234],[107.29956103493032,20.91004828231908]]],[[[107.30106402564549,20.913058079124415],[107.30070544443609,20.91318587178335],[107.30091143803116,20.913317478642934],[107.30106402564549,20.913058079124415]]],[[[107.30356646689289,20.91553381753111],[107.30543566938746,20.913769520172426],[107.30281115736754,20.912098682758106],[107.30356646689289,20.91553381753111]]],[[[107.3067402959114,20.914973057043703],[107.30685473658897,20.914606845720037],[107.30653430206333,20.914654529459042],[107.3067402959114,20.914973057043703]]],[[[107.32285357747357,20.91517142181982],[107.32334185841732,20.91545752371509],[107.32421160984065,20.91453627430278],[107.32285357747357,20.91517142181982]]],[[[107.30505419891338,20.915114200983993],[107.30500079461274,20.914994037982677],[107.30477191180312,20.91518286612022],[107.30505419891338,20.915114200983993]]],[[[107.30619860931455,20.915470874484573],[107.3064503796123,20.915236270379545],[107.30587054554356,20.915297306385554],[107.30619860931455,20.915470874484573]]],[[[107.31125689712627,20.915516652080274],[107.31116534473122,20.91703299399354],[107.31180621360322,20.916821277574336],[107.31125689712627,20.915516652080274]]],[[[107.30802966297786,20.918036259183296],[107.31006671274153,20.915615834033144],[107.30558062815419,20.91766241880389],[107.30802966297786,20.918036259183296]]],[[[107.30435992434866,20.917868413425584],[107.30315448004008,20.91771963911312],[107.30374957336188,20.920120991088638],[107.30435992434866,20.917868413425584]]],[[[107.33255053821206,20.924427784318564],[107.34938098247844,20.915135180892314],[107.3115162964301,20.922520436155896],[107.31720782610414,20.928292072951653],[107.33255053821206,20.924427784318564]]],[[[107.34693194777141,20.943949498138405],[107.34725238125804,20.943791188443623],[107.34622241389025,20.94327238862881],[107.34693194777141,20.943949498138405]]],[[[107.38448382867162,20.96156004793627],[107.38626910609719,20.956848896645837],[107.38987018090923,20.961365497452164],[107.38157702760255,20.947106159705395],[107.35076953195093,20.92534140458311],[107.3177418830534,20.93100241545724],[107.30998278895639,20.936970509348544],[107.31297351210891,20.9425132646633],[107.31519366605713,20.936550892602078],[107.33654071227731,20.94403723629517],[107.34600879008651,20.937321460584297],[107.3678898944906,20.95011786304788],[107.37402392873125,20.959646977477554],[107.37903644033914,20.957827366335557],[107.38542987331965,20.96488646385747],[107.38448382867162,20.96156004793627]]],[[[107.3350224621674,20.949461735420464],[107.33234454562468,20.947890080344102],[107.32590533684211,20.94888762342377],[107.3350224621674,20.949461735420464]]],[[[107.34128619567763,20.95144728512004],[107.3417897353598,20.951761998402368],[107.34246875168472,20.95142058230776],[107.34128619567763,20.95144728512004]]],[[[107.33147479433424,20.95260313946025],[107.32926226953376,20.952740469036662],[107.32952929849156,20.953558721186322],[107.33147479433424,20.95260313946025]]],[[[107.35234881793684,20.95493010433027],[107.35126544373446,20.953625477090167],[107.35199786585268,20.956324376522613],[107.35234881793684,20.95493010433027]]],[[[107.33400775416428,20.956934728039506],[107.3325047629286,20.95596007304503],[107.33329822018827,20.95795897422437],[107.33400775416428,20.956934728039506]]],[[[107.33606006084851,20.957649983749523],[107.33629657162903,20.958081045028724],[107.33556415003508,20.957476414598638],[107.33606006084851,20.957649983749523]]],[[[107.35334063945966,20.95872954266935],[107.35404254384004,20.958927907298563],[107.35357715089654,20.958174504133368],[107.35334063945966,20.95872954266935]]],[[[107.3478398457531,20.96567992184949],[107.34879351989797,20.966181553761565],[107.34888507297536,20.965258397998607],[107.3478398457531,20.96567992184949]]],[[[107.35778857640102,20.96956519101242],[107.35787250016772,20.969767369673484],[107.35798694123767,20.969607152548644],[107.35778857640102,20.96956519101242]]],[[[107.34700824312401,20.982546607026823],[107.34645129655911,20.982382574958926],[107.34649707256438,20.982828893585513],[107.34700824312401,20.982546607026823]]],[[[107.3437733798436,20.98330191719003],[107.34345294437517,20.985066213910898],[107.34529925730244,20.983273307191276],[107.3437733798436,20.98330191719003]]],[[[107.3107686186268,20.98566512261558],[107.31276751926046,20.98466567131381],[107.31192065602153,20.98387793632149],[107.3107686186268,20.98566512261558]]],[[[107.35162402696625,20.98490790417879],[107.35026599375753,20.984505454080267],[107.34892322050548,20.98674658800445],[107.35162402696625,20.98490790417879]]],[[[107.31368304773117,20.986279288700597],[107.3134083888091,20.985317984419577],[107.31254626742236,20.98606566622673],[107.31368304773117,20.986279288700597]]],[[[107.34172107139972,20.985667028656486],[107.34101916766451,20.986845771287754],[107.34212543006032,20.986956397295533],[107.34172107139972,20.985667028656486]]],[[[107.35561420029194,20.98615340267198],[107.35476733666079,20.986618795426654],[107.35559894068538,20.98647955971915],[107.35561420029194,20.98615340267198]]],[[[107.34030200457846,20.986799993845807],[107.33985187075808,20.986977378144847],[107.33986713019549,20.987322608223725],[107.34030200457846,20.986799993845807]]],[[[107.34396411337603,20.98664168433702],[107.34569598724539,20.988568106003594],[107.34768725899157,20.987313070870616],[107.34396411337603,20.98664168433702]]],[[[107.3547597077562,20.99010542867079],[107.35452319581928,20.989455022641717],[107.35325671661532,20.98975638481953],[107.3547597077562,20.99010542867079]]],[[[107.34284259268742,20.989968099851996],[107.34085895122045,20.988524237280547],[107.34361316198436,20.992205420507172],[107.34284259268742,20.989968099851996]]],[[[107.34445239570191,20.990395346360977],[107.34532214708732,20.991661826238214],[107.34687091427098,20.98968390537491],[107.34445239570191,20.990395346360977]]],[[[107.31206561512366,20.991871634830375],[107.30561114779427,20.990269462340947],[107.30717517399381,20.992731849352502],[107.31206561512366,20.991871634830375]]],[[[107.35059405821399,20.992047110265666],[107.3477254056286,20.990940848295683],[107.35041095337884,20.99642256805103],[107.35059405821399,20.992047110265666]]],[[[107.35369922231831,20.994774619519212],[107.35472156146153,20.994492330924018],[107.35428668521897,20.994065085046994],[107.35369922231831,20.994774619519212]]],[[[107.3757481647508,20.748186853775827],[107.37721300932368,20.752419261164718],[107.37906695243444,20.751526622059725],[107.3757481647508,20.748186853775827]]],[[[107.39829302653128,20.756825235345797],[107.39464617530389,20.74808385725914],[107.38743639715513,20.744978693274987],[107.38803149011407,20.752583292815558],[107.39829302653128,20.756825235345797]]],[[[107.38485766293131,20.786572246994492],[107.38345385499036,20.789839534891424],[107.38626147248051,20.78820493719902],[107.38485766293131,20.786572246994492]]],[[[107.3394475085417,20.85194662554933],[107.34980822548567,20.82046774110943],[107.35224200295713,20.835804733349004],[107.36935473413456,20.823662550295115],[107.37899828964997,20.824557096915154],[107.38158465484445,20.829306395045435],[107.38033343250054,20.804735928918216],[107.38444567690664,20.795578747386138],[107.38110400108206,20.793757229141097],[107.37141467023073,20.802330762024418],[107.36772967309963,20.81100156957181],[107.37078906114924,20.80492094221361],[107.34332323948226,20.80631902884323],[107.34217120176004,20.830029280740618],[107.33463336046692,20.84835699547727],[107.3394475085417,20.85194662554933]]],[[[107.35931445199431,20.84381178218444],[107.36068774242344,20.831797392621397],[107.35598040662498,20.83985975577765],[107.35810137914271,20.846564086037894],[107.35931445199431,20.84381178218444]]],[[[107.36953784067695,20.841950210132463],[107.36883593646388,20.842560560863014],[107.37014056259669,20.841278822928857],[107.36953784067695,20.841950210132463]]],[[[107.39141131503276,20.844683440367998],[107.38720751903452,20.845492155284017],[107.38904620289632,20.84752348236977],[107.39141131503276,20.844683440367998]]],[[[107.39500476067657,20.87304380798588],[107.39370013398262,20.8749816744842],[107.39537097247123,20.874892028417328],[107.39500476067657,20.87304380798588]]],[[[107.39783526580412,20.87915876805211],[107.39849139389337,20.879235062168902],[107.3978352664626,20.878765853468227],[107.39783526580412,20.87915876805211]]],[[[107.39018298421884,20.889160904587815],[107.38855029343434,20.889841828682286],[107.38868762276277,20.89063719299854],[107.39018298421884,20.889160904587815]]],[[[107.37494708356546,20.89203337206374],[107.37328387566035,20.893641267498353],[107.3740086674897,20.89418104743566],[107.37494708356546,20.89203337206374]]],[[[107.3911748056545,20.89146879688558],[107.39028979598963,20.894835266543183],[107.39323474166949,20.89357069446237],[107.3911748056545,20.89146879688558]]],[[[107.35909320109077,20.89648703123287],[107.3595051887394,20.89656714050859],[107.36005450536732,20.895930086473843],[107.35909320109077,20.89648703123287]]],[[[107.35895587240262,20.896700654551992],[107.35662890588793,20.89881781200284],[107.3586583253878,20.8990943782184],[107.35895587240262,20.896700654551992]]],[[[107.37494708351649,20.899653230383812],[107.37693835521296,20.8976142743905],[107.36345721442657,20.899174486562128],[107.37494708351649,20.899653230383812]]],[[[107.37825061054451,20.901705537421563],[107.379471314792,20.901034150985772],[107.37904406749679,20.90078428842015],[107.37825061054451,20.901705537421563]]],[[[107.36150408951067,20.90178373980206],[107.35532427999155,20.900042330265812],[107.34563494967871,20.905228411200095],[107.40374041935591,20.91966894761554],[107.41246081779511,20.924998079445775],[107.42171527311345,20.94872931165042],[107.42625476321085,20.945929324475568],[107.43454028636721,20.957739626779617],[107.44899036042123,20.96828917296325],[107.45486499323636,20.96720579868114],[107.44774676774966,20.946350847934962],[107.41979266597211,20.919642244137812],[107.38538409473996,20.905787263389573],[107.36150408951067,20.90178373980206]]],[[[107.36279345806604,20.914088045966377],[107.37037707625915,20.916655336909315],[107.37160540927982,20.914442812366357],[107.36279345806604,20.914088045966377]]],[[[107.37796069407155,20.91858748151668],[107.37966967878485,20.91875341981756],[107.37692309683896,20.91701010413416],[107.37796069407155,20.91858748151668]]],[[[107.38310290651052,20.91901091175434],[107.38530780170484,20.920067583691406],[107.3851552139388,20.919379030824455],[107.38310290651052,20.91901091175434]]],[[[107.39549304343652,20.927216325908205],[107.39881945928164,20.92679289459983],[107.3977513441487,20.92486647307873],[107.39549304343652,20.927216325908205]]],[[[107.39421893478175,20.93399885799294],[107.3949742452398,20.934140002175567],[107.3956227434312,20.933283602365222],[107.39421893478175,20.93399885799294]]],[[[107.38545276090834,20.93621329045755],[107.386345399868,20.93576887810269],[107.38567401293727,20.934077059513026],[107.38545276090834,20.93621329045755]]],[[[107.39768267980001,20.938265597647288],[107.39691974072501,20.93731955291994],[107.39677478195509,20.938616549301827],[107.39768267980001,20.938265597647288]]],[[[107.3961033959698,20.937903201503204],[107.3925862449304,20.9378593325798],[107.39326526076503,20.94291952842369],[107.3961033959698,20.937903201503204]]],[[[107.39773608568785,20.939795290352116],[107.39776660425368,20.94053915679628],[107.398392214052,20.940190112780062],[107.39773608568785,20.939795290352116]]],[[[107.3898549224057,20.942051685284742],[107.3829045428231,20.938582218106436],[107.38192798099239,20.941931522448535],[107.39209033380787,20.948338305836913],[107.3898549224057,20.942051685284742]]],[[[107.39260150398037,20.949480807957222],[107.392899050356,20.950213230348815],[107.39499713369435,20.949364459688265],[107.39260150398037,20.949480807957222]]],[[[107.39397479574612,20.954256809539324],[107.39506579786655,20.95198515708679],[107.3925252106135,20.95163992617253],[107.39397479574612,20.954256809539324]]],[[[107.3884816312222,20.954499042916577],[107.38986255135005,20.95508841325632],[107.388977540894,20.953175342713322],[107.3884816312222,20.954499042916577]]],[[[107.36667682128947,20.962618626246968],[107.36720324936724,20.963305272593647],[107.36748553725512,20.962414540635532],[107.36667682128947,20.962618626246968]]],[[[107.3704762590699,20.963051594171482],[107.37126971636852,20.964649952015932],[107.37188769701447,20.964037694648397],[107.3704762590699,20.963051594171482]]],[[[107.36756183092632,20.96401099184389],[107.36837054777516,20.964228428666164],[107.36853076474532,20.963831700065963],[107.36756183092632,20.96401099184389]]],[[[107.36778308299243,20.964766301525305],[107.37060595951667,20.968577183412936],[107.3713994168623,20.967472828827802],[107.36778308299243,20.964766301525305]]],[[[107.3590855734434,20.970009602844836],[107.35805560565016,20.969992437077543],[107.36035205381474,20.96967391012361],[107.3590855734434,20.970009602844836]]],[[[107.36074115282999,20.971030034666683],[107.36051990065378,20.97093848150001],[107.36050464156206,20.97119978930811],[107.36074115282999,20.971030034666683]]],[[[107.368767275982,20.971724309689478],[107.36943866265808,20.971417226100254],[107.36832477039701,20.97157553615666],[107.368767275982,20.971724309689478]]],[[[107.39791156304838,20.971995151797874],[107.39684344774804,20.973429478261327],[107.39865161408638,20.972784794327367],[107.39791156304838,20.971995151797874]]],[[[107.37278033795427,20.97412184668594],[107.37238360916821,20.97400931311871],[107.37242175577994,20.974306860072023],[107.37278033795427,20.97412184668594]]],[[[107.37937213431488,20.977434910761453],[107.37788440317128,20.975487507609973],[107.37394763521222,20.977680959118633],[107.37937213431488,20.977434910761453]]],[[[107.4081730996669,20.978153981186164],[107.40277148696785,20.976584233087827],[107.40303851618218,20.97933272212551],[107.4081730996669,20.978153981186164]]],[[[107.40528155807723,20.980290211222318],[107.40573169344239,20.979952610979684],[107.40511371190453,20.979790486071884],[107.40528155807723,20.980290211222318]]],[[[107.38594104327346,20.98103217034549],[107.3813328895057,20.98159293102323],[107.38636828947519,20.982596196630205],[107.38594104327346,20.98103217034549]]],[[[107.40564014050926,20.983065404776287],[107.40659381481026,20.982411182952745],[107.40538837050018,20.981983937124],[107.40564014050926,20.983065404776287]]],[[[107.38834430250628,20.985844411145546],[107.38748218112762,20.986796177981315],[107.38962604139013,20.987503804632833],[107.38834430250628,20.985844411145546]]],[[[107.36031390680343,20.988207617139654],[107.35988666114804,20.987454214604625],[107.35929156789291,20.988150396528727],[107.36031390680343,20.988207617139654]]],[[[107.40081073394519,20.989077367076646],[107.40036822824153,20.989090718501817],[107.4005894817132,20.98957137067947],[107.40081073394519,20.989077367076646]]],[[[107.35920764524892,20.98953894682141],[107.35845996353358,20.988791266113708],[107.35761310135803,20.989908971571012],[107.35920764524892,20.98953894682141]]],[[[107.36040546039547,20.989905157941624],[107.36174823309412,20.990357198388917],[107.36170245675004,20.989453115952287],[107.36040546039547,20.989905157941624]]],[[[107.40156604322118,20.989952839921298],[107.40112353880725,20.989525593825295],[107.40105487410055,20.990263738184048],[107.40156604322118,20.989952839921298]]],[[[107.36003924900575,20.991457739516168],[107.36074878201775,20.991358556983542],[107.36016894833365,20.990315238156956],[107.36003924900575,20.991457739516168]]],[[[107.3981099270804,20.99131278005944],[107.39839221572988,20.99257544454962],[107.39971973092727,20.99021033256244],[107.3981099270804,20.99131278005944]]],[[[107.3774953029608,20.99153784771366],[107.37665607044198,20.99154547790665],[107.3770375405939,20.992089071920017],[107.3774953029608,20.99153784771366]]],[[[107.4041676674563,20.992312231177806],[107.40123035014693,20.99299887552275],[107.40187884827888,20.993855275660962],[107.4041676674563,20.992312231177806]]],[[[107.39441730018113,20.994036474266174],[107.39340259114908,20.9938114072674],[107.39342547990361,20.994459905137514],[107.39441730018113,20.994036474266174]]],[[[107.39128924993253,20.994904317661756],[107.39108325592177,20.99550894721495],[107.39147235485595,20.995234289456594],[107.39128924993253,20.994904317661756]]],[[[107.40564014096658,20.995749273081465],[107.40516711773915,20.995171345616733],[107.4049153476636,20.99595908060937],[107.40564014096658,20.995749273081465]]],[[[107.3623128085265,20.99657897075912],[107.36383868736351,20.9952438271926],[107.36325885293057,20.994671622289314],[107.3623128085265,20.99657897075912]]],[[[107.37870837780825,20.99604109760552],[107.38136340652554,20.997517385331925],[107.38132525902184,20.99569777565284],[107.37870837780825,20.99604109760552]]],[[[107.37881518916664,20.996578971031568],[107.37767077976045,20.997177877494572],[107.37905932907252,20.997824468543815],[107.37881518916664,20.996578971031568]]],[[[107.36321307741076,20.9971073060937],[107.36195422733931,20.997652808177875],[107.36294604842189,20.998423376803895],[107.36321307741076,20.9971073060937]]],[[[107.40258075408174,20.99808005272334],[107.40281726518533,20.997940817409113],[107.40248157099457,20.997832098214097],[107.40258075408174,20.99808005272334]]],[[[107.36574603605973,20.998680869215566],[107.36637927637527,20.998461524424215],[107.36606647006418,20.99793891016487],[107.36574603605973,20.998680869215566]]],[[[107.38995410583121,20.99862746211896],[107.3901600983802,20.99816206953739],[107.38961841136954,20.998190679363436],[107.38995410583121,20.99862746211896]]],[[[107.39349414516573,20.998242178605633],[107.39457751915178,20.997650900489703],[107.39119006726612,20.99932364443863],[107.39349414516573,20.998242178605633]]],[[[107.36669971042583,20.999323644902052],[107.3677220489928,20.99949721418394],[107.36727191519378,20.998520652270024],[107.36669971042583,20.999323644902052]]],[[[107.40420581508312,20.9997928520175],[107.40348102198716,20.99943045654702],[107.40356494627007,21.000559606062048],[107.40420581508312,20.9997928520175]]],[[[107.3651967196671,21.00048522108616],[107.36422015740777,21.000494756948044],[107.36721088078505,21.001717368290215],[107.3651967196671,21.00048522108616]]],[[[107.38461352937809,21.006565847852507],[107.38339282587262,21.00186995574566],[107.38071490884087,21.006432334110215],[107.38461352937809,21.006565847852507]]],[[[107.40130664476632,21.00709227592119],[107.4010625040749,21.006756582903915],[107.40055133546636,21.00729445466141],[107.40130664476632,21.00709227592119]]],[[[107.38674975940944,21.007572928036016],[107.38453723624548,21.009339133075294],[107.38783313398484,21.008276740026062],[107.38674975940944,21.007572928036016]]],[[[107.39925433857786,21.02308730210131],[107.39878131562958,21.0236804873659],[107.39914752666179,21.02351073339401],[107.39925433857786,21.02308730210131]]],[[[107.40506793616039,21.025307456533447],[107.40605212872653,21.02534751045001],[107.40540363034053,21.02448538778898],[107.40506793616039,21.025307456533447]]],[[[107.38790942870358,21.03058699790413],[107.38124896716235,21.018643180881806],[107.3829350634001,21.037518303450515],[107.39025928188592,21.03710631526373],[107.38790942870358,21.03058699790413]]],[[[107.40586902342011,21.032370368883683],[107.4036030930283,21.03365210638246],[107.40498401391316,21.034386435758936],[107.40586902342011,21.032370368883683]]],[[[107.43269396810183,20.788403300246728],[107.4312443828838,20.786864069576254],[107.43052721951365,20.791159419028176],[107.43269396810183,20.788403300246728]]],[[[107.410622129344,20.806780604941064],[107.42097521805091,20.798659115100623],[107.41600085199224,20.775130060917647],[107.41094256343966,20.7698810380594],[107.40660906754941,20.778349666508042],[107.40000201096204,20.779557017437394],[107.39907122585421,20.79613378514678],[107.4038319685908,20.80813863889811],[107.410622129344,20.806780604941064]]],[[[107.41517687924112,20.851786406349074],[107.4113164052415,20.849638731134217],[107.41452075193403,20.855057509365544],[107.41517687924112,20.851786406349074]]],[[[107.44705249118581,20.902573379924412],[107.45262194934331,20.899164947744055],[107.44944049232345,20.893543989816667],[107.43280078155146,20.884152206445297],[107.41758013952574,20.890871796256523],[107.44062854133001,20.904682906721977],[107.44705249118581,20.902573379924412]]],[[[107.42849780470422,20.92392805613952],[107.42921496810249,20.924362931755546],[107.42905475055622,20.9236228798873],[107.42849780470422,20.92392805613952]]],[[[107.43067981237027,20.925446305727146],[107.43229724291004,20.92771795775481],[107.43502093684266,20.929241929512337],[107.43067981237027,20.925446305727146]]],[[[107.43112231779487,20.961558138972027],[107.42971088051428,20.963331974099436],[107.4339375640833,20.965470110801373],[107.43112231779487,20.961558138972027]]],[[[107.4059529450089,20.965910709335517],[107.40717364776908,20.965586460792473],[107.40746356451652,20.965048587844954],[107.4059529450089,20.965910709335517]]],[[[107.43396808228661,20.967901980638768],[107.43429614664448,20.96833494935794],[107.43470050402348,20.967776095882474],[107.43396808228661,20.967901980638768]]],[[[107.4074025296558,20.969094074478768],[107.40665484902159,20.96894148655254],[107.40721942384083,20.9695632826767],[107.4074025296558,20.969094074478768]]],[[[107.42354632882409,20.972851551191507],[107.4229970121252,20.972853458644003],[107.42325641225507,20.9732768891188],[107.42354632882409,20.972851551191507]]],[[[107.431869998124,20.971623217869205],[107.43070270150183,20.97291830838533],[107.43392230575913,20.974575793844927],[107.431869998124,20.971623217869205]]],[[[107.41480304354361,20.973603046605927],[107.41358233992108,20.973198688585374],[107.41351367558427,20.97376135692093],[107.41480304354361,20.973603046605927]]],[[[107.41334582827801,20.974148548940622],[107.41279651181355,20.974167621670425],[107.41278125331792,20.97474554877549],[107.41334582827801,20.974148548940622]]],[[[107.41767932415553,20.97480467667712],[107.41792346499565,20.976158893858127],[107.4202504307229,20.975903308963314],[107.41767932415553,20.97480467667712]]],[[[107.43550159029846,20.977175510021976],[107.43573047230156,20.977705753069916],[107.43724109240976,20.976977146370015],[107.43550159029846,20.977175510021976]]],[[[107.41595508122134,20.977251805198527],[107.41489459489793,20.97881392306675],[107.41794635296824,20.976609027875206],[107.41595508122134,20.977251805198527]]],[[[107.41772510174096,20.978073871804114],[107.41814471718465,20.979216373997993],[107.41824390025427,20.977967060960587],[107.41772510174096,20.978073871804114]]],[[[107.42118884651447,20.978451526820482],[107.42135669387446,20.97890929100766],[107.42175342100965,20.97886160714258],[107.42118884651447,20.978451526820482]]],[[[107.41847278184841,20.979222096131377],[107.41876269819024,20.97952154957121],[107.41886188112053,20.979298389707292],[107.41847278184841,20.979222096131377]]],[[[107.40753985934194,20.980873860380616],[107.40744830637429,20.97984961425387],[107.40676166108048,20.980612553109786],[107.40753985934194,20.980873860380616]]],[[[107.42637683484514,20.981232441115083],[107.42652179342645,20.980362690608196],[107.42624713496821,20.98054007396637],[107.42637683484514,20.981232441115083]]],[[[107.42256976690548,20.98181608954862],[107.42211200338424,20.981591022552035],[107.42276813114793,20.982296742259173],[107.42256976690548,20.98181608954862]]],[[[107.41539813544723,20.981535710116905],[107.41445972069654,20.982012547289656],[107.41511584822243,20.98253516090061],[107.41539813544723,20.981535710116905]]],[[[107.41420795067572,20.985928334538137],[107.41337634694624,20.985602177313616],[107.41365100423148,20.986147678907773],[107.41420795067572,20.985928334538137]]],[[[107.41054584134113,20.98788527486061],[107.41241504232586,20.98625448995692],[107.41120959856191,20.985731877497887],[107.41054584134113,20.98788527486061]]],[[[107.41367389252733,20.98907736598084],[107.4145283849091,20.99018553658367],[107.41581012345944,20.98688963842166],[107.41367389252733,20.98907736598084]]],[[[107.42713977537838,20.99466208374098],[107.42411853407266,20.994061268090597],[107.42459155706068,20.997050084445334],[107.42713977537838,20.99466208374098]]],[[[107.42720080988562,20.996554173669416],[107.4273152506911,20.995631016693356],[107.42640735308099,20.995688237813525],[107.42720080988562,20.996554173669416]]],[[[107.42195178553682,20.996681965975153],[107.4229664960543,20.996796406435312],[107.42365314110351,20.99613837159836],[107.42195178553682,20.996681965975153]]],[[[107.40874530423801,20.996247091255896],[107.40696002546055,20.997460164854637],[107.41066791176185,20.999552525571954],[107.40874530423801,20.996247091255896]]],[[[107.43009998013,20.99868658940634],[107.43014575651569,20.997912205310655],[107.42935229898357,20.998013295605794],[107.43009998013,20.99868658940634]]],[[[107.42585803628714,20.99940756717651],[107.42434741603138,20.999575413396673],[107.42409564568456,21.000651158757233],[107.42585803628714,20.99940756717651]]],[[[107.43199969928463,21.00055769887362],[107.4316640059239,21.00067976874747],[107.43176318780196,21.000981129680884],[107.43199969928463,21.00055769887362]]],[[[107.40737964299784,21.00617102607122],[107.40816546977356,21.00594786667912],[107.40697528508005,21.0045154475585],[107.40737964299784,21.00617102607122]]],[[[107.41756488421515,21.005936421633372],[107.41700793955988,21.005738058431255],[107.41688586796914,21.00598792004669],[107.41756488421515,21.005936421633372]]],[[[107.41062213528056,21.00654486608543],[107.40942432082413,21.00622824604883],[107.40982104922746,21.00664023407307],[107.41062213528056,21.00654486608543]]],[[[107.40754748887011,21.009959020252257],[107.4054722943086,21.00897101440564],[107.4043660325084,21.012518682542936],[107.40754748887011,21.009959020252257]]],[[[107.41874744089188,21.011145391646803],[107.41858722376067,21.010611332870724],[107.41828204863863,21.011620321325527],[107.41874744089188,21.011145391646803]]],[[[107.42456103954663,21.012903966793225],[107.42233325684369,21.010350026843227],[107.42192889792165,21.011177816069765],[107.42456103954663,21.012903966793225]]],[[[107.42131091757595,21.013062275915832],[107.42153979921176,21.012127675911792],[107.42033435528694,21.013203420765247],[107.42131091757595,21.013062275915832]]],[[[107.42014362052707,21.013657369695284],[107.419701115022,21.013869085295337],[107.420097843729,21.014233389022117],[107.42014362052707,21.013657369695284]]],[[[107.4181523483592,21.014210500859846],[107.41783954375414,21.01446227061463],[107.41819812472295,21.0146644491417],[107.4181523483592,21.014210500859846]]],[[[107.40538837084782,21.013968267403293],[107.4082799112041,21.015623846555975],[107.40869952871596,21.01429442471781],[107.40538837084782,21.013968267403293]]],[[[107.4164891404129,21.016651907685272],[107.41654254658695,21.01707724576141],[107.41676379841125,21.01682166151691],[107.4164891404129,21.016651907685272]]],[[[107.41425372726275,21.02048186349554],[107.41262103725576,21.019884864057158],[107.41163684530551,21.020651618309905],[107.41425372726275,21.02048186349554]]],[[[107.42859698944497,21.01901320426693],[107.42775012646128,21.022955694191104],[107.42977954597036,21.021092214746474],[107.42859698944497,21.01901320426693]]],[[[107.41374255851966,21.021195211922674],[107.41399432859966,21.02129820845587],[107.41406299255009,21.020870962537277],[107.41374255851966,21.021195211922674]]],[[[107.41175128633398,21.02135161521938],[107.41149951678916,21.021132269483875],[107.41124774660742,21.0217349915376],[107.41175128633398,21.02135161521938]]],[[[107.42367603112768,21.023043432695307],[107.42478992188387,21.023503103530846],[107.42290546180493,21.02172163951923],[107.42367603112768,21.023043432695307]]],[[[107.41550494877727,21.023812093680828],[107.41619159328754,21.023636617773228],[107.41449786821983,21.022805013697358],[107.41550494877727,21.023812093680828]]],[[[107.42828418493349,21.023714819940796],[107.43164111777445,21.026791372525576],[107.43101550828993,21.02471808495681],[107.42828418493349,21.023714819940796]]],[[[107.41952564029783,21.026942052583806],[107.41903735867842,21.026345053019426],[107.41879321768454,21.026631155718796],[107.41952564029783,21.026942052583806]]],[[[107.43214465849964,21.02857283684474],[107.43284656259218,21.028889455452074],[107.4322896173641,21.02811697950879],[107.43214465849964,21.02857283684474]]],[[[107.42260791459383,21.028973379566413],[107.4218754928357,21.028759757169546],[107.42171527561315,21.029629508088227],[107.42260791459383,21.028973379566413]]],[[[107.41093494178358,21.02918891027328],[107.40708972653489,21.027375022600662],[107.41124011712873,21.03130606726932],[107.41093494178358,21.02918891027328]]],[[[107.41736652077778,21.03119925660952],[107.41928149886569,21.031958380383514],[107.41617633550648,21.027891913363288],[107.41736652077778,21.03119925660952]]],[[[107.42514087435661,21.033728400578994],[107.42826129752787,21.034106054629103],[107.42293597866099,21.031023780013292],[107.42514087435661,21.033728400578994]]],[[[107.4346089531336,21.033676902120366],[107.43412067254341,21.033982076621275],[107.43517352810633,21.033974447992488],[107.4346089531336,21.033676902120366]]],[[[107.43603565022676,21.03547743911021],[107.43669940714517,21.035902776894943],[107.43607379690557,21.0335014249808],[107.43603565022676,21.03547743911021]]],[[[107.43251849937488,21.035183707449413],[107.43347217358269,21.037121573382972],[107.43472339386219,21.035448827804014],[107.43251849937488,21.035183707449413]]],[[[107.42878009509761,21.036246099720024],[107.4299321337657,21.035528936920187],[107.42861987828982,21.035286704364914],[107.42878009509761,21.036246099720024]]],[[[107.4269108942179,21.03598288659006],[107.42694141157872,21.035494605382485],[107.42649127756069,21.036461631082904],[107.4269108942179,21.03598288659006]]],[[[107.41722919173574,21.040306845898158],[107.41762592096427,21.03925780499495],[107.41679431757859,21.03929976585325],[107.41722919173574,21.040306845898158]]],[[[107.41136981736942,21.04070357497246],[107.40993549143644,21.039402762422345],[107.40993549116718,21.041285316226812],[107.41136981736942,21.04070357497246]]],[[[107.42028857921315,21.042912285049546],[107.41949512212831,21.043637076477406],[107.42017413861078,21.04401663888763],[107.42028857921315,21.042912285049546]]],[[[107.41215564506682,21.043968955995208],[107.41161395779885,21.043577948849343],[107.41173602858963,21.044085303568515],[107.41215564506682,21.043968955995208]]],[[[107.41184284050226,21.044503013063494],[107.41218616228909,21.04452399437957],[107.41153766451067,21.044369498867137],[107.41184284050226,21.044503013063494]]],[[[107.42231799853614,21.045866768166835],[107.42179157040493,21.045756140460192],[107.42174579427262,21.046570578958583],[107.42231799853614,21.045866768166835]]],[[[107.4198002980047,21.04698828868244],[107.41857196613788,21.04636267760746],[107.4195637875693,21.048004904757487],[107.4198002980047,21.04698828868244]]],[[[107.42450000582073,21.04637984398381],[107.42234088645456,21.047928611145256],[107.42367603159018,21.048720160604677],[107.42450000582073,21.04637984398381]]],[[[107.43209888296921,21.048119345943263],[107.43170978351125,21.04763487922833],[107.43161823101453,21.048062125193017],[107.43209888296921,21.048119345943263]]],[[[107.41778613820618,21.047327796636253],[107.41584827195268,21.048695366284452],[107.41725971024935,21.049460212052477],[107.41778613820618,21.047327796636253]]],[[[107.42646076031343,21.049032966150616],[107.42602588448095,21.050654212592903],[107.42720844047685,21.05042533105413],[107.42646076031343,21.049032966150616]]],[[[107.41590167706973,21.050356666434826],[107.4155049491109,21.0502517624331],[107.41560413120499,21.050564566865333],[107.41590167706973,21.050356666434826]]],[[[107.42353870160385,21.0541427532179],[107.42264606290856,21.052658835979393],[107.42185260572171,21.05293730911318],[107.42353870160385,21.0541427532179]]],[[[107.43689777155981,21.054196158936374],[107.4316334901396,21.052563468863333],[107.43801166440623,21.057514946221733],[107.43689777155981,21.054196158936374]]],[[[107.43031360443298,21.055847923329313],[107.42811633839978,21.055741111274045],[107.42854358456144,21.057133475721123],[107.43031360443298,21.055847923329313]]],[[[107.4319997007197,21.058930197674737],[107.43394519721379,21.06052283490014],[107.43314410949054,21.058703224423613],[107.4319997007197,21.058930197674737]]],[[[107.46987200539482,20.734551215664904],[107.45899248885252,20.719139837749953],[107.44624377128054,20.718781257819078],[107.47030688195565,20.73965718794061],[107.46987200539482,20.734551215664904]]],[[[107.46013690290417,20.86289861881041],[107.4596791381857,20.8660800755197],[107.46125079461295,20.863470823421846],[107.46013690290417,20.86289861881041]]],[[[107.46805621391546,20.865462095128226],[107.45977832055621,20.87215498197283],[107.46230365104834,20.87354734631749],[107.46805621391546,20.865462095128226]]],[[[107.4679417741785,20.894673140378494],[107.46943713528782,20.89188459640397],[107.46422625831667,20.895542892180472],[107.4679417741785,20.894673140378494]]],[[[107.51833392632018,20.92512396173155],[107.46315051473657,20.90548590012627],[107.45046283205056,20.905947479701307],[107.46073199698448,20.911541733042053],[107.45441485799621,20.91675070219396],[107.39473773293302,20.89060095312415],[107.3960881356497,20.902785097287456],[107.41352130266397,20.90822485447935],[107.4195790427531,20.915667329251008],[107.4338612683691,20.917685303527406],[107.44547320869611,20.92982176303999],[107.47393848000156,20.944519791584934],[107.49210406942349,20.979573045790882],[107.48342944716458,20.97380522375758],[107.47795917258685,20.985672747779997],[107.48636676456577,20.98112753562208],[107.4857869307844,20.9886196013901],[107.51110126301543,21.018492495962253],[107.5099721124778,21.00260618901092],[107.51943256156704,21.024569309811188],[107.53723194043481,21.04213026843232],[107.53589679582066,21.009594714478283],[107.55089618567293,21.031599795943254],[107.55049182795483,21.045107639554352],[107.5571675488945,21.04569319562503],[107.56058551639309,21.03860167259985],[107.54612781377179,21.01835898154761],[107.54312183175453,21.005173480175184],[107.55084277943875,20.985914979190547],[107.54221393258325,20.982001100221225],[107.53788043738156,20.986243043451683],[107.54177905764976,20.981402193031325],[107.5374608203921,20.972775254681746],[107.53202106119176,20.97164610336982],[107.53717853215933,20.970125946733795],[107.53588153519954,20.965542588624622],[107.51833392632018,20.92512396173155]]],[[[107.43923236326039,20.93163946723434],[107.44052936076206,20.93295362986927],[107.44036914344464,20.931940828055602],[107.43923236326039,20.93163946723434]]],[[[107.48051501923007,20.972687518162925],[107.47185565551048,20.95387915216655],[107.44957019310733,20.93359068382187],[107.44324542409329,20.932759079871662],[107.45669604752256,20.945856843350434],[107.4704289592193,20.97408178909597],[107.47557880033798,20.977446352670214],[107.48051501923007,20.972687518162925]]],[[[107.43681384609629,20.969538486406194],[107.43788196134115,20.968956744667654],[107.43736316205091,20.96890524615676],[107.43681384609629,20.969538486406194]]],[[[107.46627856900777,20.969326769112033],[107.4650426065638,20.970530306389858],[107.46631671604287,20.97087935140145],[107.46627856900777,20.969326769112033]]],[[[107.44596911955264,20.96853522077393],[107.44547320911832,20.97184256255762],[107.44766284596459,20.97287253085485],[107.44596911955264,20.96853522077393]]],[[[107.4388127477609,20.97031477685468],[107.4384007602995,20.971466815433974],[107.43956805790984,20.971886431611654],[107.4388127477609,20.97031477685468]]],[[[107.44905139598542,20.973873888531944],[107.44924213068998,20.974430834852058],[107.4495015295115,20.973215854130096],[107.44905139598542,20.973873888531944]]],[[[107.44126941229355,20.973484789823914],[107.44107104810138,20.974051272915744],[107.44187213478925,20.97410849289929],[107.44202472262155,20.97349242002268],[107.44126941229355,20.973484789823914]]],[[[107.44263507478031,20.9788959385234],[107.44191791203268,20.97577551620399],[107.43681384683991,20.979458606054305],[107.44263507478031,20.9788959385234]]],[[[107.46911670319793,20.978869235195013],[107.46613360972852,20.977904116806446],[107.46672107284844,20.979693209316128],[107.46911670319793,20.978869235195013]]],[[[107.47488452637468,20.98070410433921],[107.47039844208783,20.976088320787834],[107.47099353430185,20.983872210661964],[107.47488452637468,20.98070410433921]]],[[[107.44149066596565,20.982527530330643],[107.43655444673911,20.98234442523254],[107.43846179619894,20.98373297574282],[107.44149066596565,20.982527530330643]]],[[[107.4481969045061,20.993534839986083],[107.44708301185618,20.99364165166104],[107.44781543431782,20.99473837710904],[107.4481969045061,20.993534839986083]]],[[[107.44717456563974,21.00647810843419],[107.44799853993807,21.00422743735629],[107.4437337087934,21.00901488241925],[107.44627429621346,21.010222233920416],[107.44717456563974,21.00647810843419]]],[[[107.4406666915095,21.00909689835581],[107.44158221848059,21.007349766244502],[107.44119312003026,21.011072911852605],[107.4406666915095,21.00909689835581]]],[[[107.43698932387153,21.00940207376349],[107.4361577198896,21.01022604898619],[107.43829394939331,21.00930289210948],[107.43698932387153,21.00940207376349]]],[[[107.45449878419983,21.00943259136105],[107.45377399187113,21.010752475957876],[107.45553638187829,21.010767735430722],[107.45449878419983,21.00943259136105]]],[[[107.4734425712118,21.010744847026675],[107.47403766443321,21.01038435831399],[107.47309161847774,21.00983122686145],[107.4734425712118,21.010744847026675]]],[[[107.4506917162291,21.01006773889044],[107.45073749299166,21.012144841250784],[107.45272876465457,21.011074818073876],[107.4506917162291,21.01006773889044]]],[[[107.47528888533105,21.01113203858057],[107.47561694802992,21.011383808566823],[107.47567035371895,21.011194980781987],[107.47528888533105,21.01113203858057]]],[[[107.47332050137403,21.012463367986058],[107.47446491051514,21.012280263005838],[107.47335864801398,21.011873996821716],[107.47332050137403,21.012463367986058]]],[[[107.44576312733636,21.012680806478542],[107.44535113973699,21.011624135565995],[107.4437718553046,21.01343611662394],[107.44608356197148,21.01378134634177],[107.44576312733636,21.012680806478542]]],[[[107.47771503249606,21.015230931171764],[107.47857715457063,21.01257208714761],[107.47714282681783,21.01270560047988],[107.47771503249606,21.015230931171764]]],[[[107.45945026106229,21.01566199217526],[107.45654346176293,21.010443486328807],[107.45449878387922,21.01319388359614],[107.45945026106229,21.01566199217526]]],[[[107.44727374754106,21.014838018025227],[107.44689227786536,21.017010487820464],[107.4480748343158,21.016419210205225],[107.44727374754106,21.014838018025227]]],[[[107.44963123110242,21.016388692073715],[107.4503026170383,21.016472615733868],[107.4502568412929,21.015620030551986],[107.44963123110242,21.016388692073715]]],[[[107.43817950936732,21.017390051434052],[107.43830157944842,21.018923559201145],[107.43962146477391,21.01833800339914],[107.43817950936732,21.017390051434052]]],[[[107.47664691771091,21.01903990624896],[107.47518207340859,21.01774290895804],[107.47596790134675,21.019598758936016],[107.47664691771091,21.01903990624896]]],[[[107.44660236107019,21.024353780002702],[107.4410939376966,21.011360921538586],[107.43417407691814,21.011740484257928],[107.44435168996966,21.021914280747257],[107.44236804741253,21.025828160928167],[107.44660236107019,21.024353780002702]]],[[[107.45970203107902,21.017864979278322],[107.4591298267516,21.020136633092797],[107.46115161655597,21.019665516423025],[107.45970203107902,21.017864979278322]]],[[[107.45297290636965,21.02028159119124],[107.45275165340243,21.01903800004827],[107.45191241970849,21.019499577921465],[107.45297290636965,21.02028159119124]]],[[[107.47850848951428,21.02179030343812],[107.47831012522346,21.02075079785112],[107.47808124302674,21.02136687137205],[107.47850848951428,21.02179030343812]]],[[[107.45493365967772,21.020523824040687],[107.45326282242483,21.021792210847373],[107.45463611444029,21.022488393131106],[107.45493365967772,21.020523824040687]]],[[[107.45129443887129,21.022667684037884],[107.45043231701872,21.019814290686924],[107.45228625982203,21.026034154861883],[107.45129443887129,21.022667684037884]]],[[[107.44783832330579,21.021153249230085],[107.4476170706164,21.022351063747443],[107.44825031049585,21.022377767102018],[107.44783832330579,21.021153249230085]]],[[[107.47631122369776,21.025059498915983],[107.47560931937028,21.02430418814999],[107.47496845011281,21.025469578728305],[107.47631122369776,21.025059498915983]]],[[[107.46297504251591,21.023939885865826],[107.46073200066155,21.022747792675524],[107.46028186487001,21.027832783743367],[107.46297504251591,21.023939885865826]]],[[[107.45655872139498,21.02679327874661],[107.45372058660442,21.02360800675509],[107.45481159054115,21.02890662175162],[107.45655872139498,21.02679327874661]]],[[[107.47645618223481,21.027054585606464],[107.4760365652281,21.026476658885674],[107.47547199047301,21.026896275221112],[107.47645618223481,21.027054585606464]]],[[[107.44754077678708,21.02759818014098],[107.44727374815791,21.029661932516568],[107.44831134526771,21.027970112963484],[107.44754077678708,21.02759818014098]]],[[[107.44589282760059,21.047592916984637],[107.44099475656819,21.04374960987626],[107.44303943498869,21.049383917511488],[107.44589282760059,21.047592916984637]]],[[[107.43671466701329,21.04676322030196],[107.43618060846894,21.048680106610114],[107.43782855757368,21.04837111509256],[107.43671466701329,21.04676322030196]]],[[[107.43943073115481,21.04910925923557],[107.44028522292702,21.049097815171745],[107.43991138267305,21.04843215141862],[107.43943073115481,21.04910925923557]]],[[[107.44115497333338,21.04906348372681],[107.44078113368026,21.048743048407278],[107.4405903989042,21.04907302055766],[107.44115497333338,21.04906348372681]]],[[[107.43788959376485,21.05014495065589],[107.43796588686163,21.050576010486413],[107.43853809188592,21.05054549364382],[107.43788959376485,21.05014495065589]]],[[[107.44086505680552,21.052077094616138],[107.44096424003361,21.052496710251944],[107.44141437359197,21.05179480678899],[107.44086505680552,21.052077094616138]]],[[[107.44459583094985,21.052077094373473],[107.44622089164493,21.050642768282355],[107.44411517923828,21.050028601601657],[107.44500018850884,21.054287711501964],[107.44459583094985,21.052077094373473]]],[[[107.46883441820164,21.052910604833368],[107.47121478956807,21.05343894129658],[107.46984149829548,21.051184454739623],[107.46883441820164,21.052910604833368]]],[[[107.4421544244582,21.05289534632902],[107.44147540900369,21.05321578152394],[107.44272663015573,21.05364684233571],[107.4421544244582,21.05289534632902]]],[[[107.45872547034759,21.053429404394493],[107.45850421775161,21.053992072127492],[107.46025134889916,21.0539825353416],[107.45872547034759,21.053429404394493]]],[[[107.44164325635444,21.05491713662246],[107.4414525211541,21.055788794727082],[107.44235278914526,21.055437842741608],[107.44164325635444,21.05491713662246]]],[[[107.46975757407235,21.055641927721112],[107.4691395939194,21.057438651560428],[107.47074176673992,21.055773535194447],[107.46975757407235,21.055641927721112]]],[[[107.45895435178205,21.057410041365152],[107.45968677452568,21.056500235002755],[107.45941974504855,21.055941382556945],[107.45895435178205,21.057410041365152]]],[[[107.46245624423598,21.057106771915805],[107.46070911355795,21.05720976959501],[107.46142627638214,21.05852393203029],[107.46245624423598,21.057106771915805]]],[[[107.46632434722558,21.060377875376886],[107.46506549708904,21.05851439523091],[107.46392108822211,21.058964530021022],[107.46632434722558,21.060377875376886]]],[[[107.47026874471193,21.060461798651023],[107.47074176592184,21.058985511506947],[107.47027637336014,21.059000769321017],[107.47026874471193,21.060461798651023]]],[[[107.45178272158284,21.061226645596264],[107.45169116781034,21.06161193053197],[107.45198108559023,21.06163481864984],[107.45178272158284,21.061226645596264]]],[[[107.44979907840191,21.063504019791985],[107.44612170973849,21.06263236232997],[107.44585468113195,21.064663688339174],[107.44979907840191,21.063504019791985]]],[[[107.4752812567826,21.06571845120534],[107.47435047093703,21.065947333562015],[107.47528888681137,21.066139975478386],[107.4752812567826,21.06571845120534]]],[[[107.4461445980991,21.06860236351993],[107.44580127653352,21.06575087727342],[107.44087268745302,21.064604561501966],[107.4461445980991,21.06860236351993]]],[[[107.47719623486037,21.066990653167803],[107.4754185853199,21.068079749277185],[107.47739459827733,21.067894736714127],[107.47719623486037,21.066990653167803]]],[[[107.43653919100554,21.069126884042465],[107.43685199639027,21.06882933880541],[107.43659259659462,21.068711082630912],[107.43653919100554,21.069126884042465]]],[[[107.47859241420531,21.070393363413164],[107.47895862459015,21.069590369634803],[107.4784093083252,21.069651404618266],[107.47859241420531,21.070393363413164]]],[[[107.457329291859,21.071238318733297],[107.45649005766987,21.071154396298088],[107.45671131015024,21.07152442147901],[107.457329291859,21.071238318733297]]],[[[107.45074512372825,21.070835868823092],[107.45120288797581,21.073797981623652],[107.45327045362728,21.073807518102196],[107.45074512372825,21.070835868823092]]],[[[107.45881702387058,21.07328299749173],[107.45874072997867,21.073591986836366],[107.4592137517612,21.07373885270206],[107.45881702387058,21.07328299749173]]],[[[107.45841266599699,21.073738853305567],[107.45804645442935,21.07391814391539],[107.45850421819621,21.074026863174648],[107.45841266599699,21.073738853305567]]],[[[107.454407233508,21.074566642219935],[107.4545140450045,21.07497481503746],[107.45481159138491,21.074715416423103],[107.454407233508,21.074566642219935]]],[[[107.45550586591827,21.077761451539057],[107.45545246110946,21.076386252993924],[107.45478870314754,21.077643196686736],[107.45550586591827,21.077761451539057]]],[[[107.45695545105526,21.08048323872599],[107.45773364945204,21.080635826591408],[107.45698596895632,21.07965354176613],[107.45695545105526,21.08048323872599]]],[[[107.4674306098231,21.084200660538528],[107.46785785649806,21.084099571572402],[107.4676289738768,21.0839794081653],[107.4674306098231,21.084200660538528]]],[[[107.46647693652902,21.084339897544318],[107.46626331312004,21.084648887315243],[107.46696521740712,21.084763328316143],[107.46647693652902,21.084339897544318]]],[[[107.45310260697354,21.085366050478594],[107.45381214107663,21.086869041507335],[107.45443775072965,21.08407668366018],[107.45310260697354,21.085366050478594]]],[[[107.4936452015102,20.775463845194274],[107.48361254686166,20.75920179013842],[107.47399187945422,20.760973717625856],[107.48192645068988,20.771435525187254],[107.4936452015102,20.775463845194274]]],[[[107.4820637804519,20.800816324603332],[107.48143054062801,20.800537851600144],[107.48044634865903,20.802269724084386],[107.4820637804519,20.800816324603332]]],[[[107.53798724728482,20.91449049223608],[107.51870776569976,20.88389852589836],[107.50502063087643,20.874405652114277],[107.49347735639621,20.85414007229503],[107.49243212967198,20.857306271732067],[107.481224547686,20.820896892268742],[107.47161151044097,20.8141486923622],[107.46839190613126,20.81675794509439],[107.47125292963423,20.825941829940398],[107.49244738888639,20.8722579779386],[107.47703601245722,20.880389006054582],[107.47663928353226,20.892203123309017],[107.48349810942867,20.89384535141563],[107.47636462584586,20.895592482957415],[107.51736499226514,20.915093214199157],[107.51383258361096,20.905930310883974],[107.51635028351122,20.907923491465258],[107.54099322958878,20.95881346174947],[107.55719806363236,20.968851837828065],[107.55959369410472,20.96335485897507],[107.55173541713792,20.949051650171356],[107.55960895167776,20.940413267147488],[107.55816699568297,20.93176153461552],[107.53798724728482,20.91449049223608]]],[[[107.53767444531088,21.015047823104585],[107.53725482800446,21.016005313003816],[107.53826953654571,21.015932833866046],[107.53767444531088,21.015047823104585]]],[[[107.47982837436076,21.018955983071642],[107.47909595243817,21.016564168300523],[107.47857715392121,21.017620838897855],[107.47982837436076,21.018955983071642]]],[[[107.53968097548585,21.020344531452253],[107.53823901971157,21.019940173344953],[107.53856708408635,21.022150791225336],[107.53968097548585,21.020344531452253]]],[[[107.48587848488586,21.02156714296363],[107.48358203650051,21.022089757478327],[107.48536731580697,21.022764958395463],[107.48587848488586,21.02156714296363]]],[[[107.49947406606596,21.02283934498234],[107.49948932491097,21.02210882946987],[107.49879504952524,21.022194661213494],[107.49947406606596,21.02283934498234]]],[[[107.48408557633329,21.02407530614743],[107.48331500804207,21.023766316026276],[107.48350574288595,21.02437285320785],[107.48408557633329,21.02407530614743]]],[[[107.49339343877622,21.025337971088774],[107.49272968095748,21.025595462679586],[107.49322559181334,21.026175297442585],[107.49339343877622,21.025337971088774]]],[[[107.54322864438822,21.025502002054427],[107.5439229197032,21.026249683175557],[107.54409839514577,21.025555408225536],[107.54322864438822,21.025502002054427]]],[[[107.48627521361496,21.02566222111673],[107.48650409423132,21.027100360890977],[107.48767139237427,21.024729526884048],[107.48627521361496,21.02566222111673]]],[[[107.49519397586539,21.026390828349154],[107.49485828188719,21.02624777678461],[107.49483539410313,21.02667692977078],[107.49519397586539,21.026390828349154]]],[[[107.5441518011164,21.032254016563108],[107.53802539750852,21.0225780369138],[107.5402531804531,21.03261831998489],[107.5441518011164,21.032254016563108]]],[[[107.49031879299937,21.026955402873828],[107.48849536701817,21.031973637503164],[107.4920582949951,21.028120793136033],[107.49031879299937,21.026955402873828]]],[[[107.48432208821863,21.02940253138979],[107.48284198566363,21.028761662610663],[107.48301746122719,21.03049353580252],[107.48432208821863,21.02940253138979]]],[[[107.51388599191061,21.029318607660564],[107.511696356266,21.03127936149329],[107.51444293797813,21.032635486593836],[107.51388599191061,21.029318607660564]]],[[[107.49358417340036,21.03141478396035],[107.49153186538811,21.030859745990284],[107.49202777637008,21.032242573593436],[107.49358417340036,21.03141478396035]]],[[[107.48300220318129,21.033394613126486],[107.48222400464955,21.031506337285812],[107.48127033023188,21.032109060093873],[107.48300220318129,21.033394613126486]]],[[[107.49545337510888,21.033316410934894],[107.49452258907176,21.032967366623772],[107.49469806531785,21.033486165744243],[107.49545337510888,21.033316410934894]]],[[[107.49034930984853,21.03477553240195],[107.49137164937719,21.03573683681405],[107.49316455729496,21.03378561830842],[107.49034930984853,21.03477553240195]]],[[[107.50040485202399,21.035645283101907],[107.50168659109842,21.036158360396175],[107.50144245022499,21.0346839803633],[107.50040485202399,21.035645283101907]]],[[[107.50372363939535,21.035935200414205],[107.50334216882713,21.035338200082222],[107.5027241883513,21.035769260978615],[107.50372363939535,21.035935200414205]]],[[[107.50340320391341,21.038767613789073],[107.4972310243218,21.033535756267256],[107.49871112692182,21.039730824839122],[107.50340320391341,21.038767613789073]]],[[[107.51747943697713,21.03730658373914],[107.51839496513658,21.03768614570559],[107.51815845285695,21.03657606901598],[107.51747943697713,21.03730658373914]]],[[[107.50507404254498,21.03800276611845],[107.50567676451821,21.037112034129088],[107.5037694151214,21.03644064830607],[107.50507404254498,21.03800276611845]]],[[[107.5465703197633,21.04223517251833],[107.54647876664784,21.033205783134846],[107.54137470148666,21.036310947066916],[107.54202319994711,21.04256132880217],[107.5465703197633,21.04223517251833]]],[[[107.50679065618702,21.03812292895466],[107.50597431000536,21.038151539494258],[107.50653888644145,21.038471974593865],[107.50679065618702,21.03812292895466]]],[[[107.48996021108314,21.036984242749433],[107.48665668299721,21.038128651672473],[107.48899127814951,21.03936461404887],[107.48996021108314,21.036984242749433]]],[[[107.50959827304472,21.041409291836516],[107.50838519975106,21.04068449874205],[107.50851489965414,21.04131583164363],[107.50959827304472,21.041409291836516]]],[[[107.51088764017524,21.040457524085145],[107.51046039408664,21.042698659658054],[107.51165820973017,21.04233244869041],[107.51088764017524,21.040457524085145]]],[[[107.51194812606018,21.04371527547882],[107.5119099794515,21.04325369698651],[107.51123859357699,21.04365996201562],[107.51194812606018,21.04371527547882]]],[[[107.52698566373019,21.04777220638384],[107.52253772694209,21.04840163094895],[107.52764179218666,21.05141142725229],[107.52698566373019,21.04777220638384]]],[[[107.52883197705242,21.052334584161304],[107.5290303420352,21.051155842294495],[107.52771808579057,21.051573552066706],[107.52883197705242,21.052334584161304]]],[[[107.54089404986351,21.054203785403043],[107.5375065989242,21.054341115267693],[107.53977252952538,21.058924473374766],[107.54089404986351,21.054203785403043]]],[[[107.49642993883606,21.055630483120577],[107.4926762760475,21.055233755088132],[107.49527027058157,21.05745390985291],[107.49642993883606,21.055630483120577]]],[[[107.53326465674466,21.071377553921035],[107.52949573544923,21.066641607241657],[107.53620197217948,21.067488469750167],[107.53527118639833,21.06085089529106],[107.52945758811614,21.05884436599183],[107.53367664297787,21.05389861072008],[107.52736713434572,21.056050099418574],[107.51493884981765,21.04621962464792],[107.50991107824103,21.050221243053876],[107.50698902030693,21.04041174835727],[107.49371387324666,21.040787495844093],[107.53326465674466,21.071377553921035]]],[[[107.49118091424899,21.057413854947743],[107.49303485722665,21.057755270711176],[107.49238635935919,21.055825033716822],[107.49118091424899,21.057413854947743]]],[[[107.54446460673265,21.05802992693045],[107.54144336585925,21.05913809617883],[107.54270984651576,21.062189854333138],[107.54446460673265,21.05802992693045]]],[[[107.54068805593555,21.05991057389889],[107.54045154521863,21.05952338124395],[107.54015399969929,21.0599944965895],[107.54068805593555,21.05991057389889]]],[[[107.50553180600143,21.05908659927265],[107.50064136424395,21.05905226713432],[107.50396778065875,21.061711111184128],[107.50553180600143,21.05908659927265]]],[[[107.50866748814516,21.06066206944278],[107.50791980668193,21.06119803448311],[107.50851489968883,21.061571874045754],[107.50866748814516,21.06066206944278]]],[[[107.54686786629351,21.061177052632726],[107.54776813578758,21.063074864590874],[107.54843189193106,21.06223563095593],[107.54686786629351,21.061177052632726]]],[[[107.4880604923094,21.06442908435841],[107.49359943314695,21.065893926450485],[107.48953296611745,21.062063970542884],[107.4880604923094,21.06442908435841]]],[[[107.51365711198862,21.062596120129804],[107.5059666821486,21.065880575633386],[107.51652576428913,21.065806188158383],[107.51365711198862,21.062596120129804]]],[[[107.54967548328649,21.06671408553144],[107.54720355906613,21.068056859587657],[107.54935504942078,21.06793860385395],[107.54967548328649,21.06671408553144]]],[[[107.50857593482633,21.068363944049896],[107.5078435135286,21.068230428355253],[107.50798847140726,21.068671026274906],[107.50857593482633,21.068363944049896]]],[[[107.51772357946564,21.070252218478323],[107.51845600151563,21.06948737164421],[107.51649524593093,21.068766393322456],[107.51772357946564,21.070252218478323]]],[[[107.52415515843877,21.06971243802036],[107.52350666014503,21.069758215337675],[107.52367450769937,21.070074834093337],[107.52415515843877,21.06971243802036]]],[[[107.51522876685314,21.070360937901935],[107.5024876775857,21.067726888342463],[107.49722339609217,21.071442403637004],[107.51396228748759,21.075197973722094],[107.51522876685314,21.070360937901935]]],[[[107.52275897925635,21.073099889550978],[107.52388049998588,21.07365111355724],[107.52496387391484,21.07112578411007],[107.52275897925635,21.073099889550978]]],[[[107.48526813539641,21.076782981569647],[107.4848179999766,21.076737205040118],[107.48510791663044,21.077189246284632],[107.48526813539641,21.076782981569647]]],[[[107.49921466866748,21.077761450568712],[107.49842121089387,21.07818297522737],[107.50020648960425,21.078274526899524],[107.49921466866748,21.077761450568712]]],[[[107.48638202638385,21.07823065885975],[107.48574878615331,21.078173438891636],[107.48595477982188,21.07876471662612],[107.48638202638385,21.07823065885975]]],[[[107.4809193796446,21.07967452150266],[107.47975208255642,21.08007506473059],[107.48114826256133,21.081810753183774],[107.4809193796446,21.07967452150266]]],[[[107.48476459537044,21.081879416815116],[107.48458148930652,21.08143691176988],[107.48452045377887,21.082146445541397],[107.48476459537044,21.081879416815116]]],[[[107.48281147064796,21.083285133044946],[107.48389484396884,21.083096305820277],[107.48238422282668,21.082493583142192],[107.48281147064796,21.083285133044946]]],[[[107.48862506805789,21.085278311487944],[107.49162342052969,21.084452430204305],[107.4856038282727,21.083096305849836],[107.48862506805789,21.085278311487944]]],[[[107.51446582766484,21.087376395609574],[107.51551105472065,21.088698188600265],[107.51668598153108,21.08619765291095],[107.51446582766484,21.087376395609574]]],[[[107.49553730087389,21.088045875146992],[107.48994495295753,21.085442343628337],[107.49247028365328,21.09023741883266],[107.49553730087389,21.088045875146992]]],[[[107.49330188773908,21.091973105646993],[107.49295093558258,21.092127601103538],[107.49319507601992,21.092392723001538],[107.49330188773908,21.091973105646993]]],[[[107.50283863091182,21.092940132159583],[107.49904682129073,21.093107978918496],[107.50214435619766,21.095207969086314],[107.50283863091182,21.092940132159583]]],[[[107.49224140172898,21.093268196560015],[107.49179889685453,21.093359749366233],[107.49199726197533,21.093550482782536],[107.49224140172898,21.093268196560015]]],[[[107.48413898451301,21.09518508104566],[107.48370410957402,21.094683449607555],[107.48353626260506,21.095202247547206],[107.48413898451301,21.09518508104566]]],[[[107.49887897457107,21.096550742996392],[107.49997760761596,21.096501152510918],[107.49986316653235,21.09607390623383],[107.49887897457107,21.096550742996392]]],[[[107.5035710528766,21.10121039649514],[107.50244190282025,21.102955620004607],[107.50453998562205,21.102423468911912],[107.5035710528766,21.10121039649514]]],[[[107.53907825536662,21.106755057869794],[107.53961231363913,21.10512618151645],[107.53727009008158,21.109881201821416],[107.53907825536662,21.106755057869794]]],[[[107.51936390048981,21.11135558369102],[107.52004291659648,21.112181465580402],[107.52040912702468,21.111010353683003],[107.51936390048981,21.11135558369102]]],[[[107.54145099823253,21.114954749524216],[107.54279377131988,21.11679915587933],[107.54336597560487,21.11414412658762],[107.54145099823253,21.114954749524216]]],[[[107.54851581688473,21.115317145325506],[107.54988147860203,21.115401069069595],[107.54921772228482,21.114439765387814],[107.54851581688473,21.115317145325506]]],[[[107.53915455233803,21.19950751872245],[107.54049732580597,21.196888728760072],[107.53475239139205,21.19900779291591],[107.53915455233803,21.19950751872245]]],[[[107.5431523571737,21.255480574432006],[107.54628803777783,21.2538478826531],[107.53739979332413,21.255858229247913],[107.5431523571737,21.255480574432006]]],[[[107.53276875119316,21.26441459608907],[107.53359272565889,21.26250533937591],[107.53208973546037,21.262959289271294],[107.53276875119316,21.26441459608907]]],[[[107.546074415306,21.26781539818297],[107.5491185430581,21.25965385229149],[107.54087879692554,21.257565306806757],[107.53694202994014,21.266245649676996],[107.546074415306,21.26781539818297]]],[[[107.53416493109624,21.284321593535843],[107.5500569598759,21.279188918572153],[107.54490711874787,21.273678588177624],[107.53668263020363,21.277067946487282],[107.54113056711373,21.273255156660344],[107.53190662958215,21.272764968072188],[107.53714039434274,21.268669890109226],[107.5289693116374,21.264908599187947],[107.52320149048893,21.27952079764412],[107.53416493109624,21.284321593535843]]],[[[107.56118060976526,21.036616122996506],[107.56163074369337,21.03792647098005],[107.56281330117157,21.036595142085716],[107.56118060976526,21.036616122996506]]],[[[107.56483509035657,21.03938559309606],[107.56434680919168,21.03787878818364],[107.56422473922767,21.041329180949138],[107.56483509035657,21.03938559309606]]],[[[107.62990619864696,21.120825567473197],[107.60065509772507,21.05110624964674],[107.59650470697835,21.030222689060956],[107.58907367640064,21.025996004892484],[107.57700397217513,20.980168137187864],[107.5653386276813,20.969496520749434],[107.56494952920798,20.9853866432585],[107.57302905831472,20.98866728214215],[107.56778766421407,20.990713868701068],[107.5654759582357,21.0020931099083],[107.5747456733989,21.024941241417658],[107.58399249994767,21.034853731863343],[107.58669330560728,21.06965140212615],[107.62914325974623,21.124916829802853],[107.62990619864696,21.120825567473197]]],[[[107.55787708221945,21.062624729974647],[107.5567250445432,21.050003803517715],[107.54886676760295,21.05798987351629],[107.55638935042992,21.069927968226455],[107.55787708221945,21.062624729974647]]],[[[107.56771900145296,21.063643254067077],[107.56785633106796,21.066063679507145],[107.56896259372749,21.06506232066503],[107.56771900145296,21.063643254067077]]],[[[107.57460071602733,21.064682758424894],[107.57020618466233,21.06628493243349],[107.57283069710522,21.068306721359487],[107.57460071602733,21.064682758424894]]],[[[107.551422615224,21.07000807689291],[107.5512623976762,21.069472111560675],[107.55077411695945,21.06986502606436],[107.551422615224,21.07000807689291]]],[[[107.5767064290845,21.079745091375543],[107.57281543830445,21.078572072527926],[107.57572986699496,21.084181584708283],[107.5767064290845,21.079745091375543]]],[[[107.57942249302664,21.08760718276479],[107.57692768108906,21.084854879004993],[107.5780797202806,21.089392460530718],[107.57942249302664,21.08760718276479]]],[[[107.58387043057903,21.086060322608667],[107.58118488412445,21.085745610451298],[107.58416797779304,21.091683187081443],[107.58387043057903,21.086060322608667]]],[[[107.5793156833228,21.114027776696076],[107.56946613440071,21.083187855409708],[107.54474689538829,21.08743552270678],[107.56182148017211,21.083412923208552],[107.55960132558042,21.074106968794396],[107.54045917570654,21.065586842565214],[107.53704883528415,21.07596091234698],[107.52640583090846,21.07780913378503],[107.52953388267963,21.078785696561678],[107.52599384394837,21.090197364135005],[107.5292821125708,21.09144667714548],[107.5316548536478,21.084917823236477],[107.53914692038782,21.089220800580808],[107.54147388510643,21.091898718678024],[107.53541614586537,21.092928686688182],[107.54489185406528,21.100712577218186],[107.55354358764416,21.11783866079948],[107.56477405720364,21.112133779989833],[107.58206226603299,21.12453536175583],[107.5793156833228,21.114027776696076]]],[[[107.5870900354637,21.097502508042776],[107.58311512072777,21.092520512832763],[107.58625843186296,21.101372517900984],[107.5870900354637,21.097502508042776]]],[[[107.60010578319383,21.111397543515555],[107.59851124037792,21.108820714949985],[107.59772541221783,21.111838140689798],[107.60010578319383,21.111397543515555]]],[[[107.61424305116029,21.11139182126227],[107.61343433552291,21.113108434158214],[107.61576893053893,21.1127899069312],[107.61424305116029,21.11139182126227]]],[[[107.60569050055979,21.122881689543874],[107.60701801502125,21.118046560563236],[107.6030583601821,21.121741094574105],[107.60569050055979,21.122881689543874]]],[[[107.61063434833189,21.12451247237847],[107.60888721717565,21.121426382846128],[107.60858204079057,21.124218740859796],[107.61063434833189,21.12451247237847]]],[[[107.6085362653818,21.127413549878035],[107.60752918493446,21.12337378530656],[107.60556080081811,21.12482718503352],[107.6085362653818,21.127413549878035]]],[[[107.61150409853379,21.125605383696357],[107.61196949311886,21.127630987954962],[107.61255695637523,21.127016821853132],[107.61150409853379,21.125605383696357]]],[[[107.60981800343771,21.12702063569275],[107.60990192741396,21.127541341801244],[107.61043598419428,21.12722662962375],[107.60981800343771,21.12702063569275]]],[[[107.57849933893381,21.129973212624403],[107.56266834453781,21.118460456301587],[107.5566640110756,21.12112883639315],[107.55560352536004,21.12735442339423],[107.56737568056654,21.138170997263362],[107.57177021268303,21.134072105285327],[107.58123066211638,21.138361731977458],[107.57849933893381,21.129973212624403]]],[[[107.58808948758349,21.129568854124596],[107.59285785920925,21.132971564526414],[107.5901646826749,21.129868308003296],[107.58808948758349,21.129568854124596]]],[[[107.64431812582166,21.138426580412258],[107.65004780184748,21.140967168421536],[107.64396717373619,21.132035055072723],[107.64431812582166,21.138426580412258]]],[[[107.59014942431196,21.15223960175538],[107.58201648961858,21.141524115710084],[107.58210804221335,21.15019683041996],[107.58982136092332,21.15604666915931],[107.59014942431196,21.15223960175538]]],[[[107.67239429956659,21.189522545218235],[107.66437580543395,21.163061895670708],[107.6658025016746,21.145333089139978],[107.65531208413766,21.139605322316715],[107.65634205350756,21.187311928467604],[107.67950489652405,21.215454857684634],[107.68227436649924,21.213406365282772],[107.67433979612538,21.202912132456376],[107.67239429956659,21.189522545218235]]],[[[107.62354328614057,21.180773536815177],[107.62514545845906,21.18059424674173],[107.6234059563704,21.17821006035186],[107.62354328614057,21.180773536815177]]],[[[107.62277271629935,21.183182519126795],[107.61900379533107,21.173210899925632],[107.62634327441629,21.19123725202986],[107.62277271629935,21.183182519126795]]],[[[107.58160450362388,21.210488124429403],[107.56911518517194,21.205715937155183],[107.58773090867132,21.216563029244856],[107.58160450362388,21.210488124429403]]],[[[107.68154957461365,21.220579903674363],[107.69425251662696,21.23437194126029],[107.68695118587287,21.22134284310978],[107.68154957461365,21.220579903674363]]],[[[107.59951832364803,21.230160518652717],[107.58454182151735,21.22342757787822],[107.5801015144595,21.225840374253924],[107.59423115309814,21.232432171190307],[107.59951832364803,21.230160518652717]]],[[[107.61263325292127,21.228194041098792],[107.61693623123172,21.23005370594305],[107.61695911990917,21.227803035594338],[107.61263325292127,21.228194041098792]]],[[[107.59120228405006,21.232729716909425],[107.58934834051263,21.23220138230375],[107.58953144596657,21.23313407490968],[107.59120228405006,21.232729716909425]]],[[[107.59827473149737,21.23531608156489],[107.59977009445983,21.235960766174397],[107.59963276475467,21.234385295518642],[107.59827473149737,21.23531608156489]]],[[[107.5887379886187,21.238150401978096],[107.59037830876237,21.238968655613945],[107.5913319825047,21.23548774322568],[107.5887379886187,21.238150401978096]]],[[[107.63545277228856,21.237173838157773],[107.63141682225054,21.23249511168244],[107.62743427854717,21.236613078209793],[107.63835957196862,21.242134852738374],[107.63545277228856,21.237173838157773]]],[[[107.6418538351542,21.258850857001843],[107.62648823352744,21.25071601480229],[107.639618421524,21.253945155410605],[107.6127400642915,21.23309974277338],[107.60497334102992,21.237047953537765],[107.61367848034062,21.242787167254434],[107.59269001617396,21.23592261957635],[107.61876728642808,21.253830715634507],[107.6418538351542,21.258850857001843]]],[[[107.57297566006102,21.25658492830459],[107.57013752495577,21.257969663473553],[107.5738911871296,21.256850049393904],[107.57297566006102,21.25658492830459]]],[[[107.67663624602883,21.25823478176503],[107.67416432123703,21.259629054031393],[107.67971089183297,21.259814067235816],[107.67663624602883,21.25823478176503]]],[[[107.55622151049938,21.260264204216902],[107.5567326789702,21.260668562418772],[107.55667927308625,21.260174558713466],[107.55622151049938,21.260264204216902]]],[[[107.68102314693222,21.26423911596131],[107.6818928978897,21.265799326924594],[107.68344929496159,21.26520614138982],[107.68102314693222,21.26423911596131]]],[[[107.54699757176586,21.2641246782864],[107.55022480605807,21.272896574785978],[107.56852009503007,21.277447508927374],[107.58889057810781,21.262137219261405],[107.5789494766826,21.265171811468083],[107.57802631953734,21.25898246595665],[107.56557514702735,21.260397717878526],[107.5564809085523,21.254216001449713],[107.55165150205133,21.25737838639124],[107.56183674396304,21.263569638751985],[107.55300190518628,21.264717863359184],[107.55303242357928,21.26016311554524],[107.54699757176586,21.2641246782864]]],[[[107.69125416584731,21.265948100489283],[107.68476155130753,21.265576167441914],[107.693527725035,21.269562526425204],[107.69125416584731,21.265948100489283]]],[[[107.64821675056102,21.26728515199705],[107.64215901119879,21.268532558692673],[107.64679768338499,21.273564144594207],[107.64821675056102,21.26728515199705]]],[[[107.66825154124349,21.281355663404884],[107.656120803838,21.27113227481958],[107.65069630388265,21.272759243807776],[107.66302540567277,21.283518597765386],[107.66825154124349,21.281355663404884]]],[[[107.70640614320997,21.2782123522864],[107.70359852662138,21.27551917511282],[107.70250752289994,21.278260035454206],[107.70640614320997,21.2782123522864]]],[[[107.5550771020728,21.281451034221522],[107.5580907115106,21.28124885550037],[107.54976704240312,21.279696273029277],[107.5550771020728,21.281451034221522]]],[[[107.61749317809273,21.280192182397315],[107.6142125399668,21.28233985642535],[107.62049916069081,21.281107709990113],[107.61749317809273,21.280192182397315]]],[[[107.54957630750717,21.28236846802164],[107.54901173233273,21.282341764912857],[107.54900410313067,21.282612609369735],[107.54957630750717,21.28236846802164]]],[[[107.69905903727692,21.297438427200856],[107.65296223330536,21.26558189031735],[107.67234089627209,21.279177471578535],[107.66876271055617,21.28417472459644],[107.6728978421828,21.289721294231246],[107.67892506462074,21.288332745131125],[107.70044758734707,21.300473019076886],[107.69905903727692,21.297438427200856]]],[[[107.62844898990829,21.285639569707005],[107.62664082291931,21.28819541627066],[107.62822010799277,21.288922116591095],[107.62844898990829,21.285639569707005]]],[[[107.58355763125965,21.286440658073783],[107.58138325410138,21.288298414895838],[107.5841603537766,21.2870204921082],[107.58355763125965,21.286440658073783]]],[[[107.57993366919327,21.28525619326593],[107.57301380785516,21.289011764332884],[107.57592060726424,21.290995405689692],[107.57993366919327,21.28525619326593]]],[[[107.58084156760195,21.287850187990987],[107.58063557286883,21.28808479176179],[107.58107044971645,21.288105773192104],[107.58084156760195,21.287850187990987]]],[[[107.62679341096069,21.290253446679408],[107.62599232510188,21.289061353359376],[107.62567951961358,21.289734647460918],[107.62679341096069,21.290253446679408]]],[[[107.6076283721256,21.290705488291525],[107.60852101103971,21.289910124012394],[107.60646107441124,21.290484236092688],[107.6076283721256,21.290705488291525]]],[[[107.61315968289551,21.292057798181055],[107.61335041814617,21.29017524467799],[107.61159565707106,21.29076270927734],[107.61315968289551,21.292057798181055]]],[[[107.64801075746853,21.301903531735913],[107.6507649694876,21.30119399804054],[107.6502309111802,21.299952313607857],[107.64801075746853,21.301903531735913]]],[[[107.61904957599386,21.301760481748357],[107.6216359406194,21.30276565466456],[107.62199452180548,21.30118636982058],[107.61904957599386,21.301760481748357]]],[[[107.66235401983249,21.304564282212777],[107.65874531586472,21.305302426377974],[107.66406300358493,21.30512504337865],[107.66235401983249,21.304564282212777]]],[[[107.65457966630983,21.308171080215565],[107.65679219077785,21.310358809060816],[107.65806629928775,21.307284162465994],[107.65457966630983,21.308171080215565]]],[[[107.63336994923432,21.31335144001343],[107.63453724725454,21.31317977804366],[107.63430836577844,21.311501310964196],[107.63336994923432,21.31335144001343]]],[[[107.6872716237107,21.332495497595684],[107.68906453082458,21.33054237259018],[107.68626454309336,21.331915662895764],[107.6872716237107,21.332495497595684]]],[[[107.68984272981972,21.34129791191955],[107.68887379651078,21.339894103011634],[107.68799641645359,21.342509077285296],[107.68984272981972,21.34129791191955]]],[[[107.67464497565834,21.34146385097795],[107.67402699489706,21.34195403968147],[107.67434742860061,21.34218673590147],[107.67464497565834,21.34146385097795]]],[[[107.67630055367147,21.343231962871215],[107.6754308027996,21.34265594412649],[107.67432454103584,21.344403075525452],[107.67630055367147,21.343231962871215]]],[[[107.69012501744457,21.34397582883867],[107.68947651892047,21.34332923763227],[107.68922474912316,21.343809890010377],[107.69012501744457,21.34397582883867]]],[[[107.67752888715762,21.343025969656082],[107.67636921952773,21.34581642136474],[107.6780705738213,21.34560851966587],[107.67752888715762,21.343025969656082]]],[[[107.67485859858849,21.34497718677016],[107.67368367171179,21.345274734425097],[107.67413380618031,21.34587173386053],[107.67485859858849,21.34497718677016]]],[[[107.72523549188332,21.345673367735426],[107.72354939578057,21.348433302297426],[107.72795918621806,21.350964354471206],[107.72523549188332,21.345673367735426]]],[[[107.69299366959689,21.34981422330513],[107.69308522266367,21.348749922594497],[107.69140675561628,21.348124311596827],[107.69299366959689,21.34981422330513]]],[[[107.69095662173083,21.350983428426876],[107.69190266671768,21.352684783300248],[107.69278767596538,21.35082702530857],[107.69095662173083,21.350983428426876]]],[[[107.77803089189062,20.976380137645503],[107.77898456552616,20.968415049234842],[107.76101734039187,20.95461347396862],[107.75163318550351,20.955189493524006],[107.74610187419086,20.94461324477019],[107.7403874575182,20.943659571497506],[107.76162006358332,20.971342830398534],[107.75199176720093,20.98424222936171],[107.7357335290366,20.990444927176053],[107.73728992493604,20.996212750400534],[107.73091938116693,20.999798566349277],[107.74283649579816,21.021246701777887],[107.74651386324838,21.02332952642512],[107.76217701015382,21.014387876258567],[107.78675129017644,20.989001062749622],[107.77803089189062,20.976380137645503]]],[[[107.7877278518751,20.975498942941222],[107.7887044142659,20.971869257049246],[107.78472187041959,20.976115016057207],[107.7877278518751,20.975498942941222]]],[[[107.80353595860296,20.984057215804974],[107.79923297940097,20.983902720437108],[107.79962207850751,20.986347941382267],[107.80353595860296,20.984057215804974]]],[[[107.86101581851185,21.04187086074301],[107.86300709025319,21.02645376122992],[107.8395772193648,21.01133802288073],[107.83467151812529,20.998633173395657],[107.82302143160658,20.994118479446776],[107.82162525216184,20.98229291665492],[107.80484821360695,20.978438165923667],[107.80709888573675,21.002674846674353],[107.82322742700501,21.028811245276714],[107.83145954383406,21.031334666839996],[107.8397526966514,21.044649867993265],[107.84809162449665,21.03963544891501],[107.85544636098335,21.045267848856913],[107.86101581851185,21.04187086074301]]],[[[107.79514362565936,21.032940656012666],[107.7934270116925,21.03302076487512],[107.79547168966947,21.036074430411198],[107.79514362565936,21.032940656012666]]],[[[107.8233647554682,21.031731396351212],[107.82164814240926,21.03819540019884],[107.82505085179653,21.037293225222676],[107.8233647554682,21.031731396351212]]],[[[107.78022053000248,21.04480245776764],[107.78315784616586,21.03769376987797],[107.7779545994152,21.034106045992623],[107.76160480599921,21.03196790851738],[107.76973774140122,21.048695357202284],[107.78003742524089,21.049977095074336],[107.78022053000248,21.04480245776764]]],[[[107.75755359887557,21.04782942048245],[107.75251819845853,21.04719618194578],[107.75519611512131,21.051123412187522],[107.75755359887557,21.04782942048245]]],[[[107.85267689117667,21.05126646146927],[107.85118153003857,21.05098608057893],[107.85175373402251,21.05253484781926],[107.85267689117667,21.05126646146927]]],[[[107.86636402510106,21.05780485213017],[107.86310627323756,21.053223400047948],[107.86347248437866,21.059853344818766],[107.86636402510106,21.05780485213017]]],[[[107.77578785254545,21.071764739025898],[107.77272846535966,21.066590102678486],[107.76993610629414,21.068640502213263],[107.77330829900052,21.0743720853801],[107.77578785254545,21.071764739025898]]],[[[107.82117512093419,21.073450834873412],[107.8208394277712,21.074414045990583],[107.8214421500014,21.07463720551499],[107.82117512093419,21.073450834873412]]],[[[107.82542469528656,21.101925643288816],[107.82312824726391,21.101055892713735],[107.82733967332159,21.103367599337925],[107.82542469528656,21.101925643288816]]],[[[107.82058765884037,21.10949781776131],[107.8020940052941,21.10450438026464],[107.81627705091488,21.115837845163217],[107.82058765884037,21.10949781776131]]],[[[107.8028645757073,21.128636156194364],[107.79882862549957,21.129614625504846],[107.80087330318946,21.131016526912227],[107.8028645757073,21.128636156194364]]],[[[107.86021473551565,21.130303177063883],[107.85996296475568,21.12875441022073],[107.85803272838208,21.13132551551568],[107.86021473551565,21.130303177063883]]],[[[107.80288746349036,21.1312797412357],[107.8011632202796,21.130951676987667],[107.80223896578642,21.131825242175417],[107.80288746349036,21.1312797412357]]],[[[107.79744770533904,21.131218706244105],[107.7943196535122,21.129614625830207],[107.7972951179172,21.134800706490914],[107.79744770533904,21.131218706244105]]],[[[107.79963734189424,21.13197020131104],[107.800652051136,21.132929597639325],[107.80027821041455,21.131636415384254],[107.79963734189424,21.13197020131104]]],[[[107.79996540517584,21.136406694523856],[107.79878284934588,21.134487901507107],[107.799423718793,21.13720205860458],[107.79996540517584,21.136406694523856]]],[[[107.84923603589837,21.13949469088964],[107.84931233025021,21.134117875446144],[107.84642078965796,21.14066771073288],[107.84923603589837,21.13949469088964]]],[[[107.80009510586702,21.13890341359211],[107.80059101690946,21.139014039620985],[107.80032398732091,21.138237750106434],[107.80009510586702,21.13890341359211]]],[[[107.87068989338822,21.145300660079364],[107.86901905700914,21.13932875085793],[107.86457874823495,21.1467025615472],[107.87068989338822,21.145300660079364]]],[[[107.84355213733943,21.146559511350816],[107.84153797722938,21.147064958060458],[107.84520771619717,21.147143159044912],[107.84355213733943,21.146559511350816]]],[[[107.86435749735573,21.15950659272326],[107.85206654178562,21.152243410294144],[107.85832264588724,21.15964582989939],[107.86435749735573,21.15950659272326]]],[[[107.86719563261134,21.164763245991608],[107.86786701872168,21.161997590472925],[107.86135151600625,21.162571701963323],[107.86719563261134,21.164763245991608]]],[[[108.01965382635242,21.193033965185933],[108.01952412610288,21.188629896935346],[108.01207783704534,21.190624983699465],[108.01671650927214,21.196160109694333],[108.01965382635242,21.193033965185933]]],[[[108.00816395850828,21.20466688551381],[108.00985768289345,21.205065521795515],[108.00864460960189,21.204060348932092],[108.00816395850828,21.20466688551381]]],[[[108.0155644704666,21.20619276455759],[108.01289418259888,21.202790054478537],[108.01118519837152,21.20541075143191],[108.0155644704666,21.20619276455759]]],[[[107.97557118470962,21.24524191497685],[107.98114064274843,21.241902147843838],[107.9742055223268,21.23053053493857],[107.95558980012005,21.230618273039024],[107.94793751773317,21.23572424674763],[107.95791676607206,21.245417391728715],[107.97153523534054,21.249016558865417],[107.97557118470962,21.24524191497685]]],[[[107.7916341109585,21.29307822639884],[107.77642872815738,21.293970865610447],[107.75348713791158,21.28286246774149],[107.75145771884574,21.28553847784037],[107.76596882815971,21.295754236779228],[107.79512074490712,21.295876306432046],[107.7916341109585,21.29307822639884]]],[[[107.81971028490723,21.35706977535994],[107.8222279847036,21.35346679344532],[107.79825642769873,21.337965770881738],[107.79627278451737,21.33198623278818],[107.75838520986855,21.31683806988494],[107.74519398654664,21.305973811741094],[107.73159840575092,21.30244140207866],[107.73518422024698,21.307946010839036],[107.72979786894152,21.311878963308004],[107.70533039955178,21.300396724977155],[107.7455983449727,21.325775906560434],[107.77189686922921,21.33228759394785],[107.76941731521657,21.335015102714596],[107.79629567236235,21.351227566114975],[107.81971028490723,21.35706977535994]]],[[[107.72608998411062,21.35559158139005],[107.72736409326208,21.354676054031195],[107.72613575964895,21.35407523955405],[107.72608998411062,21.35559158139005]]],[[[107.92854359928549,21.359375756969264],[107.92312672924426,21.362370293871773],[107.90893605504696,21.359331887847173],[107.91173604370103,21.35776595523577],[107.87998250327018,21.356718820867393],[107.84608510163325,21.33900146013104],[107.842140704842,21.344113153836066],[107.85092213883884,21.357802195895967],[107.84939625890877,21.347618861005966],[107.87522938934998,21.35682372563361],[107.85576680430866,21.35852126610524],[107.85662129640347,21.365420147147105],[107.87113240560274,21.371334834906826],[107.88665822336569,21.37047462019766],[107.85708669008794,21.36802558454525],[107.85336354606221,21.372500225400746],[107.8284917185802,21.363945766592703],[107.86523488305026,21.381098553005426],[107.9054265350442,21.38120154800643],[107.96086934582117,21.396286768498815],[108.00429586038159,21.397162240809468],[107.99935201187576,21.38968352666506],[107.98719838570202,21.388563912728955],[107.96879628641418,21.378586571759275],[107.94827321352294,21.356665414096714],[107.92854359928549,21.359375756969264]]],[[[107.76133015777677,21.36769561635448],[107.75661519181526,21.362120435817992],[107.74681141939426,21.361716078303598],[107.74294331636344,21.369046019197235],[107.75638631076131,21.372822569429484],[107.76133015777677,21.36769561635448]]],[[[107.8481221509519,21.37530402747002],[107.84616902578522,21.374502941035875],[107.84642842601572,21.376480862322925],[107.8481221509519,21.37530402747002]]],[[[107.76654866453264,21.385906982074655],[107.76324513623162,21.382921980591473],[107.76181081057088,21.388531492646365],[107.76879170632141,21.390061186613096],[107.76654866453264,21.385906982074655]]],[[[107.88659718948841,21.408680722324156],[107.90595296397508,21.41017417533187],[107.90853932819893,21.39994315739377],[107.89476827133038,21.395384593833626],[107.88607839049828,21.40477638003443],[107.8643498747298,21.395283504797757],[107.88016560968536,21.414416120022175],[107.89025166994524,21.414763257414325],[107.88659718948841,21.408680722324156]]],[[[107.89945271977628,21.417681500275865],[107.90142110417554,21.417179867809395],[107.9001012174792,21.414990231044953],[107.89945271977628,21.417681500275865]]],[[[107.90808156487302,21.417616650929276],[107.90867665815372,21.416056438486308],[107.90680745553155,21.41685561828663],[107.90808156487302,21.417616650929276]]],[[[107.96496633166221,21.422323986000535],[107.96369222282785,21.421395106492373],[107.96204427391066,21.423300548382315],[107.96496633166221,21.422323986000535]]],[[[107.95856526942416,21.42789725943976],[107.96032765971951,21.42049293115788],[107.95625356254216,21.431458279122875],[107.95856526942416,21.42789725943976]]],[[[107.972694907641,21.427029414947746],[107.97191670964526,21.42765883986398],[107.97353414167553,21.426653666902894],[107.972694907641,21.427029414947746]]],[[[107.97238210310401,21.428080363858506],[107.97209981621049,21.42815284292283],[107.97223714542523,21.42854194258335],[107.97238210310401,21.428080363858506]]],[[[107.97132161670099,21.429219050841322],[107.97195485693503,21.428837582357808],[107.97105458874393,21.429291530772428],[107.97132161670099,21.429219050841322]]],[[[107.96215871520656,21.43325309416796],[107.96794942489483,21.42536811369424],[107.96207479104073,21.42740707029514],[107.96276143721786,21.42437819989223],[107.96215871520656,21.43325309416796]]],[[[107.96991780893441,21.42917518182512],[107.97164205154309,21.428698344682772],[107.96933034477807,21.430672451176843],[107.96991780893441,21.42917518182512]]],[[[107.96812490127569,21.430018230419257],[107.96769765465129,21.430367274850106],[107.96854451792042,21.429964825526373],[107.96812490127569,21.430018230419257]]],[[[107.96803334754449,21.43080787310082],[107.96767476700902,21.431849285410465],[107.96863607043258,21.43069915369497],[107.96803334754449,21.43080787310082]]],[[[107.9556661001688,21.434828564815614],[107.95586446351714,21.433560177210012],[107.95496419508822,21.436253353899087],[107.9556661001688,21.434828564815614]]],[[[107.95839742276009,21.440476223455384],[107.9577641827302,21.433728023138205],[107.95669606790742,21.438427731239987],[107.95839742276009,21.440476223455384]]],[[[107.96298268931838,21.43841056443914],[107.96401265758408,21.44066886541847],[107.96463063846079,21.438196941785318],[107.96298268931838,21.43841056443914]]],[[[107.96732381550477,21.441027447472575],[107.96559194253898,21.4378974883371],[107.96572164240811,21.4408843964351],[107.96732381550477,21.441027447472575]]],[[[107.95820668833937,21.441952511902922],[107.95817617144758,21.441735074290555],[107.95775655385606,21.441628261786075],[107.95820668833937,21.441952511902922]]],[[[107.96214345655682,21.443625257214077],[107.96250966764836,21.44294433271263],[107.96189931481649,21.442900463719678],[107.96214345655682,21.443625257214077]]],[[[107.96649221097692,21.442490384013645],[107.96514180787001,21.44097785674037],[107.96640065882153,21.445526882980555],[107.96649221097692,21.442490384013645]]],[[[107.9818501829056,21.4433277097961],[107.98197988216424,21.443878933345438],[107.98187307034428,21.44309119858237],[107.9818501829056,21.4433277097961]]],[[[107.77396443773368,21.446568299308716],[107.77447560686706,21.445641328556814],[107.77238515274281,21.44451790072594],[107.77396443773368,21.446568299308716]]],[[[107.77993062378657,21.450243760594994],[107.78098348102431,21.448084642514008],[107.7795720428423,21.449192811431292],[107.77993062378657,21.450243760594994]]],[[[108.04541830010942,21.509091184749536],[108.05412343968294,21.511799620215584],[108.04069570505695,21.50468902419051],[108.03739217709057,21.51243285960078],[108.04541830010942,21.509091184749536]]],[[[108.03617147400598,21.5091979961985],[108.03614858559585,21.507866667444393],[108.03522542889098,21.50899963188709],[108.03617147400598,21.5091979961985]]],[[[108.03952077782675,21.51233177016375],[108.04155782628635,21.511557386161122],[108.0403600111544,21.51127319100891],[108.03952077782675,21.51233177016375]]],[[[108.0373921781362,21.541355895967573],[108.03732351321413,21.544754790921512],[108.04793600125328,21.53848915005321],[108.0373921781362,21.541355895967573]]]]},"id":"quang-ninh"},{"type":"Feature","properties":{"slug":"ninh-binh","name":"Ninh Bình","region":"bac","isCity":false,"merged":["Hà Nam","Nam Định"]},"geometry":{"type":"Polygon","coordinates":[[[105.54270217602695,20.362116635506872],[105.54970595915456,20.346993267454096],[105.5486302137619,20.334791958591723],[105.56498763571095,20.32460862279305],[105.5627140755307,20.31822091213046],[105.57077834539274,20.318346797220553],[105.57910964444822,20.31187516283157],[105.59984633969283,20.3119400118192],[105.6207966556544,20.28192597076391],[105.64958236213496,20.273978049126264],[105.67027327872798,20.25380211383341],[105.67089888941724,20.247710041709812],[105.67905471237135,20.24662475961648],[105.68284652042887,20.235331348844944],[105.69391677158448,20.230858614680244],[105.69297835674573,20.221291353394086],[105.73068282258593,20.199347306043364],[105.74226424322075,20.18743782063005],[105.77359053713592,20.176855848412835],[105.77706191272529,20.171990202566892],[105.7917332378747,20.17024879257353],[105.80821273046014,20.158327862360174],[105.8316425999124,20.15105895562482],[105.83650252527734,20.14243392548644],[105.85271498814272,20.138361735149505],[105.86853072232756,20.12499121931607],[105.89170882262295,20.119614403457184],[105.91082045658017,20.104906836383844],[105.91980025302017,20.10461119770711],[105.95863387104137,20.06711653563206],[105.99260756541783,20.06868819013945],[106.02333113710753,20.05904081933635],[106.07180831060425,20.066645417755318],[106.0738835055932,20.05248526032746],[106.05916640163598,20.014553817062893],[106.04880568337059,20.00215414373415],[106.03234907868332,19.999096663766746],[106.0239948914004,19.981947691365352],[106.024361101727,19.975527555890633],[106.0298618962751,19.975794584676706],[106.07058760307686,19.935690669062748],[106.08065077460417,19.939883021130377],[106.09083601781889,19.96413114565082],[106.09502455443591,19.964470653686575],[106.09595533976444,19.957112102743856],[106.1061100658265,19.95761373395717],[106.13671919558135,19.967282084278065],[106.13944288994887,19.978916911380992],[106.13621991913014,19.97901334120062],[106.15259596678995,19.97853734885272],[106.17668196630288,19.9929435523118],[106.18125960297486,19.986134317010556],[106.35757491793525,20.17724111688584],[106.38662765366801,20.195875912809417],[106.4370960992946,20.212591915667716],[106.4977955632973,20.21966817788608],[106.5196080027285,20.22795560755717],[106.52840469421221,20.221079615380454],[106.53624771239735,20.224856164889417],[106.54448745832373,20.221487786828007],[106.55233810518925,20.202870156071437],[106.56292007473789,20.203840996638643],[106.5821995557146,20.21671750640202],[106.58487747383899,20.23237874676777],[106.59259842183498,20.240290429358968],[106.57988785085215,20.26423337889023],[106.52931259507903,20.31550863563875],[106.4983753992945,20.30858495972833],[106.4768605068394,20.29143408068456],[106.46063278495086,20.289126190335597],[106.4423451259845,20.293507370013028],[106.43003128303569,20.30166319358278],[106.4029011567203,20.33561400135991],[106.35831497572501,20.351691044811083],[106.34072159252064,20.377070226815675],[106.2808384726548,20.330786504416867],[106.2676319895628,20.32644156459952],[106.25975845538643,20.329117575088716],[106.2522282432461,20.343786995133243],[106.25417373834624,20.35588340041146],[106.28278397024798,20.378758232799488],[106.28661392612092,20.389326851862997],[106.28368423824574,20.398464959279764],[106.27519272275686,20.404526513712558],[106.23732040799212,20.405760569423876],[106.21678207784996,20.4140518152854],[106.20998428745023,20.429257198623862],[106.22332809969085,20.452240750281852],[106.22554062486115,20.46774558812374],[106.21546982457569,20.476603315898842],[106.18910263639181,20.480196761451893],[106.18117569552129,20.48783569306902],[106.17746018138149,20.527544786830028],[106.1675495995877,20.55734520361002],[106.1619191065608,20.563467792425147],[106.13330124756808,20.573246769354917],[106.12827347719954,20.598042302700073],[106.10868119206289,20.61737137664022],[106.09649704860894,20.615984733235237],[106.07657669861598,20.60306816848605],[106.05414627881459,20.61158829513693],[106.0324330242595,20.64026909947885],[106.03762101284084,20.66713410563603],[106.0353474535601,20.680470288272097],[106.0220646771526,20.697960675791062],[106.00448655288169,20.70372849865122],[105.99160050467064,20.686924757573948],[105.99737595691637,20.67867738075854],[105.98750351980702,20.681784451921402],[105.97604416943496,20.66542512293958],[105.95804642696481,20.65863877722617],[105.95834397229302,20.65147668185005],[105.94433640408054,20.656477751554803],[105.94704484037435,20.675667586070663],[105.94394730629584,20.68173486246968],[105.91973160787528,20.675869765873557],[105.90554093341558,20.665415587804706],[105.89580582526895,20.666945282545885],[105.89643143625688,20.652165236892095],[105.88101242902822,20.643492522677636],[105.85685013656254,20.645218674324433],[105.8337864764135,20.661761109538556],[105.82386063498787,20.664292162155604],[105.81868790501288,20.6604946311121],[105.83297013128397,20.645933930300142],[105.8118214484042,20.630440537302942],[105.81299637524847,20.618971649164195],[105.80595444363007,20.610789123144862],[105.79508255556058,20.567608656869293],[105.76896713690111,20.564469161724375],[105.79486130037454,20.511532604762177],[105.80126236289146,20.512018978608037],[105.80631302128391,20.499380885699097],[105.81898544647521,20.506037531461686],[105.82444046280253,20.489043054882508],[105.84344528491867,20.478264626792058],[105.85244034077814,20.478142556453268],[105.85604904223638,20.42821388954848],[105.84120224072929,20.420355612931722],[105.82324264596697,20.41800194482532],[105.80033920383585,20.43750077178523],[105.79264877456976,20.452742395156143],[105.78836105506103,20.453146753363022],[105.7809223943277,20.436062630697084],[105.77404068138048,20.44034272190932],[105.75169418393072,20.438851175529553],[105.75913284335239,20.416682061976097],[105.75213668791231,20.407477196720862],[105.75978134011577,20.37875633990088],[105.75667617702794,20.36724358250497],[105.74649856305044,20.366602713875917],[105.74506423772333,20.382466133673972],[105.73264358406898,20.384777839921615],[105.73323104752187,20.398764428361005],[105.70546768181903,20.411907969267318],[105.68801925589747,20.410572825729492],[105.68573806596747,20.405333338443853],[105.69910476464733,20.397423563113495],[105.69471786398401,20.387358484626702],[105.70485732868704,20.37842446255151],[105.71256301610636,20.358513648174586],[105.72979018873424,20.33751946132176],[105.72414443618031,20.329533391955874],[105.70163772135896,20.321158224077458],[105.68804214009302,20.30590134283889],[105.67753646414587,20.30583649378618],[105.63610885255154,20.342753229485655],[105.61775253004548,20.349514781152894],[105.5990605133687,20.363966761581388],[105.58103225459196,20.36985284111665],[105.56945846223807,20.359068691701033],[105.54270217602695,20.362116635506872]]]},"id":"ninh-binh"},{"type":"Feature","properties":{"slug":"hue","name":"Huế","region":"trung","isCity":true,"merged":["Thừa Thiên Huế"]},"geometry":{"type":"MultiPolygon","coordinates":[[[[107.31333192148081,16.078341071837333],[107.28441651710398,16.11801392667224],[107.27253755001384,16.11625344445972],[107.26371034087735,16.13445718132918],[107.25333436485809,16.136704037606492],[107.24487336602765,16.147999357850917],[107.23022492819081,16.144028258148637],[107.22504456967638,16.138039183029726],[107.20844300655384,16.146259856451117],[107.19402345081517,16.145565582102545],[107.15870698349477,16.170181825424557],[107.15605195489425,16.182425096856836],[107.14951356433932,16.188463763728063],[107.14459260598055,16.213474827732757],[107.15544923479112,16.231472569061516],[107.14937623709164,16.238323766597233],[107.15670808624606,16.25542505553501],[107.15182527396425,16.263248999905482],[107.08639558722018,16.312325083893146],[107.08000215433437,16.31246050623705],[107.07109102179511,16.304506862119723],[107.05134614851715,16.306759442091625],[107.04611238292216,16.300371731075238],[107.02922853343848,16.31074389448188],[107.02220186091097,16.32093295076932],[107.02357515233022,16.34820803768572],[107.0165637397193,16.360659210471077],[107.0353625687697,16.37178096060499],[107.03887209063238,16.36953600980509],[107.05526766010354,16.388424484163618],[107.06368288330786,16.40904864480537],[107.050285667453,16.425604433278348],[107.05002626752656,16.433054536328957],[107.05935701826243,16.448443025958927],[107.0888446286376,16.44899234215123],[107.10412630535666,16.440010636236952],[107.12450441914505,16.442446318905137],[107.13584169947862,16.456429092766342],[107.12922701522267,16.474897949996567],[107.11825594707923,16.487658113589777],[107.10366091504423,16.49540004250393],[107.09784731572711,16.493307681536663],[107.09475741081428,16.502863497847102],[107.08211550505042,16.503491016445327],[107.05885348078556,16.51844463055157],[107.06021151437128,16.54403552887401],[107.07497439192032,16.542746160094183],[107.09972414908249,16.551861378426306],[107.12129244844408,16.55184993368401],[107.12665591298243,16.56459674503357],[107.139328337602,16.57067927959578],[107.1834949035689,16.580370516645687],[107.20298037753939,16.582264514070364],[107.21641574149551,16.577648729564146],[107.24711642540186,16.586586564749787],[107.25480685579831,16.574478713929693],[107.27061496063774,16.566595641973564],[107.28068576179365,16.572086898284017],[107.32561526851559,16.603239622423477],[107.3286212497035,16.608473387510738],[107.32146487834767,16.619743911079844],[107.31117282512223,16.624703019167693],[107.3163379260022,16.638592331417268],[107.31478152876866,16.64148768754893],[107.31271396305496,16.635458558145523],[107.3073504992062,16.63886317581777],[107.32070194070154,16.65253505067863],[107.32840762808843,16.63994845609413],[107.32926975036708,16.649767487357927],[107.3190692501751,16.660067171612976],[107.33090244093842,16.666287035171994],[107.3263705817105,16.67137774885242],[107.35779605920341,16.699143022307872],[107.35141025589871,16.708349794849102],[107.37025486155704,16.73409137289826],[107.38894687953496,16.743179888040203],[107.55490146566098,16.615229209123687],[107.7104953374714,16.524662564303608],[107.78510318586058,16.466745918712437],[107.8910449557285,16.37387710593212],[107.94125400121571,16.343498760678823],[107.94515262212946,16.346912914727305],[107.95532260449022,16.344109112232804],[107.95536075177901,16.337887339498053],[107.97254977693329,16.32089476888195],[107.99592624205276,16.31389289178301],[108.01149020724652,16.31461005488463],[108.02535281701526,16.326147606405517],[108.01651034926074,16.33690696004643],[108.02172885559015,16.34405761081526],[108.03728519097706,16.327065039815384],[108.03980289084824,16.305103827172335],[108.08935580573572,16.22871260203536],[108.11739383027516,16.21294264152344],[108.13406405773858,16.217335264514357],[108.14305911369665,16.213947813299903],[108.14958224716926,16.220604460749954],[108.1689456503131,16.208763638812187],[108.18233523783822,16.21529058583706],[108.19399295270563,16.21013692924634],[108.17181430220393,16.201670208749096],[108.1570971994728,16.2061715521423],[108.15571627945073,16.20118192853039],[108.14524874922584,16.199692289786313],[108.11874423179354,16.181118528598542],[108.10116610758351,16.186720411813532],[108.09256015005373,16.180756132979173],[108.06483492920842,16.184156937246062],[108.0590442189081,16.179392380248252],[108.03812441954248,16.190615220085487],[108.01499972424014,16.194284960402733],[108.00551638704407,16.20533613865834],[107.99063906744871,16.21242003305361],[107.98091921891626,16.208191440782432],[107.96923098488287,16.194134281763027],[107.9562686435074,16.189642476158763],[107.93522677342145,16.19533400492761],[107.91344485220336,16.214373160423204],[107.90539584060485,16.21404128188702],[107.87680849896243,16.197016287884463],[107.87661013454998,16.189364006372866],[107.86795839972837,16.184641410412077],[107.87550387043267,16.161818076126917],[107.85995516317423,16.154652167480933],[107.85589632377065,16.113861607048324],[107.82718691147315,16.090523289828774],[107.82170900562377,16.080223607330637],[107.824547139841,16.070169972094657],[107.81666597490597,16.055248783772353],[107.80817445820793,16.05315069918823],[107.78717073542894,16.067646551194535],[107.78140291219634,16.062653112314482],[107.77455171634222,16.06652503069253],[107.77028688426516,16.05280737765887],[107.72625764755364,16.02864508646375],[107.72455629111327,16.008089589435844],[107.7043536533608,15.995027112303108],[107.68053468294991,15.997992087280466],[107.66438325550696,16.018215705258275],[107.65070375136568,16.01921134181867],[107.63350709577429,16.03025870699964],[107.6200869909725,16.032936624943964],[107.62533601492538,16.048700861723034],[107.61954530442318,16.06341224284812],[107.59588655206174,16.0561986507099],[107.57136567736624,16.0550122804418],[107.55408509784006,16.044701154575023],[107.56009705981117,16.023142391209056],[107.54587586859172,16.01046805951943],[107.51235230779317,16.015999371867817],[107.50316651710841,16.031981047843026],[107.49037202242752,16.041050490481812],[107.4762805313947,16.035223540988767],[107.46908601179892,16.026558455534573],[107.45968659757492,16.028238831748006],[107.44689973157436,16.038666306971045],[107.44500001384337,16.053646624058835],[107.46259339840596,16.074894487006798],[107.44882997063716,16.091253818819897],[107.44321473702905,16.083609164025003],[107.42900117417993,16.07856422769442],[107.41222413475256,16.084124149139512],[107.4060443260188,16.080784382690016],[107.39744599736551,16.06237846826814],[107.3890994390665,16.06333214205722],[107.37699922010755,16.074436727295137],[107.36672242458997,16.062878194065462],[107.34687836938483,16.062992635939647],[107.33549531269033,16.055716101134585],[107.32762177667078,16.068251196973645],[107.31674226102804,16.071764533574193],[107.31333192148081,16.078341071837333]]]]},"id":"hue"},{"type":"Feature","properties":{"slug":"da-nang","name":"Đà Nẵng","region":"trung","isCity":true,"merged":["Quảng Nam"]},"geometry":{"type":"MultiPolygon","coordinates":[[[[107.21047241195473,15.826581536141141],[107.22859985323464,15.804802474961576],[107.22883636414592,15.783120687682883],[107.21862823321568,15.776597555928122],[107.21644622551833,15.759440000033162],[107.21141845377757,15.754571493041105],[107.213127438442,15.740310246661403],[107.24758178411663,15.745138698230857],[107.25284606732309,15.739575916122975],[107.25144225775459,15.723094516225375],[107.26667815876581,15.71901946445801],[107.26607543618081,15.71222262774236],[107.27708465223702,15.707325509379661],[107.27230865074058,15.702681115493007],[107.27716857473371,15.696680596068155],[107.2730944788401,15.688058427286904],[107.27561980716742,15.681109002157656],[107.26696807382272,15.670293381],[107.26484710125314,15.655864287629512],[107.27586394697286,15.653991271767937],[107.27539092357452,15.635205793855155],[107.28543883597446,15.626205015189548],[107.32726317766202,15.624200389084525],[107.34042388258361,15.614582583646884],[107.34175902614089,15.604317232329278],[107.35000640236628,15.599701448713791],[107.35262328355226,15.58815435886481],[107.34211760732364,15.576539560153735],[107.36430388551983,15.567692321258342],[107.36452513798018,15.548432867749186],[107.37417632154633,15.531651060067041],[107.38166838483495,15.495466746834852],[107.42900114974756,15.490151917844914],[107.43503600104019,15.503264940408961],[107.4685671909308,15.498487984395362],[107.48269682921374,15.488678489390628],[107.47776061014866,15.478323493589878],[107.49324065261415,15.479024443255083],[107.51390868242606,15.470630200447507],[107.52684813419701,15.442627460455052],[107.5196841312167,15.415436297218578],[107.53050261254798,15.404913454084731],[107.5445559575687,15.406276253499954],[107.56021147497324,15.394814041904318],[107.57444029602254,15.398160484214916],[107.60234099356644,15.420507933759303],[107.63739806187985,15.415811086193559],[107.65975218680379,15.388968013630343],[107.66326170747043,15.354038736711587],[107.67044096662862,15.344644089978182],[107.67699461681042,15.34330226994891],[107.67880278320712,15.335733910850744],[107.70648985472309,15.304800528639978],[107.73120909417348,15.305728452053813],[107.72764616490544,15.269002452692574],[107.73889189166843,15.23689319018818],[107.73490934683774,15.230718148624247],[107.75778227278,15.235446465460154],[107.77103453074704,15.229934227460033],[107.77130918871478,15.222382079830153],[107.77966337515227,15.218072425373594],[107.80950193735397,15.212227354227482],[107.81845121811239,15.216436872241331],[107.8319018411772,15.208258160662671],[107.87126188742012,15.210544116686746],[107.89123564275843,15.193022256205557],[107.90133696126121,15.206162935543961],[107.92614775273874,15.209816460427765],[107.9370654157653,15.190834525291365],[107.94767027456545,15.187546255547035],[107.95038633846461,15.175103667007036],[107.98194914370474,15.166410923330847],[107.98738890211176,15.15880537109683],[107.99762755020313,15.156400203592906],[108.0032504123839,15.14343595359657],[107.99840574612138,15.125764367833503],[108.00244169692702,15.121778009563972],[107.98865537928894,15.095403192649204],[107.9760058425605,15.082984444901152],[107.97650938219313,15.071244713519654],[107.95361356742609,15.0555109945805],[107.96141080776995,15.029412742581423],[107.97207669990432,15.011848921761374],[107.99217252581703,14.998331540009815],[108.00179319220459,15.002042286328415],[108.0470431320413,14.992335787392305],[108.06331663039536,14.96859120168639],[108.08713559916941,14.962574469591264],[108.0875781038074,14.951991545518379],[108.10481290573422,14.9514613013362],[108.1210787767696,14.960042463142498],[108.14864377979573,14.962365612268892],[108.16217832632337,14.97378872305521],[108.15030698943309,15.002863393518071],[108.15167265245442,15.03617523946349],[108.14617948857905,15.044826020310378],[108.15995054700677,15.059767234905483],[108.17684202622132,15.060060012374558],[108.19184141594128,15.04872750069505],[108.19422178637554,15.040645110164492],[108.19966154529162,15.043953405512395],[108.21158628863894,15.032326207901901],[108.22597532653165,15.029640660309644],[108.24092131110099,15.034116252568909],[108.2431262064915,15.041174397239798],[108.23807554809193,15.051069722648437],[108.24184446936809,15.064241872252],[108.23510008498755,15.078222738885353],[108.25650816705846,15.09024189520816],[108.25992613683141,15.102619635288825],[108.25705748357962,15.114538657794533],[108.27522307366613,15.13099430770228],[108.27807646790745,15.144778717049933],[108.28104430288522,15.143711554786854],[108.2942660441384,15.167211044652014],[108.30558043710666,15.173610199547635],[108.30036193158308,15.18292568957285],[108.30252105026169,15.192627419252569],[108.29135924615566,15.198237885686137],[108.30448943492908,15.209685793234932],[108.30854064472713,15.220738878389447],[108.30442077178422,15.226503840214228],[108.28654509928371,15.22707986014153],[108.28955871079519,15.233037463197793],[108.28225737985608,15.241730204893061],[108.30130797946379,15.256783953916658],[108.30594665128503,15.267890446936049],[108.29942351987654,15.278999799116344],[108.31411773468605,15.298098081980095],[108.32056457355586,15.301462644859539],[108.3626101680895,15.294963351849796],[108.37867004369696,15.303375712393747],[108.39682037305107,15.29928254107041],[108.41358978394713,15.316326608420269],[108.42672760110011,15.315743912977036],[108.43181640692917,15.326199999035614],[108.43540985206786,15.326000680865565],[108.438453981316,15.312255372257548],[108.48543579261406,15.308555113112712],[108.50180847417286,15.324595915618678],[108.52720672927735,15.320720182266706],[108.54481537286091,15.336226926705683],[108.55912811746032,15.334193693096848],[108.57359345014916,15.343023762282135],[108.60002930261079,15.344986423625947],[108.60186798667576,15.351722226450807],[108.63230164266946,15.358863338626355],[108.6434939650327,15.368128283797997],[108.65650208220255,15.365878565514267],[108.66154511226458,15.36928985861956],[108.67034180498972,15.364480479328503],[108.70085938384216,15.372900468137805],[108.71226532909351,15.37056015046171],[108.72134430943444,15.37483165877114],[108.73895295202063,15.39906166219225],[108.69580872696584,15.442827687582792],[108.70039399411891,15.460667120078648],[108.69029267697043,15.476483809534004],[108.69142182686322,15.48281716049008],[108.6865237561637,15.485608565623222],[108.67990907047951,15.479138839208174],[108.6747744874962,15.485010612223165],[108.67665894965772,15.502156724215139],[108.68145020995759,15.505053985645619],[108.67906983796632,15.511487473607248],[108.67432435487649,15.5152315994694],[108.6745456067393,15.505800712823435],[108.66763337549436,15.49956749803659],[108.65078004293495,15.49814175539849],[108.61833222785687,15.514912121168994],[108.57463868615308,15.563625808899731],[108.5245898598615,15.629970074512762],[108.42688020827616,15.78493548592132],[108.41265138788587,15.81753779820272],[108.4041598736034,15.85854865652627],[108.40616640488676,15.8716731230251],[108.32968172601014,15.921082994885852],[108.30979952411462,15.938936733148465],[108.28786501442397,15.969238782405311],[108.25270113798119,16.041353731553155],[108.24781832769177,16.07932141558474],[108.25280795191632,16.095039876220838],[108.26023898290256,16.101883443245622],[108.26803622345055,16.095839054549746],[108.29516635186279,16.105593235070753],[108.30712161256254,16.096254855407697],[108.3111651923214,16.111900836581505],[108.33808932653882,16.117674379916497],[108.32415805248203,16.140253574503742],[108.31442294557671,16.14242413757076],[108.31017337190201,16.124990970227564],[108.3055804758667,16.123175174542762],[108.28698764179897,16.13709500687788],[108.27262149086282,16.13435986961949],[108.256111481519,16.15367177575414],[108.23197207702344,16.149853264452947],[108.22964511146128,16.13804868253612],[108.21314272911019,16.11928800151361],[108.21671328600253,16.116684470654448],[108.22142062302366,16.120798621199075],[108.24012026859386,16.112604650768006],[108.24240145727597,16.10422375991182],[108.23751864473508,16.093477757998638],[108.23772463933523,16.106472524504355],[108.22622714070344,16.099928411162786],[108.22754702632966,16.10833409788445],[108.22363314699696,16.10797170096514],[108.22391543393192,16.09819081726092],[108.20877871517382,16.089319738264233],[108.20114931896782,16.073608906666387],[108.18372378184658,16.074575933332994],[108.16580233404383,16.08205655697575],[108.13337740871086,16.110394036950613],[108.12328372028007,16.135740794735263],[108.12595400890002,16.14197019600538],[108.1356509685361,16.141068019837466],[108.1395648487848,16.146359004869474],[108.13867984009416,16.162252941457538],[108.14456973196381,16.16490606293182],[108.15283236715932,16.16112760434325],[108.15518222163752,16.189314405110675],[108.17456088420738,16.194521465373466],[108.17870364523823,16.199774303464356],[108.19469485653991,16.199629345001565],[108.19473300410917,16.209288158379653],[108.17181430220393,16.201670208749096],[108.1570971994728,16.2061715521423],[108.15571627945073,16.20118192853039],[108.14524874922584,16.199692289786313],[108.11874423179354,16.181118528598542],[108.10116610758351,16.186720411813532],[108.09256015005373,16.180756132979173],[108.06483492920842,16.184156937246062],[108.0590442189081,16.179392380248252],[108.03812441954248,16.190615220085487],[108.01499972424014,16.194284960402733],[108.00551638704407,16.20533613865834],[107.99063906744871,16.21242003305361],[107.98091921891626,16.208191440782432],[107.96923098488287,16.194134281763027],[107.9562686435074,16.189642476158763],[107.93522677342145,16.19533400492761],[107.91344485220336,16.214373160423204],[107.90539584060485,16.21404128188702],[107.87680849896243,16.197016287884463],[107.87661013454998,16.189364006372866],[107.86795839972837,16.184641410412077],[107.87550387043267,16.161818076126917],[107.85995516317423,16.154652167480933],[107.85589632377065,16.113861607048324],[107.82718691147315,16.090523289828774],[107.82170900562377,16.080223607330637],[107.824547139841,16.070169972094657],[107.81375154537471,16.052837894613276],[107.78717073542894,16.067646551194535],[107.78140291219634,16.062653112314482],[107.77455171634222,16.06652503069253],[107.77028688426516,16.05280737765887],[107.72625764755364,16.02864508646375],[107.72455629111327,16.008089589435844],[107.7043536533608,15.995027112303108],[107.68053468294991,15.997992087280466],[107.66438325550696,16.018215705258275],[107.65070375136568,16.01921134181867],[107.63350709577429,16.03025870699964],[107.6200869909725,16.032936624943964],[107.62533601492538,16.048700861723034],[107.61954530442318,16.06341224284812],[107.59588655206174,16.0561986507099],[107.57136567736624,16.0550122804418],[107.55408509784006,16.044701154575023],[107.56009705981117,16.023142391209056],[107.54587586859172,16.01046805951943],[107.51235230779317,16.015999371867817],[107.50316651710841,16.031981047843026],[107.48734315323732,16.04080825798525],[107.47314485038471,16.03217369117066],[107.45356782142115,15.994832572230505],[107.44353516637709,15.990329322671439],[107.44647248382073,15.980726774664301],[107.43484528503322,15.960768278207343],[107.42771942988566,15.930802876764787],[107.3991168277577,15.894039685146211],[107.38803894718116,15.892410809612555],[107.38489563558846,15.886892850441527],[107.37154419578536,15.898041304502518],[107.36182434671045,15.891750868427955],[107.32873566151743,15.890066680451975],[107.30282623613337,15.865899619721953],[107.28932983684913,15.864852485465308],[107.28047973952363,15.857838211235732],[107.2737200953408,15.860058365445251],[107.271797488027,15.851847229038517],[107.26157409888087,15.850202141115842],[107.24851257466634,15.838881073148636],[107.23466522314027,15.84377914501375],[107.21047241195473,15.826581536141141]]],[[[108.19825015459737,16.21418050802485],[108.20584140310957,16.210279979820918],[108.20837436213543,16.223570385693353],[108.20288119861362,16.22509244973851],[108.19825015459737,16.21418050802485]]],[[[108.38637575629515,15.886952894423892],[108.40222963781844,15.880686299270266],[108.39720949644256,15.886294858698404],[108.38637575629515,15.886952894423892]]],[[[108.41661104992053,15.97264053461227],[108.41696200268542,15.971969147754285],[108.41828951728411,15.973091623059394],[108.41661104992053,15.97264053461227]]],[[[108.42069277638102,15.973434945061449],[108.42395052813983,15.972280998793652],[108.42251620220053,15.97369434495943],[108.42069277638102,15.973434945061449]]],[[[108.4430697911399,15.971329230391916],[108.44800601019443,15.96775104426876],[108.45066866857941,15.979615708026893],[108.4430697911399,15.971329230391916]]],[[[108.47171816724565,15.933124082248334],[108.47316012133656,15.931241528428837],[108.47621950947125,15.932795063719198],[108.47171816724565,15.933124082248334]]],[[[108.47689852599659,15.94372417259557],[108.48009524184128,15.93813945459394],[108.48502383136567,15.946967618226418],[108.47689852599659,15.94372417259557]]],[[[108.48404726946809,15.96619655443091],[108.49546084431728,15.956152455411953],[108.50024447406757,15.960773006887182],[108.50623354912376,15.958052174590364],[108.51342043808059,15.940400615715939],[108.53826174627693,15.922794831854716],[108.53613314728925,15.95811320849785],[108.51158175494834,15.965336338996124],[108.50438723613112,15.979273335461418],[108.48404726946809,15.96619655443091]]],[[[108.5326541407554,15.904709351823714],[108.54206881422753,15.902699005890574],[108.54349551121032,15.912048829040275],[108.5326541407554,15.904709351823714]]],[[[108.68558534067603,15.505370606065908],[108.68747743085174,15.50459526851042],[108.6863177625473,15.50615261916251],[108.68558534067603,15.505370606065908]]],[[[108.68696626160046,15.498034942748458],[108.69157441598112,15.498986708903475],[108.6900180193356,15.500854004422347],[108.68696626160046,15.498034942748458]]],[[[108.69070467721468,15.81299734352214],[108.69834170188173,15.813807013463341],[108.69402346466859,15.81658506632334],[108.69070467721468,15.81299734352214]]],[[[108.70274384855362,15.459368215082971],[108.704056104121,15.45822475978805],[108.70352204612448,15.46002720400429],[108.70274384855362,15.459368215082971]]],[[[111.19421039200007,15.781299897000077],[111.19899060500008,15.773835720000038],[111.20997363100004,15.771371520000075],[111.22176923200007,15.775958881000028],[111.22814195700005,15.791470276000029],[111.22109084000007,15.799133531000018],[111.21180334300008,15.798287146000066],[111.19421039200007,15.781299897000077]]],[[[111.36042794400007,16.724123675000065],[111.36962668600009,16.710495232000078],[111.39444295600002,16.710285390000124],[111.40324242800006,16.718597020000026],[111.40352380200005,16.73513385900005],[111.39637228600004,16.744596106000117],[111.37271214200003,16.745147595],[111.36669376300007,16.74200541700008],[111.36042794400007,16.724123675000065]]],[[[111.44397892800005,17.085418370000035],[111.44525081300004,17.075377041000102],[111.45912817100002,17.066097559000056],[111.49164246900006,17.066152111000044],[111.54494363100005,17.085903574000035],[111.55851040900009,17.09415969500005],[111.559872511,17.101074885000052],[111.54612726400003,17.111859004000074],[111.5098239270001,17.11399263000004],[111.46145017900002,17.09882140300003],[111.44397892800005,17.085418370000035]],[[111.46598018100003,17.08622246900004],[111.49562107400001,17.09884885900008],[111.50897334100006,17.0949706870001],[111.50825932400005,17.089586354000105],[111.49833716700003,17.083002464000074],[111.47127280899998,17.08189774200006],[111.46598018100003,17.08622246900004]]],[[[111.51725933700007,16.448333226000052],[111.526254115,16.439166893000042],[111.53662347700008,16.439673074],[111.55121556800003,16.44732435900007],[111.55598835200006,16.45829387300006],[111.548620499,16.464052453000107],[111.53752714900006,16.463558738000117],[111.51725933700007,16.448333226000052]]],[[[111.55884688700004,16.200397489000103],[111.56645148900007,16.187015727000095],[111.5892807600001,16.181785837000092],[111.62386986400003,16.193167573],[111.66772139800003,16.222263340000076],[111.66841869000007,16.234052360000106],[111.64843364200001,16.232352834000082],[111.6053634680001,16.203986520000058],[111.58294848600009,16.203674302000067],[111.65680342900004,16.274245003000054],[111.72092734400005,16.277832288000035],[111.76654453600003,16.269116544],[111.77589893900006,16.253110135000078],[111.75995533700008,16.23496095600005],[111.74901635300004,16.230787401000057],[111.72230664600004,16.23189856400007],[111.72407598400005,16.219905231],[111.74292940200009,16.214081293000056],[111.76122277600005,16.21521671800012],[111.80126996300005,16.240861921000068],[111.80615856400006,16.266802016000078],[111.79128609200008,16.28727182500009],[111.77578781500009,16.297567250000085],[111.65611260400007,16.29003584200008],[111.63886534900006,16.283440404000068],[111.60858234300008,16.253560266000108],[111.57671186000002,16.230815039000035],[111.56100055600008,16.21491065700011],[111.55884688700004,16.200397489000103]]],[[[111.57960620900003,16.474154495000093],[111.58200620300002,16.461045547000097],[111.59322562600008,16.443521935000135],[111.60551299000005,16.437981995000058],[111.6140842390001,16.439571805000064],[111.61787186700006,16.456148496000097],[111.59847220500004,16.485919633],[111.58884372200008,16.489011699000052],[111.57960620900003,16.474154495000093]]],[[[111.58409061100008,16.507324116000085],[111.59298811300006,16.50513672100002],[111.60048639000007,16.509704590000048],[111.58997440200001,16.516586571000055],[111.58409061100008,16.507324116000085]]],[[[111.60240168300001,16.53180254700004],[111.607787156,16.521697461000073],[111.62605611300009,16.5215239180001],[111.63646193300006,16.528559046000076],[111.63871946800006,16.542808747000045],[111.62697024000005,16.548348332],[111.60839973000006,16.53984745500008],[111.60240168300001,16.53180254700004]]],[[[111.643514753,16.55718431800004],[111.65921192000009,16.544860303000064],[111.676129599,16.547971586000095],[111.68136687100008,16.555879257000058],[111.67971203900004,16.565162717000078],[111.66780107600005,16.570577655000115],[111.64690232400007,16.564878490000098],[111.643514753,16.55718431800004]]],[[[111.6845960310001,16.237846781000087],[111.688591134,16.23031959000007],[111.70095678900003,16.227983309000123],[111.707225351,16.232370633000045],[111.709439839,16.242861109000017],[111.69601237900012,16.247469576000114],[111.6845960310001,16.237846781000087]]],[[[111.6908284310001,16.55339639200006],[111.69427042100006,16.54634568800013],[111.70098666300002,16.545166344000073],[111.69502391500005,16.56517977000007],[111.6908284310001,16.55339639200006]]],[[[111.69856837100004,16.455873098000048],[111.70366058800002,16.447605387000053],[111.71137458900003,16.44607012300012],[111.719542049,16.455511459000057],[111.71192299100002,16.46218713100005],[111.69856837100004,16.455873098000048]]],[[[111.70323453200002,16.576805075000053],[111.71281687700008,16.54624160000013],[111.7229096460001,16.53892358300002],[111.73783882100007,16.53851279600005],[111.73766848000001,16.551131177000045],[111.72282498000003,16.582394802000074],[111.70745331600004,16.58539594900006],[111.70323453200002,16.576805075000053]]],[[[111.73462291800008,16.448591004000065],[111.74473404400001,16.444993391000118],[111.75823504900004,16.476043103000038],[111.77820930300007,16.504045289000132],[111.77706113400002,16.512375503000065],[111.75681944600005,16.532771640000107],[111.7453641380001,16.52754750900005],[111.75607017800006,16.499789064000048],[111.73462291800008,16.448591004000065]]],[[[111.74751000900002,16.052485057000077],[111.76038506900002,16.03904596000003],[111.7833342550001,16.037918627000103],[111.80609282700004,16.047110004000054],[111.81983847800004,16.05935578400004],[111.82211980700006,16.06764179600013],[111.80767555500007,16.07966432500003],[111.77988295900009,16.080155450000078],[111.75453842300006,16.067024256000103],[111.74751000900002,16.052485057000077]]],[[[111.94369007800003,16.33099944600005],[111.94851160500009,16.32171948600005],[111.96088022800002,16.3196161180001],[111.99115266200002,16.327046720000027],[112.01689746200013,16.340173390000068],[112.06325325600002,16.332170418000125],[112.0732190460001,16.33418949800003],[112.07824421500004,16.341103245000085],[112.07440012700013,16.350255454000084],[112.06493924100008,16.356372884000066],[112.03941071200002,16.364426256000094],[112.0127461400001,16.365666594000047],[111.9643527270001,16.353504184000123],[111.94853250800004,16.3431032720001],[111.94369007800003,16.33099944600005]]],[[[112.1914929980001,16.977660026000052],[112.19705080800006,16.970781040000112],[112.21031359900007,16.966853085000096],[112.23681826700007,16.97605820700003],[112.278558524,16.975417767000067],[112.28416389800007,16.97897598700004],[112.28293601100009,16.983954172],[112.26412671000007,16.99480695600002],[112.2380003440001,17.00386872400008],[112.202515113,16.9919525340001],[112.1914929980001,16.977660026000052]]],[[[112.29523616800005,16.97122943500009],[112.32168108100008,16.95471103700008],[112.33813363600007,16.930579064000106],[112.33805742900006,16.92267728800001],[112.34228907500007,16.922132632000064],[112.3443794320001,16.932750791000025],[112.335368924,16.9503928070001],[112.30052853100007,16.973383164000033],[112.29523616800005,16.97122943500009]]],[[[112.319384108,16.839553644000112],[112.32676859400011,16.8288060610001],[112.33311650200008,16.827767109000114],[112.34930748200009,16.844422008000045],[112.34109106800007,16.85032353200002],[112.32954069200007,16.850019818000114],[112.319384108,16.839553644000112]]],[[[112.44061748600008,16.029018840000028],[112.45120569200006,16.012178952000063],[112.46494735100009,16.01018958100004],[112.52436050200006,16.021267572000042],[112.59405924900003,16.068408308000045],[112.59673323300002,16.074876911000047],[112.57818978800006,16.079016479000074],[112.49838482000004,16.055939779000106],[112.476377531,16.053924952000017],[112.44800560700004,16.042590261],[112.44061748600008,16.029018840000028]],[[112.44790400700008,16.027518006000015],[112.45344068699997,16.036177830000042],[112.47515671400006,16.046075732000098],[112.49815298000013,16.045595040000116],[112.54134676500006,16.056231790000105],[112.55653517100006,16.05135266900008],[112.530587992,16.027976389000017],[112.49845603000007,16.017639119000115],[112.46457425000004,16.014347376000067],[112.45371836600012,16.017272838000096],[112.44790400700008,16.027518006000015]]],[[[112.63025890800009,16.571086702000045],[112.64129821000007,16.571129061000086],[112.6364444630001,16.575193016000078],[112.63025890800009,16.571086702000045]]],[[[112.72032093600004,16.67201622300007],[112.73320043900004,16.659444371000106],[112.74096227700011,16.65984254700001],[112.72862527300003,16.675659032000034],[112.72032093600004,16.67201622300007]]]]},"id":"da-nang"},{"type":"Feature","properties":{"slug":"thanh-hoa","name":"Thanh Hóa","region":"trung","isCity":false,"merged":[]},"geometry":{"type":"MultiPolygon","coordinates":[[[[105.26968426397842,19.61327056002296],[105.26113934303709,19.638233940572523],[105.24613995418456,19.65657691334345],[105.23992962709296,19.654961388056037],[105.23625225844276,19.64687232359753],[105.2232365107313,19.64918593774876],[105.1818317880033,19.680460735591808],[105.16935772746939,19.68001060173296],[105.16397137621483,19.685261533239533],[105.16445202783765,19.696999356803936],[105.15358777019382,19.7090728739036],[105.16258282726432,19.72249870176322],[105.15587658869701,19.723353193786632],[105.13413281569777,19.74215583774079],[105.13657422295034,19.76778679026364],[105.12872357633772,19.79966621612609],[105.132263616025,19.826317599962444],[105.14532513986401,19.83460884466007],[105.15010877192212,19.855273059833742],[105.18029065678856,19.853606035896544],[105.18846936707814,19.863144687363768],[105.16812177409743,19.91495590797283],[105.15588422489127,19.921997839353992],[105.13101239847477,19.92172890440892],[105.119377572774,19.931330498220497],[105.09346814947604,19.938198861780013],[105.04672284822735,19.92990571044787],[105.04129834891584,19.940638362045302],[105.01483197861313,19.95239526050823],[105.004433114331,19.950764477109804],[104.99797101750647,19.962246716800674],[104.97752424000646,19.975212873460222],[104.96517988019481,19.9749305872067],[104.96208997535808,19.98857003763885],[104.95650525888725,19.99270135463219],[104.92871137437017,19.98842317293019],[104.91124006079036,20.001526658296726],[104.91947980848185,20.008173768649016],[104.91747327781928,20.014462297227855],[104.93405195247345,20.03521997316572],[104.97124525105394,20.060465639076916],[104.97562452525918,20.07783395639569],[104.99155470126705,20.091496294633664],[104.96529432568639,20.09899599064684],[104.961319411005,20.110144444269196],[104.934540235907,20.126196691631698],[104.92197462471935,20.142153570543957],[104.92892500324152,20.147757361718178],[104.92742201203637,20.158205816896793],[104.88270613030623,20.143730950005565],[104.85982557585683,20.14292604837247],[104.82324262956756,20.160166575201472],[104.81980940228247,20.170656992369594],[104.7742390294492,20.198084669434493],[104.72158094817468,20.200880843832547],[104.68642469875861,20.21799166938184],[104.66889235000673,20.218115648296646],[104.66694685534411,20.227915605205062],[104.65937849554582,20.23359187550796],[104.6299061437403,20.229897341546685],[104.61437269697599,20.24259074805313],[104.61048933613043,20.273730123165063],[104.62179609999255,20.296490515425347],[104.6155171080094,20.30775531695653],[104.62088057294224,20.320719564872352],[104.62120100897998,20.343439903239968],[104.61496016362284,20.351216164544795],[104.61837050406118,20.36310466928567],[104.66346785602568,20.384804573671207],[104.68305251177271,20.396927681127167],[104.68413588568751,20.403612938823095],[104.71414992391246,20.39966281830395],[104.71877333826437,20.40538486498354],[104.70652815971009,20.415234413787697],[104.6974415507011,20.43099102125862],[104.68941542827885,20.43405040857505],[104.68661544096055,20.442873804025478],[104.6649250725689,20.456009715019654],[104.67112777147838,20.468794673731054],[104.65869948703725,20.469267696342158],[104.65732619576613,20.475020260412425],[104.65236709046744,20.47444805539895],[104.62540480817864,20.46159061848624],[104.61395308709574,20.44776996993743],[104.61835524811883,20.436852306796975],[104.61440321995164,20.42855915452929],[104.5995335297009,20.417992442363598],[104.564125509507,20.416594357873173],[104.54615065661086,20.40901455359275],[104.5283360204986,20.414194913513708],[104.52304884901622,20.39283832948025],[104.46848341825898,20.368918271215193],[104.44657942649621,20.37997326585215],[104.43837782796452,20.37559017851972],[104.42124983672741,20.376520964960907],[104.40728804518206,20.389359329708476],[104.40451094554412,20.411002015028785],[104.41484114740298,20.42606625487549],[104.38534590757993,20.44304928896287],[104.37771651367711,20.44171986715443],[104.3801274028906,20.4560593142035],[104.37491652653563,20.46442494569748],[104.38040206189586,20.47418484906585],[104.38945815313828,20.476782657984195],[104.38687178775187,20.487591603599338],[104.41880843416158,20.490807392205763],[104.43763015114155,20.508816577774883],[104.44301650407228,20.506813861791567],[104.47555587116983,20.516955233452954],[104.49650619042416,20.543677188213543],[104.52339217655306,20.54777226561338],[104.52780959632997,20.555609560643983],[104.5238957171379,20.561705448370372],[104.52607772414028,20.569439746296442],[104.53419540093161,20.575695850213624],[104.54198501236313,20.598057606203344],[104.56543014294802,20.607989170857554],[104.60491988965204,20.60825429046845],[104.6142353807952,20.621394015776804],[104.6272816449503,20.626293993957134],[104.63857314993112,20.654938555946423],[104.6623921190015,20.624586915329946],[104.67139480523863,20.623394821955646],[104.68420455832582,20.61260495016617],[104.68441055116723,20.597927902891442],[104.6922688275794,20.59761891146928],[104.69606063722138,20.605078552690767],[104.7176899708047,20.605097625370018],[104.74234817258052,20.574856610793564],[104.76087997293547,20.584973188506936],[104.77499435202824,20.57528194825601],[104.78005264077157,20.576292843022014],[104.78093765090614,20.583706707862575],[104.8007054117579,20.584893077853437],[104.79748580854638,20.61833843722597],[104.80698440531502,20.62520489233086],[104.80957839980486,20.633345456635382],[104.8120808409712,20.631148192004915],[104.84662673997848,20.652140470198173],[104.85297439644808,20.663641782596063],[104.86647079612227,20.6617763952543],[104.89975021480963,20.670208782964377],[104.95048568876392,20.641758767883598],[104.96290634191945,20.621868936338338],[104.96281478853874,20.608944740413822],[104.98401687642334,20.59208187037643],[104.9806828298842,20.574671591241163],[104.99528824803633,20.577339419442353],[105.02495620623988,20.55873187689913],[105.04584548847592,20.556591831185717],[105.05206344516711,20.56045230496769],[105.05435226384508,20.570387684290175],[105.06334731967665,20.574318729345666],[105.08425186107132,20.577128253468228],[105.0935826110778,20.566855272872182],[105.10593460067165,20.57337268342988],[105.10774276740602,20.56755336270153],[105.13032577493628,20.556704362802712],[105.14127395590448,20.54385264569513],[105.15313003436461,20.54314501992895],[105.17178390349251,20.51461871184823],[105.18409774637632,20.521347837702102],[105.20565078640256,20.516877011940128],[105.23118636922844,20.503189876976972],[105.22993514840219,20.498629405443413],[105.2445835855362,20.488049343148],[105.24099014025157,20.475733591264046],[105.2621464510454,20.46537668763183],[105.26432082857953,20.444704843052182],[105.25835464053523,20.434204888439282],[105.26979873315744,20.4288471445861],[105.27665755849587,20.431364844298443],[105.29678390131122,20.416292975865893],[105.30275771739338,20.421215842056874],[105.34564254292677,20.39073450095001],[105.36716506527485,20.38871461835078],[105.40616652984492,20.37256128081377],[105.43669936720826,20.384388749737955],[105.46061751959597,20.375197235648763],[105.47655532452735,20.375176253924803],[105.50384566857801,20.360436262586315],[105.52117202317474,20.359835446667688],[105.52653548859884,20.370022595952932],[105.5390400659684,20.369202436088774],[105.54970595915456,20.346993267454096],[105.5486302137619,20.334791958591723],[105.56498763571095,20.32460862279305],[105.5627140755307,20.31822091213046],[105.57077834539274,20.318346797220553],[105.57910964444822,20.31187516283157],[105.59984633969283,20.3119400118192],[105.6207966556544,20.28192597076391],[105.64958236213496,20.273978049126264],[105.67027327872798,20.25380211383341],[105.67089888941724,20.247710041709812],[105.67905471237135,20.24662475961648],[105.68284652042887,20.235331348844944],[105.69391677158448,20.230858614680244],[105.69297835674573,20.221291353394086],[105.75832411937542,20.178919600841585],[105.7917332378747,20.17024879257353],[105.80821273046014,20.158327862360174],[105.8316425999124,20.15105895562482],[105.83650252527734,20.14243392548644],[105.85271498814272,20.138361735149505],[105.86853072232756,20.12499121931607],[105.89170882262295,20.119614403457184],[105.91082045658017,20.104906836383844],[105.91980025302017,20.10461119770711],[105.95863387104137,20.06711653563206],[105.99260756541783,20.06868819013945],[106.02333113710753,20.05904081933635],[106.07180831060425,20.066645417755318],[106.0753330906936,20.063080582459374],[106.05428358828426,20.006779463359038],[106.03234907868332,19.999096663766746],[106.02603194053547,19.99067762646759],[106.02582594532605,19.95985677819379],[105.98162123249928,19.94264867983367],[105.95306440772036,19.91922643883202],[105.95002027837589,19.888907223349303],[105.96303602540605,19.890558987182853],[105.93637891855434,19.842741756078798],[105.93093153118254,19.81391408733479],[105.93873640072198,19.794482019059053],[105.9316029157529,19.790312554425437],[105.93253370293858,19.778095986233424],[105.90764661667461,19.7460944904228],[105.89665265717622,19.721644187225362],[105.87912030829366,19.72939374501807],[105.86736341135109,19.721829201511667],[105.83793683480874,19.66465070229934],[105.81972546674774,19.583348056890845],[105.81343121664999,19.573410769614323],[105.80886883737246,19.533270616181305],[105.80735821438185,19.46940304530917],[105.81350750454101,19.426771894482275],[105.80587048141523,19.42976643173466],[105.79894299035544,19.426701322727904],[105.7925037800837,19.40381695326254],[105.78469128064518,19.399332776601337],[105.79235119107717,19.35771061302374],[105.80082744817118,19.34021068826551],[105.8137058662137,19.33126903691576],[105.81561321340175,19.315436136005232],[105.82019085062504,19.314560662499954],[105.80953258598063,19.301321755613003],[105.80622142845348,19.288712273105162],[105.80106395792104,19.302004586108865],[105.76816600823733,19.292086373672],[105.7557072073294,19.306763422196315],[105.75209850351233,19.301609765590484],[105.74632305148124,19.307375681128374],[105.74184459816975,19.323530925424226],[105.71311992597747,19.303244364818138],[105.69387096444203,19.3041637081511],[105.6918262863969,19.300345196047676],[105.67549938276774,19.31555630263067],[105.67711681312133,19.3207442913516],[105.66439098297002,19.313912168584086],[105.66789287606456,19.340203062868422],[105.65558666308289,19.342612044908037],[105.64999431727314,19.353453415099473],[105.64228099955419,19.35340954677575],[105.63909954216035,19.365736741394706],[105.63102764303905,19.367077607140097],[105.62735027533678,19.381293076654863],[105.62030071399661,19.382542391053473],[105.60941356793072,19.368544359305847],[105.59020256239103,19.370840361089662],[105.58243602867148,19.380282183042254],[105.58297008738843,19.3898284640682],[105.56797069727334,19.40211179091923],[105.54418224599763,19.433504843239962],[105.53913921696281,19.454949164297588],[105.52461285045086,19.464316154425614],[105.50042766854763,19.461802269664638],[105.48864025400275,19.450003410622458],[105.46294445278434,19.453938272444194],[105.44641155494273,19.440871027022244],[105.4350666464814,19.45428731749879],[105.4146885332404,19.45967367132874],[105.40361828072254,19.449192790321078],[105.3905949048402,19.454916744350687],[105.3899616647192,19.46924665546815],[105.35918468880206,19.507471832245336],[105.36325115630243,19.519686492240115],[105.35624737282726,19.5317905282799],[105.35654491981471,19.541605744595422],[105.34461254617281,19.54189756865298],[105.34040112018846,19.532681260964107],[105.33280987248298,19.531685625002904],[105.32366222813336,19.509053025604715],[105.30857891427608,19.4984081125447],[105.30736584054627,19.48840978961982],[105.29784435538284,19.48565367221095],[105.29592937708419,19.47637251312282],[105.28982586252624,19.491305146680237],[105.27864116896694,19.492150101599854],[105.27970165552196,19.504996095826314],[105.27169842053944,19.509024415791135],[105.27491039640417,19.515892778931747],[105.26749462542865,19.52962378270222],[105.27359051147185,19.546379840296574],[105.27188152795966,19.55692557201724],[105.28051800350666,19.562905109973364],[105.28202099408516,19.57070425855839],[105.2740177596474,19.58771780851118],[105.28151745433803,19.594498433901105],[105.28173107767088,19.604065693802315],[105.26927227670564,19.60722426470945],[105.26968426397842,19.61327056002296]]],[[[105.82623333259936,19.33363796362855],[105.82801860897412,19.305273780849642],[105.82241863314087,19.3049991228951],[105.81486553459148,19.33277965776903],[105.82293743367903,19.336973915900124],[105.82357067415099,19.342272531199637],[105.82623333259936,19.33363796362855]]],[[[105.88966411889244,19.3349769201835],[105.8911671089992,19.335108526648163],[105.89015239973936,19.33444286276143],[105.88966411889244,19.3349769201835]]],[[[105.89155620908564,19.336340674841804],[105.8914570262566,19.33559871568537],[105.89115948049836,19.337246665142597],[105.89155620908564,19.336340674841804]]],[[[105.8779758866762,19.35406757470897],[105.87899059645645,19.35263134002593],[105.87873882611976,19.34997821836895],[105.8779758866762,19.35406757470897]]],[[[105.87705273106606,19.356220970036752],[105.87641949049448,19.35663677198556],[105.87791485133681,19.356083641691637],[105.87705273106606,19.356220970036752]]],[[[105.87284893411585,19.357617150486163],[105.87438244146922,19.35810161651384],[105.87446636531791,19.356402169640837],[105.87284893411585,19.357617150486163]]],[[[105.87701458404057,19.358187447273206],[105.87746471778128,19.35694576345591],[105.87681621883695,19.357039223323223],[105.87701458404057,19.358187447273206]]],[[[105.90882915792506,19.319149740083105],[105.9094395085026,19.319906957698898],[105.9100498603982,19.318922765749704],[105.90882915792506,19.319149740083105]]],[[[105.91267437250174,19.319615132994347],[105.91019481845875,19.319458731202978],[105.91095775891925,19.32081485573846],[105.91267437250174,19.319615132994347]]],[[[105.8979420115309,19.324845083707256],[105.89858288101102,19.32457042563737],[105.89790386492808,19.324171789066888],[105.8979420115309,19.324845083707256]]],[[[105.8985981396527,19.32580829410889],[105.89881176259699,19.326067694816093],[105.89939922595573,19.325705298487495],[105.8985981396527,19.32580829410889]]],[[[105.90757030837119,19.339499244205484],[105.90776104292574,19.339058645558577],[105.90714306198106,19.33938098819048],[105.90757030837119,19.339499244205484]]],[[[105.89946789123603,19.343996771915375],[105.89899486851,19.347519644982356],[105.90554088939534,19.341116676094284],[105.89946789123603,19.343996771915375]]],[[[105.93591350923458,19.35496784090072],[105.93241161679266,19.348398931960524],[105.93014568696617,19.353621252701025],[105.93591350923458,19.35496784090072]]],[[[105.92913860707716,19.358238943818698],[105.93083996254995,19.358773001548414],[105.92974132928211,19.357611426703233],[105.92913860707716,19.358238943818698]]],[[[105.91041607357053,19.36579967482675],[105.91007275059236,19.365935097026444],[105.91040844379215,19.366375694583883],[105.91041607357053,19.36579967482675]]],[[[105.91207928172211,19.367050895735744],[105.91260570967937,19.366858253574932],[105.91186565800382,19.36586643134386],[105.91207928172211,19.367050895735744]]],[[[105.90820354803886,19.369717368617145],[105.90781444904349,19.371184120442248],[105.91011089735764,19.366688500174103],[105.90820354803886,19.369717368617145]]],[[[105.93269390579235,19.380892524879815],[105.93875164446696,19.374592551444653],[105.93148083152981,19.360560187561468],[105.92553753287477,19.358986625382606],[105.91404766571186,19.369980582579238],[105.91525311033944,19.380055199224756],[105.93269390579235,19.380892524879815]]],[[[106.00657698042129,19.911524562659753],[106.00618025287072,19.914503842381993],[106.01262709100013,19.912758617975562],[106.00657698042129,19.911524562659753]]]]},"id":"thanh-hoa"},{"type":"Feature","properties":{"slug":"nghe-an","name":"Nghệ An","region":"trung","isCity":false,"merged":[]},"geometry":{"type":"MultiPolygon","coordinates":[[[[104.91128579441421,18.79046894954258],[104.8925632601881,18.783995409349117],[104.87429848889876,18.785868426005507],[104.85679665783906,18.774296541594083],[104.83940163885123,18.785221836109276],[104.79986611522575,18.78243138624196],[104.78997079083865,18.789728902823697],[104.78441659199021,18.80222966651213],[104.75572243899552,18.79646375182997],[104.73971596952863,18.800535941259614],[104.7364277015278,18.81355550464294],[104.71965829157693,18.820685174542007],[104.71483651460646,18.83972051429726],[104.7066272854141,18.836087014994877],[104.70116463977509,18.83965947953314],[104.6901706813617,18.835438517783295],[104.67681924154945,18.837439326352005],[104.65596047722184,18.865406780769924],[104.63867226912447,18.86884954676557],[104.6303180827932,18.87565115180853],[104.62845651077672,18.88768080028432],[104.58963052264713,18.903656754626848],[104.57875863539657,18.90291861114999],[104.56149331682724,18.940022265835637],[104.54587594744754,18.953867710401113],[104.54403726360336,18.97263983630428],[104.53070871124588,18.984881200020013],[104.51333657954942,18.98135451370707],[104.49759713926184,19.002802649755818],[104.48262063828554,19.00469283387484],[104.47397653412129,18.988688270259814],[104.46192209019239,18.991270820767383],[104.44917337159089,18.985420982676878],[104.43114511297931,19.00489119926569],[104.42469827448186,19.005457681248014],[104.42643014717804,19.015476984793015],[104.40242807283568,19.03712920857029],[104.40406076354724,19.05266646960008],[104.39980356175231,19.057429120106615],[104.3832630352081,19.060965345310603],[104.36676828381844,19.07409934930296],[104.3523029517533,19.07086830032313],[104.31004373572443,19.08902626113142],[104.3003772929902,19.11332588449488],[104.28228799917169,19.119526675317797],[104.24947397285929,19.110623173005116],[104.21373026031021,19.120772176566515],[104.21912424294213,19.14008217525228],[104.22595255120885,19.147282415970647],[104.22507517049824,19.155455405768894],[104.19873087184497,19.163609321422975],[104.19452707581739,19.179581460510256],[104.18209879252996,19.19761925740818],[104.13027994436342,19.204272090908876],[104.11425821684865,19.22177773714821],[104.10099832902344,19.215628445273374],[104.09275858288096,19.230313123469283],[104.07178537885922,19.24665719556444],[104.05785410355168,19.240340056957674],[104.04761545629857,19.242331328984264],[103.99794809634373,19.230892960802926],[103.99297373238093,19.239069764517293],[103.95947306092641,19.253685779600833],[103.92481272184327,19.284230062382935],[103.9151691687779,19.30280191631253],[103.89913981081344,19.30852777874723],[103.88681833878954,19.300091575397325],[103.87536661687201,19.306570838692554],[103.87561075815944,19.318114113858783],[103.8827442427322,19.324219536113233],[103.89492075717725,19.330891442342818],[103.9069294241063,19.32966883079346],[103.91956370180363,19.34212381771176],[103.95206492303554,19.35732538531917],[103.95227854589295,19.363838981359084],[103.96005289964238,19.370207618273486],[103.95721476547611,19.3817089313695],[103.97522013669862,19.39801676236914],[103.98734324517848,19.398894141424112],[103.995537215014,19.405012916809714],[104.01380961428248,19.40205652477334],[104.02272074778143,19.41559488637697],[104.03098338292214,19.414614509266986],[104.04938548175781,19.425410101535295],[104.05347483775579,19.41888315465312],[104.07031291057002,19.415795156784725],[104.07509654294708,19.450751136130467],[104.06447642608603,19.453108619385514],[104.08582347157915,19.466669868035144],[104.08516734482397,19.47831232484238],[104.09220164699632,19.488171409447837],[104.09798472810469,19.492541145333757],[104.11167949155997,19.489477942980873],[104.1231617303704,19.50162012376337],[104.10462993203157,19.5230835191159],[104.10968822183735,19.542179894577853],[104.10643809999667,19.569954707455814],[104.08689159240784,19.580857112021],[104.06016582381494,19.62054141053521],[104.06816142980225,19.63503916734272],[104.0574955369728,19.651465254946427],[104.07199901725372,19.671475249854804],[104.07090801344556,19.68217166100476],[104.09126323781085,19.666624861385227],[104.10716289594424,19.660899000620542],[104.1333851253238,19.660116986623745],[104.15714306103413,19.67044718619913],[104.15644115636752,19.686278181154613],[104.16353649306379,19.696741894916343],[104.17668194003285,19.688042477634973],[104.1835102489633,19.693959073027177],[104.19973797014391,19.69253237582512],[104.21034282972448,19.703280284559145],[104.2358173785925,19.707445934315412],[104.26113933817625,19.703720881407932],[104.27370495077037,19.69599230380965],[104.30716747640912,19.69547159677918],[104.32172436027975,19.685381721580633],[104.31923717763503,19.668581794063325],[104.33729595472364,19.676541159448526],[104.3425754962917,19.686383078952883],[104.35178417528142,19.691651175502344],[104.38941234957687,19.699219534298532],[104.39718670276271,19.696589299275644],[104.4158558314984,19.706536122443772],[104.42202801074555,19.700087376616896],[104.41983074590546,19.69311029512794],[104.42573589639265,19.67374689130494],[104.44755596464601,19.6705616179035],[104.44625133817365,19.65614778331528],[104.46235698980271,19.649378603061233],[104.49088329619565,19.65353852948619],[104.50754589296238,19.62164002991441],[104.52606243261533,19.61332589556334],[104.53843731072661,19.612232984260565],[104.54479259693797,19.61862260230934],[104.55999797979723,19.609799206154033],[104.57009166910898,19.613657773689628],[104.58255810092885,19.627711117732076],[104.6113972115836,19.633215725526433],[104.63545269304481,19.62228280184091],[104.64466137169609,19.622929392010228],[104.65325207043298,19.636420069430077],[104.64604229403028,19.65522462054845],[104.65866131214547,19.65967255719279],[104.6603092612952,19.67024689901793],[104.67101330314706,19.68327408989852],[104.66329998553081,19.69998437228844],[104.67840618690029,19.710919202287098],[104.68524975509361,19.722088636181557],[104.69690747008863,19.725283444868417],[104.70090527318987,19.737046064321984],[104.72828717093152,19.755228819007858],[104.74043316660438,19.749029934900513],[104.75583691418775,19.74952584454866],[104.7585148323781,19.75769501860263],[104.76744885321528,19.763565838932443],[104.76312298728142,19.77577287031006],[104.77422375583876,19.775284589060995],[104.79896588320997,19.790650188921173],[104.80322308600788,19.7859562037949],[104.82677502685897,19.785891352883564],[104.83602948195461,19.79516106758402],[104.83672375813259,19.82684403720041],[104.84827466203326,19.842209637828393],[104.83355755987697,19.853081526511822],[104.85079999289495,19.871998609644372],[104.84182019645829,19.885382476077588],[104.85107465202564,19.911904158818732],[104.84117169865256,19.916861358848447],[104.84359784698398,19.926382843338462],[104.86286969726592,19.9443786779293],[104.893654305382,19.95692521727276],[104.91914411331102,19.995995346934574],[104.93473859692207,19.988205734797695],[104.95761152060592,19.992485823687815],[104.96567579025384,19.974568189584108],[104.97647901383488,19.975979627482918],[104.99929090331526,19.96122628505039],[105.00199170768876,19.952174008322707],[105.01597638862368,19.95221406171452],[105.03569074407166,19.93970948384974],[105.04246564534435,19.94024926207773],[105.04624982572803,19.93147355112528],[105.09346814947604,19.938198861780013],[105.119377572774,19.931330498220497],[105.13314099993667,19.920859153396243],[105.15510602696865,19.921957785093117],[105.16758008637306,19.915446096731262],[105.18790479173077,19.860630801373098],[105.18113751906873,19.853798678586426],[105.15175672097699,19.855944447268744],[105.14620252131165,19.836447527965383],[105.13216443463897,19.825152210535286],[105.13216443363633,19.807558825965163],[105.12790723197988,19.800999453591253],[105.13713116855753,19.764538575161883],[105.13314862425605,19.759829331284973],[105.1335453515342,19.743117142432393],[105.1543888569021,19.724009321837972],[105.16142315889674,19.72322158609407],[105.15342755300452,19.708170698451696],[105.1643757339079,19.69894675974788],[105.16426892221024,19.68683128133497],[105.17003674377955,19.679951473916102],[105.18106884863396,19.68052749185827],[105.23519177337415,19.64472846334971],[105.23779339633008,19.65277556769558],[105.24578137216513,19.65669898300799],[105.26107067922729,19.638405601041796],[105.27022595067916,19.607895651824165],[105.2819981066229,19.6016528980538],[105.2817539655249,19.59524420695661],[105.27323193198731,19.588721075279093],[105.28202099408516,19.57070425855839],[105.2811436132286,19.563460147704756],[105.27140850539318,19.553587711755338],[105.27390331689595,19.547905718872077],[105.26799816536541,19.530150211184008],[105.27491039640417,19.515892778931747],[105.27169842053944,19.509024415791135],[105.27970165552196,19.504996095826314],[105.27738994916876,19.494269165974863],[105.28851360570627,19.492108139218328],[105.29394573437794,19.475943359883935],[105.30903667693636,19.490887436347798],[105.31462902383004,19.504294190533034],[105.32064098658431,19.50610235595049],[105.3346943326076,19.534045015223587],[105.34031719703353,19.532158646880053],[105.34350628447844,19.5406062937307],[105.35215038866076,19.543322358627943],[105.3645405238772,19.516579421175443],[105.35918468880206,19.507471832245336],[105.3836140090652,19.479157239001612],[105.39135021460129,19.466515331930285],[105.38925213038958,19.45625188773654],[105.39566082283072,19.452051906679756],[105.40208477257171,19.449055461101715],[105.41574901937258,19.459513454098744],[105.43486065173346,19.45431974298421],[105.44572490971889,19.440832879884393],[105.46269268320903,19.453776147691894],[105.48970836983376,19.45020368270135],[105.50042766854763,19.461802269664638],[105.52461285045086,19.464316154425614],[105.53838390701262,19.45554235061843],[105.54418224599763,19.433504843239962],[105.56797069727334,19.40211179091923],[105.58297008738843,19.3898284640682],[105.58243602867148,19.380282183042254],[105.58931011352013,19.37161519076621],[105.60899395160298,19.36842038057567],[105.61911052888787,19.381710787008476],[105.62553447927209,19.3815963462358],[105.63102764303905,19.367077607140097],[105.63766521619144,19.366993682763372],[105.64285320446443,19.354491012593446],[105.65284771083967,19.353211180848113],[105.65558666308289,19.342612044908037],[105.66789287606456,19.340203062868422],[105.66439098297002,19.313912168584086],[105.67626232201937,19.322527662369733],[105.67549938276774,19.31555630263067],[105.68927806828542,19.30057217121478],[105.69387096444203,19.3041637081511],[105.71311992597747,19.303244364818138],[105.74184459816975,19.323530925424226],[105.7493824384947,19.302260172079176],[105.75326580100827,19.305212748084212],[105.76538890886025,19.292885553003654],[105.80106395792104,19.302004586108865],[105.8064503102845,19.274374732015488],[105.78229564572923,19.273062477344183],[105.77123302234696,19.233685263240616],[105.75884288626237,19.224705465629526],[105.75819438740872,19.231217155430677],[105.74958843035229,19.23007465316737],[105.73620647132724,19.213097342833493],[105.72966044900066,19.137049442395647],[105.73104899712214,19.1160552549188],[105.73674815418462,19.103737596584672],[105.71416514647917,19.097574954416586],[105.69320719927858,19.083092456271835],[105.6749500574235,19.0970790445631],[105.66326182554101,19.092461353426597],[105.64050334047539,19.06668735075252],[105.6213230400125,19.021479372904107],[105.61566965828739,18.982701066638377],[105.6349338759589,18.901278256484414],[105.65249674179204,18.88655543200619],[105.66161386902156,18.889319179250545],[105.66724436167425,18.880440471274277],[105.69104044303037,18.873940225667074],[105.70687906575522,18.850954766457637],[105.71241037735857,18.84691881580401],[105.71775095276914,18.850092644111907],[105.71520273512402,18.842673058067074],[105.72033731659258,18.834259742276966],[105.71694986545678,18.82794260446663],[105.72422067781498,18.809134238176906],[105.76074258826208,18.764580478052537],[105.74420968999382,18.750509967702904],[105.74179117169795,18.742762317040533],[105.76875344922959,18.676651702962076],[105.7586902776894,18.669026122741197],[105.72827188159236,18.6725947726442],[105.71627847356997,18.667624222948724],[105.7048038618457,18.63591645823259],[105.69250527811066,18.63205979936225],[105.69019357139229,18.626747832799747],[105.6889270903213,18.59395478693606],[105.6802219510317,18.57911942968871],[105.6657261010658,18.58492349213012],[105.65891305198149,18.583098159422242],[105.63120309017073,18.562500701940575],[105.62616005947744,18.562733399133613],[105.63163796637855,18.570486770451527],[105.62052193791004,18.570290314515844],[105.61634103002035,18.577316986969375],[105.59941903285227,18.575739610031007],[105.59031716471699,18.572611557823766],[105.58479348217523,18.559775102371837],[105.56112709980039,18.559500444834388],[105.54365578649306,18.55346940849347],[105.53108254490024,18.56084512562768],[105.51550332177362,18.598629705078014],[105.50636330703321,18.608460180330063],[105.47985879102612,18.61385607053331],[105.47579232436362,18.60746645201151],[105.44310799629397,18.599613899442428],[105.43335763008055,18.587092155175572],[105.42206612540504,18.58567118017809],[105.41661873872087,18.58969568686559],[105.39759865697008,18.57986139697315],[105.37724343241781,18.578448052368252],[105.33868447218522,18.590416667063305],[105.32704964615169,18.60190081390558],[105.30590096467627,18.606795071218052],[105.29562417085802,18.621878385229543],[105.28820077009985,18.61965632419777],[105.2833103272976,18.623411894244217],[105.25814095388239,18.615526914757062],[105.22807350994492,18.592413664847392],[105.21208992820088,18.59930110201707],[105.18933144445968,18.600441696175892],[105.19714394541124,18.64491153118309],[105.1892475231567,18.646326784056903],[105.17896309943312,18.65837932141483],[105.16896859224008,18.65730357663007],[105.1538547623167,18.677288776557877],[105.13915291850839,18.681118733739176],[105.13854256824632,18.696888692367413],[105.1454853171915,18.701592214635262],[105.13400307859412,18.714432486297927],[105.11425820528001,18.713200340362466],[105.1047062031205,18.703198203348006],[105.08443490236787,18.708651313818674],[105.07351723833358,18.704468498309406],[105.0680088146877,18.70802379663935],[105.05294838971226,18.70604396854555],[105.0530246842452,18.714384804880826],[105.0600742453201,18.723566781782615],[105.05136910627805,18.72916294295744],[105.04210702134627,18.72452236412877],[105.03533211854206,18.726807368166824],[105.03576699449025,18.730688822531366],[105.02183572067153,18.73012424761472],[105.01615182176309,18.73480488135185],[105.02099648670786,18.746666683066532],[104.99850503145727,18.73683620913547],[104.98897591717542,18.744076504400258],[104.98104897618967,18.739300503963605],[104.96774331249686,18.742645994060414],[104.9440616724836,18.738440290808],[104.93603554989942,18.75616909800316],[104.93846932658892,18.771872299560354],[104.92372933684807,18.786251801197505],[104.91128579441421,18.79046894954258]]],[[[105.77967874754421,18.804629078372546],[105.78044931638576,18.800039997419002],[105.77213327585271,18.79603265855092],[105.7722706051795,18.802096119400517],[105.77967874754421,18.804629078372546]]],[[[105.76026956822469,18.845049612718153],[105.76938669570013,18.843247168530112],[105.7580723032288,18.841465704895747],[105.76026956822469,18.845049612718153]]]]},"id":"nghe-an"},{"type":"Feature","properties":{"slug":"ha-tinh","name":"Hà Tĩnh","region":"trung","isCity":false,"merged":[]},"geometry":{"type":"MultiPolygon","coordinates":[[[[105.55858649366152,18.080584257067947],[105.54009284227415,18.081953734982676],[105.53937567941296,18.10582611045803],[105.52234687157099,18.125944825882904],[105.51189460040867,18.121172639600562],[105.50580634443176,18.12437126383475],[105.50434913006673,18.141115878711734],[105.5127338350241,18.15003082538878],[105.50137366717523,18.188454365057545],[105.48916663631192,18.175932622416934],[105.48696174143547,18.185625767742586],[105.49202003113525,18.201885914911518],[105.48082770837247,18.195984579558225],[105.45916022741741,18.20501206139081],[105.44207038421803,18.202490546627796],[105.44674720366352,18.199352957167534],[105.44557990516199,18.19195244564717],[105.4364704079213,18.180508352701096],[105.4213718360087,18.183466651921407],[105.41022528944055,18.154669501288577],[105.40415229130609,18.159523703175065],[105.39225806550944,18.159434058752584],[105.38395728459318,18.16985390454978],[105.37670935905376,18.161690452085523],[105.36729468579881,18.161232689638776],[105.35376776982129,18.182421426844886],[105.33625830986918,18.182434778872633],[105.33767737683274,18.19116662118885],[105.32868995071348,18.19191239413176],[105.32065619801713,18.200657588668207],[105.32576789278464,18.208779079141635],[105.3248523663548,18.23700593338002],[105.33052100690782,18.251496060786806],[105.32803382595486,18.264868483218102],[105.30912818572804,18.263052687902878],[105.30058326197857,18.235686049250994],[105.295746226691,18.244280561429203],[105.29756202335344,18.256062254264563],[105.28873481326933,18.254914031340917],[105.28108253093676,18.260414825557902],[105.27629889942051,18.253857360258174],[105.27286567261059,18.25908349535649],[105.25605048643568,18.259001480543144],[105.25797309517891,18.269068466476718],[105.24315681121543,18.295923937390146],[105.23136176854793,18.30247949471436],[105.21758308107417,18.30289148307935],[105.20774116281049,18.314484349196313],[105.18712653865528,18.323694935666573],[105.18447913865131,18.33106874643351],[105.18896522419281,18.352865927197897],[105.17906989948276,18.372563117540583],[105.18474616958869,18.384867424039143],[105.17352333119264,18.391945594636525],[105.16103401182788,18.38659548197696],[105.15001716567177,18.389181847634774],[105.1472858435112,18.403589959920584],[105.13777961702236,18.410973306996134],[105.13980903657465,18.41756891882695],[105.12080421439951,18.41912340894653],[105.11891212579074,18.431471584368165],[105.10984840511613,18.434695003439543],[105.10416450610163,18.445862530790343],[105.11321296996034,18.490374326757355],[105.11011543705172,18.506434203158076],[105.11972084486938,18.522518875012985],[105.11662331094185,18.53762126139509],[105.12732735280598,18.546946289695278],[105.12820473324234,18.555468323969],[105.1399692593802,18.56190562500971],[105.13395729703949,18.57037616112118],[105.13853493383688,18.58346629431756],[105.13597145846232,18.59294772499392],[105.15851631980142,18.612803225357997],[105.1805957866054,18.602741959509732],[105.21208992820088,18.59930110201707],[105.22807350994492,18.592413664847392],[105.25814095388239,18.615526914757062],[105.28154030819212,18.623678922357335],[105.28926125613899,18.619675397877675],[105.29332009404594,18.622225522937562],[105.30461159633037,18.607472180082322],[105.330185327632,18.601773020624936],[105.34088936711024,18.590704675927363],[105.37724343241781,18.578448052368252],[105.39480629890609,18.579853767847137],[105.41661873872087,18.58969568686559],[105.4209369753343,18.58585619327112],[105.43479958622576,18.58750986382584],[105.44085732521688,18.598456137802426],[105.4765476343349,18.60763429947357],[105.47818795279954,18.614329092211136],[105.50182381799557,18.61092256793714],[105.51499215311179,18.599102726491708],[105.53078499798025,18.561213244718214],[105.54517403559504,18.55281709462121],[105.56537667328713,18.560036409422107],[105.582046900139,18.5587565780197],[105.58968392454823,18.572691666987925],[105.5982212176064,18.5763556839148],[105.61634103002035,18.577316986969375],[105.62052193791004,18.570290314515844],[105.6312793841843,18.57200120598015],[105.63112679558233,18.566542373795222],[105.62572518504783,18.565518128286453],[105.6282199963882,18.56246827628254],[105.6632007720217,18.584898696289716],[105.6802219510317,18.57911942968871],[105.68973580634649,18.596981750217175],[105.69019357139229,18.626747832799747],[105.7059024950054,18.637978302347957],[105.71627847356997,18.667624222948724],[105.72827188159236,18.6725947726442],[105.75432626422595,18.668337570050202],[105.76731912301379,18.673531280699894],[105.76820413349789,18.68413423219255],[105.74179117169795,18.742762317040533],[105.74420968999382,18.750509967702904],[105.75795022918562,18.760613193102895],[105.7715686995854,18.759112108750358],[105.77471200951956,18.76174043534717],[105.77188150428519,18.766964664267025],[105.78459207488591,18.73387407032183],[105.8022922678652,18.658829435249515],[105.82310525473659,18.60588524873814],[105.85307351466629,18.550751425788853],[105.91391793295688,18.467968675427283],[105.93763009112877,18.46677276739071],[105.94140664148246,18.471829148776337],[105.94046822647095,18.45994255162749],[105.9544071300048,18.436661452621415],[106.00354042786472,18.371121135066385],[106.04871407177185,18.321982108410197],[106.10054054785651,18.275967319253706],[106.11947670539318,18.266268450834833],[106.16078224744696,18.267552094324884],[106.23480263200972,18.216759396300954],[106.25085487895497,18.215866756839343],[106.35659828429145,18.109698002118463],[106.40010872164096,18.098780335566996],[106.40726509360763,18.101027192219203],[106.40809669729933,18.11080044697543],[106.40419044738675,18.11294812189859],[106.41615333809322,18.124533358121262],[106.43454017992222,18.122330369428454],[106.42237892365797,18.104056062409985],[106.4216388723629,18.090693176791994],[106.44193306029591,18.044682202848612],[106.46880378584567,17.99901645921405],[106.48273506150349,17.98948925273607],[106.49456825025331,17.965214425426513],[106.51042213197141,17.960499458355773],[106.4792865727333,17.95342319511615],[106.46899452016818,17.95629184866544],[106.45029487356804,17.94960849880716],[106.44628181091703,17.951733286097667],[106.44419898827472,17.968866998817518],[106.43611945854076,17.972449000766584],[106.42284431181132,17.969649012833695],[106.38237037469499,17.985216794774562],[106.34198035942796,17.991493880697732],[106.32949103944269,17.978768050084945],[106.32488288544756,17.965210615665956],[106.30569495712061,17.962364851928005],[106.29626502488779,17.945606887203052],[106.29000892094753,17.943180739214498],[106.28575171812857,17.93195027074302],[106.29116095918157,17.921204266772293],[106.28369178185255,17.91038960122277],[106.27620734612363,17.918930708957795],[106.26417578981288,17.914190947196996],[106.24189795793069,17.92910641553218],[106.22425116881159,17.93007916335217],[106.20844306275103,17.925682725065304],[106.20149268401269,17.917658508713615],[106.1894534993438,17.922957124581018],[106.16897620315973,17.91462201094235],[106.07817114998292,17.932835286749942],[106.0478061605265,17.94598836477023],[106.04965247389515,17.967110344379044],[106.06767310506464,17.984144875576238],[106.077789682322,17.98782033607934],[106.05735816419917,18.01637716090258],[106.05025519810548,18.022116372919008],[106.02336158197387,18.02391500423707],[105.98649634852183,18.062601760306645],[105.9765857657383,18.062760069745224],[105.96691932281958,18.05490370048796],[105.96121253595841,18.059027388350245],[105.9512103986381,18.057467178159285],[105.94608344599891,18.072859482034765],[105.93381538077044,18.088272767730654],[105.91874732578744,18.080145554885597],[105.91123237201774,18.08692808729246],[105.89632453472355,18.089594561288212],[105.87189521253886,18.067047792955204],[105.8393711035426,18.066090305567922],[105.8207248632446,18.05959006126089],[105.81299628595073,18.052859028379025],[105.83519019450533,18.04146643322909],[105.82826270268558,18.031079012807837],[105.81672705870308,18.03722449117383],[105.80732764452992,18.031248768053217],[105.80873908272304,18.025267321412542],[105.78855170422062,18.0243632394336],[105.77745093506513,18.016577442308876],[105.74007453143383,18.036589346076664],[105.7307208934304,18.03350897877051],[105.72099341453742,18.018641195156768],[105.72299231561608,18.008173666168037],[105.70787085561867,17.994866095031128],[105.63540686540205,17.991396629329696],[105.61298407526871,18.01190825842366],[105.59883917710644,18.00302573579852],[105.58333624737931,18.01229545053245],[105.57942236795053,18.026776042145347],[105.585640326142,18.041584697429926],[105.58045233821619,18.060566632228518],[105.5726169504939,18.065050808914187],[105.57504309796191,18.070912091874582],[105.56876410605155,18.085985869166226],[105.55858649366152,18.080584257067947]]],[[[105.84671823607556,18.75355027862052],[105.8555683336906,18.749745116909146],[105.85821573234558,18.74172280860477],[105.84762613366595,18.73179696628317],[105.83488504431352,18.739819274808298],[105.83737222796643,18.749001251160234],[105.84671823607556,18.75355027862052]]],[[[105.83380930080024,18.777859437823512],[105.83835641953341,18.77739213769061],[105.8474582871983,18.76163934358373],[105.83987466906353,18.753937470165447],[105.82669107545075,18.76490663361151],[105.82785837313884,18.77435945289362],[105.83380930080024,18.777859437823512]]],[[[105.98135416362891,18.78890488909171],[105.9822544329552,18.7878672915061],[105.98104135895038,18.787466748025082],[105.98135416362891,18.78890488909171]]],[[[105.97937052142707,18.789120420050757],[105.97892801645834,18.788721784501544],[105.97889749828198,18.789202435156728],[105.97937052142707,18.789120420050757]]],[[[105.9541935194799,18.802077040427704],[105.95249216528651,18.80505441170358],[105.96503488864367,18.79663155910287],[105.96503488878979,18.78973649344292],[105.9541935194799,18.802077040427704]]],[[[106.4639667543897,18.102425278182448],[106.45293465020757,18.099655807395543],[106.46326484993973,18.106896103302343],[106.4639667543897,18.102425278182448]]],[[[106.4878925362259,18.11667317119135],[106.48814430641197,18.117163360630773],[106.48858681078748,18.11654919395733],[106.4878925362259,18.11667317119135]]],[[[106.48873939881828,18.116951644780237],[106.4894413031269,18.117514312341175],[106.48965492574568,18.116694152645],[106.48873939881828,18.116951644780237]]],[[[106.11811867373657,18.279619891775667],[106.11602821837484,18.280546862750413],[106.11669960570198,18.281460482098797],[106.11811867373657,18.279619891775667]]],[[[106.12078133209751,18.281420428515734],[106.12171974801079,18.281414706496406],[106.12001839276114,18.281195361208653],[106.12078133209751,18.281420428515734]]],[[[106.16953316425979,18.309242923210867],[106.17029610394887,18.308661180630377],[106.16891518330866,18.308661181234736],[106.16953316425979,18.309242923210867]]],[[[106.16436806412085,18.3114173000944],[106.16571083830055,18.309527117795046],[106.16458931693526,18.30900641129215],[106.16436806412085,18.3114173000944]]]]},"id":"ha-tinh"},{"type":"Feature","properties":{"slug":"quang-tri","name":"Quảng Trị","region":"trung","isCity":false,"merged":["Quảng Bình"]},"geometry":{"type":"MultiPolygon","coordinates":[[[[105.61269415330166,17.886536320725277],[105.62014044137325,17.871874530614594],[105.64771307321843,17.853913027089295],[105.6616214597757,17.85046453947513],[105.67884863131881,17.82901068127862],[105.6853641348743,17.82742567433238],[105.67906988235177,17.806378081021464],[105.69123113722046,17.782223417263683],[105.69199407649107,17.769648266420923],[105.72380102205426,17.749844264000984],[105.72980535397504,17.728216836584437],[105.74379003389505,17.720640847401878],[105.75081670557725,17.67096395004775],[105.75839269348066,17.668446249026484],[105.78042638574736,17.674589818996434],[105.80680120201461,17.65693539786859],[105.81737554262016,17.65953511429006],[105.8444446336222,17.628725709388114],[105.86293828681076,17.625429810078366],[106.09323155323149,17.35921351314932],[106.10857426477978,17.353401821391323],[106.13329350295271,17.334437052652095],[106.14424931299482,17.312916436466104],[106.16201817319173,17.304695763039888],[106.23155247312013,17.25114885355347],[106.24791752420343,17.244618090066155],[106.25135838155838,17.25148836021409],[106.27717625362622,17.265501650447106],[106.27948033088165,17.27716127404804],[106.27438389605354,17.29460588493799],[106.30217778171713,17.294960650623945],[106.3060992875212,17.255541474580863],[106.31633030545417,17.248011261270715],[106.3077624949757,17.23824945133446],[106.3315585776161,17.235338836220432],[106.33403050093301,17.229988722914843],[106.32408939911954,17.21683946169157],[106.30714451364257,17.216519026966136],[106.30286442280104,17.208845764174313],[106.32556187148472,17.197701124692273],[106.32153355146039,17.190685895336838],[106.32765232523126,17.179699566938545],[106.33699833303602,17.168202069147974],[106.35540043247138,17.15785088679032],[106.34939609790177,17.148972178712533],[106.35697971621764,17.13375916467448],[106.36921726408625,17.12544503099454],[106.37444339991173,17.108900688787735],[106.38919864893386,17.103050849675153],[106.41510044216217,17.07795586184198],[106.40206943481476,17.05260910531022],[106.42321811621538,17.032055514746187],[106.42749820518841,17.0056883261021],[106.43804202826382,16.994688645607354],[106.46197543948904,16.998348847090874],[106.46262393815307,16.990227356401608],[106.47101627186818,16.982994690303993],[106.51406894560765,16.971216810087913],[106.5304339967936,16.978073728047058],[106.5479816061224,17.00899185007079],[106.54779086833888,16.925907740004956],[106.51948581383304,16.922175059489682],[106.51641879540378,16.898501047859288],[106.51928744845544,16.889057763408374],[106.52944217202247,16.885771402387817],[106.53959689571369,16.871914512616108],[106.55080447635098,16.867458946572583],[106.55178866050211,16.69435942151723],[106.55798372904877,16.673918364464726],[106.56465944932609,16.667351362977307],[106.5642474604302,16.642429944816246],[106.58944735018353,16.623406048055877],[106.58992037226831,16.61615049267357],[106.58200106052975,16.610329264485532],[106.58644136790731,16.600929850065185],[106.59760317286731,16.606194133428115],[106.61448702291999,16.606272333295312],[106.62566408587335,16.601801508252112],[106.62769350390842,16.58182775202381],[106.63134798502,16.590548150405745],[106.64593538662814,16.594046226819778],[106.65691408604393,16.58128224931321],[106.66691622236026,16.584414114858202],[106.66193422677463,16.574513068929505],[106.67182955062664,16.559092153530855],[106.6610721043402,16.555157293704752],[106.64797243269942,16.541000951817853],[106.64700349912984,16.522320378815976],[106.65316042129614,16.51784192388213],[106.65269502765628,16.511480915318206],[106.66446718297149,16.504841434696793],[106.65966829296325,16.493372547685617],[106.66389497838261,16.486975299233784],[106.6606372256727,16.473188982347008],[106.67171510669866,16.476864443527692],[106.67501100498654,16.45383130016695],[106.67696413013203,16.451347931781036],[106.68266328731622,16.457623108545373],[106.69300874572511,16.449196442539403],[106.68729432967822,16.439373596158237],[106.7143252747324,16.43329678292126],[106.72773774894985,16.425407987692257],[106.72606691285283,16.436785322434083],[106.73545106788809,16.438784224489577],[106.73893770011998,16.411551098958657],[106.74594911452905,16.416954618268505],[106.74557527442423,16.423916439860132],[106.76270326525886,16.42509327412494],[106.77211030927528,16.43262348666261],[106.77486452067117,16.442270856339864],[106.77233156258643,16.468517882312145],[106.79199251306028,16.473255735813833],[106.80190309615105,16.46346912840069],[106.82830080362673,16.521294218564734],[106.82399782619596,16.532404525263093],[106.82925447965701,16.536772353203787],[106.83081087569671,16.547863585798545],[106.86167940686362,16.540751081786315],[106.88603243384064,16.521977046903235],[106.89042696441204,16.511482814971018],[106.87641176465424,16.46965847249945],[106.88652071254018,16.462305642414172],[106.88713106347227,16.44909343789459],[106.87128480992372,16.43499431740827],[106.87192567888616,16.428366280230062],[106.88528474831675,16.422606087221894],[106.8988040355341,16.425970649403737],[106.89205202093245,16.409758185071563],[106.89769777294318,16.391575430491866],[106.93834718591835,16.36406955265359],[106.96321138285205,16.35658702257777],[106.96814759971863,16.332029907863305],[106.96321138101632,16.31649073769521],[106.96624787985608,16.30385264505441],[107.00528749296066,16.31563624405941],[107.01833375673446,16.30521258332734],[107.02388032759171,16.311180677305316],[107.0240710630785,16.33644541876404],[107.0225222969716,16.352964965411985],[107.0165637397193,16.360659210471077],[107.0353625687697,16.37178096060499],[107.03887209063238,16.36953600980509],[107.05526766010354,16.388424484163618],[107.06328615436739,16.40604266406049],[107.050285667453,16.425604433278348],[107.05706819952931,16.44642123680788],[107.0888446286376,16.44899234215123],[107.10412630535666,16.440010636236952],[107.12450441914505,16.442446318905137],[107.13584169947862,16.456429092766342],[107.12922701522267,16.474897949996567],[107.11825594707923,16.487658113589777],[107.10366091504423,16.49540004250393],[107.09784731572711,16.493307681536663],[107.09475741081428,16.502863497847102],[107.08211550505042,16.503491016445327],[107.05885348078556,16.51844463055157],[107.06021151437128,16.54403552887401],[107.07497439192032,16.542746160094183],[107.09972414908249,16.551861378426306],[107.12129244844408,16.55184993368401],[107.12665591298243,16.56459674503357],[107.139328337602,16.57067927959578],[107.1834949035689,16.580370516645687],[107.20298037753939,16.582264514070364],[107.21641574149551,16.577648729564146],[107.24711642540186,16.586586564749787],[107.25480685579831,16.574478713929693],[107.27061496063774,16.566595641973564],[107.32561526851559,16.603239622423477],[107.3286212497035,16.608473387510738],[107.32146487834767,16.619743911079844],[107.31117282512223,16.624703019167693],[107.3163379260022,16.638592331417268],[107.31478152876866,16.64148768754893],[107.31271396305496,16.635458558145523],[107.3073504992062,16.63886317581777],[107.32070194070154,16.65253505067863],[107.32840762808843,16.63994845609413],[107.32926975036708,16.649767487357927],[107.3190692501751,16.660067171612976],[107.33090244093842,16.666287035171994],[107.3263705817105,16.67137774885242],[107.35779605920341,16.699143022307872],[107.35141025589871,16.708349794849102],[107.37025486155704,16.73409137289826],[107.38894687953496,16.743179888040203],[107.30945621823025,16.802288627793732],[107.23217808267458,16.868546109767088],[107.14206730577177,16.964459051675398],[107.11675297627535,17.003769508751905],[107.11056553808267,17.022665612649394],[107.10981022850055,17.038752191391872],[107.11493718211412,17.04713308200247],[107.11216771265568,17.071621531737446],[107.11717259554116,17.07593023267656],[107.11705815525785,17.084578151613137],[107.01237523286596,17.149460437102704],[106.83174169058704,17.283970488203998],[106.76296270073387,17.34122147015858],[106.68724096214609,17.415512704844232],[106.63961828290599,17.47209992790343],[106.5736240230891,17.569777165454102],[106.54825628818509,17.61906687105534],[106.53962744337291,17.62449900054418],[106.51165808337805,17.66521708205452],[106.46456183405074,17.757731125454015],[106.44450415876014,17.832619358860416],[106.44853247994764,17.86364238595214],[106.47214545830114,17.906860999292928],[106.48560371043929,17.92270915900763],[106.50166358607068,17.923556021007094],[106.514183423375,17.940701178700866],[106.50584449552474,17.95135181403636],[106.50582160697935,17.958313636854058],[106.51055183255684,17.959261589440125],[106.49552192544566,17.960150413901744],[106.4792865727333,17.95342319511615],[106.46899452016818,17.95629184866544],[106.45029487356804,17.94960849880716],[106.44628181091703,17.951733286097667],[106.44419898827472,17.968866998817518],[106.43611945854076,17.972449000766584],[106.42284431181132,17.969649012833695],[106.38237037469499,17.985216794774562],[106.34198035942796,17.991493880697732],[106.32949103944269,17.978768050084945],[106.32488288544756,17.965210615665956],[106.30569495712061,17.962364851928005],[106.29626502488779,17.945606887203052],[106.29000892094753,17.943180739214498],[106.28575171812857,17.93195027074302],[106.29116095918157,17.921204266772293],[106.28369178185255,17.91038960122277],[106.27620734612363,17.918930708957795],[106.25999488152073,17.915726363093196],[106.24189795793069,17.92910641553218],[106.22425116881159,17.93007916335217],[106.20844306275103,17.925682725065304],[106.1975635456187,17.91682309108909],[106.1894534993438,17.922957124581018],[106.17263068368482,17.914534273095327],[106.13966407046979,17.919108096057855],[106.11881293468781,17.92737645447699],[106.07817114998292,17.932835286749942],[106.0478061605265,17.94598836477023],[106.04965247389515,17.967110344379044],[106.06767310506464,17.984144875576238],[106.077789682322,17.98782033607934],[106.05025519810548,18.022116372919008],[106.02336158197387,18.02391500423707],[105.98649634852183,18.062601760306645],[105.9765857657383,18.062760069745224],[105.96691932281958,18.05490370048796],[105.96121253595841,18.059027388350245],[105.9512103986381,18.057467178159285],[105.94608344599891,18.072859482034765],[105.93381538077044,18.088272767730654],[105.91874732578744,18.080145554885597],[105.91123237201774,18.08692808729246],[105.89632453472355,18.089594561288212],[105.87189521253886,18.067047792955204],[105.8393711035426,18.066090305567922],[105.8207248632446,18.05959006126089],[105.81299628595073,18.052859028379025],[105.83519019450533,18.04146643322909],[105.82826270268558,18.031079012807837],[105.81672705870308,18.03722449117383],[105.80732764452992,18.031248768053217],[105.80873908272304,18.025267321412542],[105.78855170422062,18.0243632394336],[105.77745093506513,18.016577442308876],[105.74007453143383,18.036589346076664],[105.7307208934304,18.03350897877051],[105.72099341453742,18.018641195156768],[105.72299231561608,18.008173666168037],[105.70787085561867,17.994866095031128],[105.63540686540205,17.991396629329696],[105.63958014298825,17.966555320282474],[105.62695349374343,17.949913702750127],[105.62553442466152,17.903469762372822],[105.61269415330166,17.886536320725277]]],[[[106.46514930183321,17.87506740311871],[106.47132911163781,17.87344997187837],[106.472961802228,17.885418584899924],[106.46514930183321,17.87506740311871]]],[[[106.49266852937288,17.912352255273607],[106.4953540763766,17.909750632294724],[106.49600257524345,17.91401927782497],[106.49266852937288,17.912352255273607]]],[[[106.51918830664856,17.942003897861987],[106.5245288829299,17.941042593071238],[106.52304878038791,17.943888358207474],[106.51918830664856,17.942003897861987]]],[[[106.52554359130626,17.937096288901937],[106.52895393180613,17.931461980849733],[106.5346149421231,17.933287313263765],[106.52554359130626,17.937096288901937]]],[[[107.33095586646823,17.162483802164235],[107.33101690177106,17.16239225029703],[107.33108556554791,17.16244565560869],[107.33095586646823,17.162483802164235]]],[[[107.3311618600034,17.162741294650175],[107.33134496525786,17.16250096930057],[107.3314822944074,17.16259252145488],[107.3311618600034,17.162741294650175]]],[[[107.33130681807062,17.16051160394699],[107.33136785375953,17.160412422017178],[107.33147466506924,17.160498251855337],[107.33130681807062,17.16051160394699]]],[[[107.33138311239829,17.157477012280044],[107.33144414755557,17.157391182429265],[107.33146703567074,17.157539955326666],[107.33138311239829,17.157477012280044]]],[[[107.33142125937994,17.15877019542451],[107.33714330555338,17.151220908531503],[107.34748876480487,17.155636420728314],[107.34015691729348,17.16644345792907],[107.33340490146594,17.164909950697453],[107.33142125937994,17.15877019542451]]],[[[107.34297979209153,17.149719823995987],[107.34305608547447,17.14962064262808],[107.34312475048387,17.149748435738278],[107.34297979209153,17.149719823995987]]]]},"id":"quang-tri"},{"type":"Feature","properties":{"slug":"quang-ngai","name":"Quảng Ngãi","region":"trung","isCity":false,"merged":["Kon Tum"]},"geometry":{"type":"MultiPolygon","coordinates":[[[[107.33281731069101,14.10470054793902],[107.3609850351075,14.084537963050158],[107.38230156355054,14.079496840460038],[107.37828850044576,14.064978101492805],[107.36476158388595,14.063430288827945],[107.365616075249,14.034606434754744],[107.3577349106353,14.028689839978062],[107.35750602829694,14.018121220507336],[107.38451408264501,13.987688516828976],[107.39553092990715,13.992248986734364],[107.40364860591855,13.988762353410381],[107.42685722423177,13.997638199623202],[107.43238090619717,13.993680450319241],[107.44236778354761,13.997024032746086],[107.45512413082784,13.980634185104575],[107.45332359187591,13.930762738198567],[107.45787071024591,13.923365085745367],[107.47055076552354,13.937435596109928],[107.46907829210936,13.953023403832875],[107.50347160418978,13.971864193839073],[107.51337455893976,13.98424574653567],[107.52604698394669,13.98299738721275],[107.52057670887447,14.012526959541287],[107.54169487398131,14.011315792738454],[107.55213951563691,14.025295704672953],[107.56922172979333,14.019152134027017],[107.59243797818965,14.02232596127581],[107.59976219707234,14.028035609008466],[107.60099815931788,14.044186083825771],[107.61280083469886,14.053608386363795],[107.61459374155616,14.063769787055772],[107.63463616190096,14.054028000994654],[107.64997124527127,14.066544023534336],[107.65735650086387,14.085010019524415],[107.64904809061646,14.100681750553534],[107.6568758497355,14.102697817045375],[107.66516137333493,14.137553661237465],[107.65837884245668,14.163643331005654],[107.67717767291408,14.186542959415972],[107.67800164690907,14.198835821873113],[107.68847680701728,14.221357795405705],[107.69808221505524,14.215847463116365],[107.7258608412109,14.215012044296701],[107.76084924421032,14.202211825511156],[107.7630770284351,14.211834399641718],[107.77989984377133,14.218430009999459],[107.7831957424518,14.22517248850235],[107.80648828416295,14.212805237762216],[107.81748987001657,14.213744607247543],[107.82791925412786,14.232062783538755],[107.8378298375705,14.234593834071998],[107.83689905302981,14.268335787267054],[107.85012842378327,14.275385348059332],[107.87168146428483,14.276174988826893],[107.8768236770634,14.282354798606194],[107.90286279974545,14.274558509301205],[107.93094659982843,14.242611371394233],[107.97150446224555,14.237692317182718],[107.99279810291777,14.245578249918035],[108.01225305940265,14.240548570515504],[108.03974177050362,14.276743372108044],[108.05893732601858,14.265486199880916],[108.0686495460373,14.283515413431331],[108.07302882027064,14.305377443652734],[108.08795954584791,14.3145422533482],[108.08753992980606,14.32409330197884],[108.07811762818075,14.331545314005686],[108.10462977457514,14.338710268077602],[108.10575892533754,14.34441514853663],[108.11220576414321,14.345517596234771],[108.10871150093669,14.351728875980143],[108.11545588667062,14.36330743651457],[108.13599421669423,14.355682809736784],[108.13945796254946,14.360107858371883],[108.14943721077422,14.360343414828325],[108.14246394300494,14.353961427286986],[108.14572932385688,14.347855049828894],[108.15211512781956,14.34853311217734],[108.15990473994268,14.362659889869656],[108.19862391864325,14.372993903891102],[108.2088015317861,14.386179404931292],[108.21952846133377,14.39045758759886],[108.23510768408205,14.390669302485229],[108.24348475992166,14.397362188591952],[108.26464107090227,14.387009099536918],[108.29595210782492,14.391300632274449],[108.29169490599116,14.40574021656769],[108.29759242798934,14.417039350855818],[108.32357051891181,14.441891149567464],[108.32669094083212,14.457689718352075],[108.38327816456938,14.520358519482677],[108.37281063566984,14.535586791296762],[108.3739092689418,14.548549133551308],[108.3574374066041,14.568959673052534],[108.35823086378886,14.580061396493678],[108.37639645403463,14.601149042120458],[108.39810208170361,14.600779016825134],[108.4092486270766,14.589624840253121],[108.4163592217528,14.570018249078286],[108.43799618432502,14.555410817971147],[108.49411038272262,14.543594789847187],[108.52823666596765,14.555283022242183],[108.53178433484646,14.575844241315634],[108.54662350705188,14.5883631238427],[108.59332303166379,14.564308593966114],[108.59556607264477,14.546838233448328],[108.60410336508782,14.535153814878074],[108.61475400056324,14.53270382469575],[108.63058499487597,14.550667234043821],[108.64293698485186,14.549073643656566],[108.64015225664217,14.562978216379278],[108.67370633438053,14.58017200958121],[108.67996243985547,14.59549374233396],[108.69019345773324,14.5914473015275],[108.69695310103829,14.594948239052856],[108.70402555056866,14.613379904303939],[108.70811490507006,14.604823537070418],[108.73316983735678,14.588244860284927],[108.75935392002933,14.595694964019852],[108.76682309903961,14.626273578179664],[108.76029233864145,14.663701481900805],[108.76814298642175,14.674759336610425],[108.78405790417567,14.668778844324336],[108.81341581432679,14.668853228707054],[108.82858305147171,14.676510279882773],[108.83773832604872,14.691976970507506],[108.84875517114078,14.681156580295525],[108.85312681433714,14.689726298111955],[108.86480741783481,14.692579691075816],[108.8886645348085,14.681357805146883],[108.90406828327465,14.685395661070398],[108.9273150488353,14.70173591753331],[108.95053129572413,14.683835448858684],[108.96526365735087,14.681974828942],[108.97778349405951,14.669800221292043],[108.9926684420135,14.672165333201844],[109.01245909235385,14.666921076942053],[109.04296904006382,14.634619171281798],[109.04419737223843,14.609588080559833],[109.05377226159005,14.603225164921046],[109.05976896579604,14.590197020028418],[109.08212309110337,14.577931812252737],[109.07228880302311,14.602359228394238],[109.06534605596883,14.649634773733533],[109.06953459417056,14.66738837504494],[109.07564573929908,14.664805824310825],[109.0835574215331,14.669881279547866],[109.0741503794425,14.693565783104697],[109.07784300675694,14.701437411605253],[109.00774413237272,14.811822360410567],[108.96228820268053,14.904325912860141],[108.92592651127286,14.997710661256697],[108.90395385860616,15.077293833983303],[108.89712555225343,15.127193891528247],[108.8957522644053,15.191659417418201],[108.90751679097227,15.20551821309118],[108.91378052379753,15.205831971356064],[108.9167712454763,15.20072504548218],[108.92251618155797,15.203607048790701],[108.91429169296535,15.211939302250265],[108.92943604127068,15.21138998554727],[108.94383271051555,15.235408273039504],[108.9370425502022,15.247730699215255],[108.91935761313721,15.244484392841377],[108.90363343063133,15.253187625940733],[108.87381012894188,15.291561576100754],[108.86951478026484,15.300969573340101],[108.88014252704772,15.324530097846901],[108.88393433618468,15.32493159549819],[108.86663849929089,15.333377335762737],[108.86396058297088,15.34333655699919],[108.87047608516824,15.349795793455906],[108.85130341680768,15.348364328623065],[108.82727082453374,15.378043629686255],[108.8320239384428,15.393665769557419],[108.82191499016305,15.40930984298407],[108.82803376633821,15.41640899574167],[108.81909974472939,15.418022612931935],[108.81163819678687,15.41204498178264],[108.7968448003529,15.422687988823483],[108.7952807746477,15.416792373470756],[108.80762513398649,15.407877425131833],[108.80668671862091,15.401568869816154],[108.79156525852166,15.390388946005235],[108.77858002782166,15.391687849907301],[108.77455170726238,15.383886793978755],[108.73946412198056,15.398608667375736],[108.71441681791805,15.371011238899106],[108.67953522562198,15.368992311927547],[108.67034180498972,15.364480479328503],[108.6618960649882,15.369665606377886],[108.65688355271963,15.365740282163314],[108.64232666723238,15.368044360908476],[108.63105042120307,15.357764705345625],[108.60186798667576,15.351722226450807],[108.60002930261079,15.344986423625947],[108.57614929670716,15.344165310858655],[108.5605242966105,15.334518895584022],[108.54649384042314,15.336322294653247],[108.52669556022576,15.320210920069927],[108.50770599690978,15.325629698008624],[108.49838287604678,15.323398100226449],[108.48543579261406,15.308555113112712],[108.43775970592256,15.31328247988245],[108.43038971153368,15.326273432799734],[108.42672760110011,15.315743912977036],[108.41162139914296,15.316231241342269],[108.39820129363363,15.29976319379087],[108.38002807540954,15.303443422974457],[108.36433441052971,15.29443501540824],[108.31909972974657,15.30121278156662],[108.29942351987654,15.278999799116344],[108.30612975732414,15.268176548423476],[108.30139953231243,15.257549755419173],[108.28263122132131,15.244594089388599],[108.2894671575729,15.232327929630735],[108.28669768779037,15.229333392515967],[108.30407744858381,15.22659920765102],[108.30854064472713,15.220738878389447],[108.30480986987565,15.210221758196155],[108.29135924615566,15.198237885686137],[108.30240660966,15.193030823089375],[108.30036193158308,15.18292568957285],[108.30596953667799,15.174466598735895],[108.28334075025909,15.153273094761868],[108.27501708025673,15.130727278447075],[108.25755339554975,15.116629111746025],[108.25717955397609,15.090847478758642],[108.23635893534956,15.079062926165205],[108.2409747185003,15.066143499392751],[108.24092131110099,15.034116252568909],[108.22597532653165,15.029640660309644],[108.2134554907304,15.031800732993668],[108.19966154529162,15.043953405512395],[108.19434385647915,15.040440069662855],[108.19049101299726,15.050168501813479],[108.1776583708995,15.059482086220013],[108.15995054700677,15.059767234905483],[108.14617948857905,15.044826020310378],[108.15280943119134,15.027772414917022],[108.15030698943309,15.002863393518071],[108.16129331610604,14.975930676243971],[108.15034513455379,14.963124736941205],[108.1210787767696,14.960042463142498],[108.10586576307156,14.95135544479381],[108.08950834109983,14.951361166861869],[108.08388547728046,14.964947212151452],[108.06606321232414,14.967716682688975],[108.04745511881467,14.992127886228332],[108.01733426927848,15.001898280747982],[108.00863675891313,14.997306339588638],[108.00429563474553,15.001661770331506],[107.99217252581703,14.998331540009815],[107.96490507095743,15.0211634586483],[107.95337705546159,15.055314537767577],[107.97650938219313,15.071244713519654],[107.9760058425605,15.082984444901152],[107.98432951153181,15.087904450108264],[107.99320249842758,15.109981057957956],[108.00201445034891,15.11925267958045],[107.99840574612138,15.125764367833503],[108.00441007994726,15.142274378832639],[107.99986296152501,15.15563058841363],[107.98855620005764,15.158123492898834],[107.98194914370474,15.166410923330847],[107.95038633846461,15.175103667007036],[107.9485552843827,15.18649530703383],[107.93757658538541,15.190519813079245],[107.92858915984353,15.209131722578167],[107.91455870228309,15.21198416321433],[107.89921599052579,15.204654222803967],[107.892479233447,15.193966394335568],[107.88413267642095,15.19628191590183],[107.86969786195255,15.210505969512178],[107.8319018411772,15.208258160662671],[107.82041960255184,15.215682515739047],[107.8105395359392,15.212444791286115],[107.77867918301682,15.218007575582925],[107.76727323978726,15.231721412791284],[107.75643949918236,15.236154092490535],[107.74693327304216,15.229926598536297],[107.73378019716067,15.23177291265217],[107.73761778279541,15.235379708716769],[107.72774534805028,15.267384066702043],[107.7304232664579,15.307944791520288],[107.70809965762025,15.303753393012364],[107.69306212117466,15.317472952867188],[107.67818480324591,15.341614267265475],[107.66364317665894,15.35324146511528],[107.6617358293339,15.384421848331291],[107.6549304093801,15.397218251095213],[107.6428912258289,15.405672574363997],[107.63827544186874,15.415242697015211],[107.63110381092422,15.417230154151103],[107.62139159179398,15.412165189705416],[107.61347227904814,15.395376706986061],[107.59542113153005,15.38233425788151],[107.60882597677903,15.36730720961665],[107.60498076146847,15.354781651104664],[107.60994749668777,15.334641001847672],[107.61862211856682,15.330029032725577],[107.62514525053773,15.332421801420908],[107.63478880552304,15.319480439220476],[107.63092070127342,15.310562631774816],[107.62374144073536,15.31060840779378],[107.61489134243436,15.287558099275321],[107.62117796248944,15.262749213556162],[107.61964445279374,15.246916311920515],[107.6251452466767,15.231283682628797],[107.63058500438827,15.23096134004116],[107.61927824078576,15.223614233467265],[107.61957578760264,15.211632268933071],[107.61159544006847,15.211792486127079],[107.60294370665129,15.204575079329688],[107.5930865284934,15.209614294243925],[107.58272580986757,15.195492285822821],[107.60134153300213,15.184745328105693],[107.61880521579951,15.152965083583847],[107.62695340877957,15.149776950179703],[107.6215212791345,15.13419772560049],[107.6081240627882,15.132828249811253],[107.62288693959736,15.105816376202092],[107.59819821742498,15.088222993454771],[107.61503629127228,15.06623412293205],[107.62081174290122,15.050758848641102],[107.61345700532401,15.046074400653756],[107.59307889322977,15.050133239571858],[107.58515958017279,15.0288491352756],[107.54161862614096,15.049443734704493],[107.49683407821948,15.020251764662058],[107.48999051084205,15.024147524754834],[107.47526577836608,15.021009936627273],[107.46836880567676,15.008503451207524],[107.47048977646101,14.997763170959695],[107.47797421218857,14.993234171016843],[107.46771267719295,14.98431159449039],[107.48002651927045,14.971587669918236],[107.47856930423784,14.959072601363774],[107.49064663586735,14.943602095391132],[107.49774960168308,14.943019399898871],[107.5086138592952,14.928617962931668],[107.53033474530126,14.927955159411002],[107.53286770434862,14.916025646958087],[107.54422787152846,14.905542858082828],[107.56115749870605,14.90259123464403],[107.57354763570235,14.891221527601983],[107.5858157016569,14.891064171181045],[107.5912936059905,14.8738713303132],[107.59033993184485,14.86454534941232],[107.54109981755947,14.825965408625727],[107.54116848068806,14.820195678391324],[107.52327755058757,14.81422758452509],[107.52429988951812,14.806033614957895],[107.50935390468696,14.79569006334779],[107.50644710503849,14.787869933534985],[107.53104427241264,14.77083540203506],[107.54157283600132,14.750826359194226],[107.5385515953649,14.741023540877896],[107.52343013449156,14.729783534903124],[107.52322414074486,14.723934650519109],[107.5563357141273,14.719453332986637],[107.56004359790519,14.694246766651158],[107.54891231095581,14.6773838970567],[107.55412318614496,14.662119385079183],[107.54788234151007,14.659591194476548],[107.53795649747552,14.62172841537362],[107.5447695471799,14.610846991374743],[107.53446223325662,14.598988050190528],[107.52521540734236,14.598202224058262],[107.51863886846405,14.586777204687138],[107.52520014781581,14.561352246458325],[107.53190638440441,14.553678028225628],[107.5215914413682,14.520484439179596],[107.50724054933332,14.50875615294684],[107.51292444855606,14.496759883194324],[107.50412012547959,14.48295258563406],[107.50045038673179,14.466243257203816],[107.50409723631783,14.458958138566995],[107.49655939345304,14.434910286577558],[107.48989893168057,14.42941426170471],[107.48825861108222,14.405648696897144],[107.45994592716036,14.405869950200437],[107.45748926276129,14.41927193600149],[107.4487459773063,14.425858965277298],[107.4360125165923,14.415773859421614],[107.42353082732488,14.414271822916922],[107.4190523720162,14.407340518411814],[107.42221857004155,14.395702829639703],[107.41828943202165,14.38642834647429],[107.4230272854113,14.380456437565439],[107.43033624602009,14.380630959227933],[107.41574121278227,14.3623700029562],[107.40971399174639,14.363314141651852],[107.40880609245013,14.347338188582357],[107.3908083491112,14.326035012011118],[107.39070153711185,14.31594704400635],[107.40691400050778,14.296101080877865],[107.4100039038883,14.26973770640651],[107.40010094855866,14.24767349729382],[107.40736413181192,14.235613330239328],[107.39686608391791,14.223622782965316],[107.37803673610044,14.180251582786031],[107.36947655519185,14.18017528873036],[107.35833763860317,14.169446453022024],[107.36277031661852,14.162829859409644],[107.34144615665447,14.133388978787377],[107.33281731069101,14.10470054793902]]],[[[108.7711032215851,15.39135597243853],[108.77265961783213,15.391145210772558],[108.7731631581948,15.392424087456495],[108.7711032215851,15.39135597243853]]],[[[108.780151684097,15.39316795332156],[108.78022797840137,15.392594794820397],[108.78053315337807,15.393220405140706],[108.780151684097,15.39316795332156]]],[[[108.78317292381226,15.393255690933614],[108.78322632980586,15.39254711104161],[108.78366120516252,15.39289424793283],[108.78317292381226,15.393255690933614]]],[[[108.93121369231307,15.25356718694136],[108.93241150738413,15.252544848275695],[108.93314392953523,15.253415552915591],[108.93121369231307,15.25356718694136]]],[[[108.95263703028176,15.19344850896131],[108.95288117089733,15.19249006508721],[108.9544757145475,15.192723715341794],[108.95263703028176,15.19344850896131]]],[[[109.0770953560101,15.427645178011478],[109.0841220272686,15.426732510530563],[109.08714326851408,15.431945294778258],[109.08107790026263,15.43268248447029],[109.0770953560101,15.427645178011478]]],[[[109.09386476326162,15.384280649595226],[109.09687837346961,15.376041856728234],[109.1217196831181,15.3694204955663],[109.13993104741876,15.377590622381716],[109.14289125422943,15.386777367248134],[109.1108706844123,15.391641107910658],[109.09386476326162,15.384280649595226]]]]},"id":"quang-ngai"},{"type":"Feature","properties":{"slug":"gia-lai","name":"Gia Lai","region":"trung","isCity":false,"merged":["Bình Định"]},"geometry":{"type":"MultiPolygon","coordinates":[[[[107.45052359708143,13.794103110028159],[107.4732744511606,13.777496777857456],[107.5048601452917,13.764777622185228],[107.5318224248092,13.744141061191574],[107.55141470720942,13.69008775082493],[107.56847403248499,13.66559262476238],[107.57394430708793,13.61786122268768],[107.61774465707326,13.528735584328475],[107.63025685674847,13.35984557714498],[107.60657521339066,13.30430358341216],[107.62780018929135,13.314254220897903],[107.63961812215224,13.326958117052518],[107.64827748565708,13.32547133716291],[107.64923116002446,13.340825494994068],[107.66287251921663,13.35037940354279],[107.67221852714204,13.35111659381443],[107.67433186918491,13.357259210515949],[107.68756124103787,13.362042840280166],[107.70158406863011,13.374475892433392],[107.70880910522179,13.370453293382583],[107.71781179088677,13.373862679174128],[107.7287065659783,13.366461211693156],[107.74737569490435,13.363685064489314],[107.76203176255156,13.371920996610633],[107.76354238232885,13.365580014729575],[107.79221364831938,13.38185065245422],[107.79816457629983,13.380612782427617],[107.80159017502997,13.392788342892556],[107.81930562945732,13.393337658903368],[107.83922597917382,13.400506427995712],[107.85166952113185,13.389293124268306],[107.87651846060952,13.393607546337599],[107.88656637295445,13.384854723014486],[107.90718862640136,13.388878273694978],[107.940696928003,13.373965666193856],[107.94934103192469,13.38505022258366],[107.96488210871048,13.379689618533996],[107.98026296867118,13.384006901812562],[107.98311636222098,13.392669125317788],[107.99907705674873,13.389349384622571],[108.00939962619147,13.380988521411348],[108.03575918705059,13.401095790070173],[108.04380056786569,13.400443475991093],[108.0554430250801,13.41235963712066],[108.05799124269902,13.40761033899198],[108.06976494778905,13.408252929206395],[108.07226583978466,13.401276032839574],[108.1138384119543,13.41614953640475],[108.12553427439558,13.409068504707058],[108.14316580509664,13.407917418115199],[108.15094015828925,13.40050164620139],[108.16033194283322,13.401450551061158],[108.18244192837238,13.381759082943223],[108.2043535491808,13.373398218661844],[108.20915243860797,13.376498612940232],[108.21206686681124,13.370376024083908],[108.26326010520523,13.371632964477346],[108.28131888249102,13.36123982089083],[108.28810904292575,13.350797086959892],[108.34700033985567,13.339167978466495],[108.34571097262281,13.332057382404276],[108.35224936345256,13.330141450983385],[108.35527060248305,13.31801643444695],[108.3721239353116,13.301892662340157],[108.36864493074391,13.29552688557957],[108.37314627341453,13.288519285982153],[108.37237570410136,13.269452475006156],[108.38719961686536,13.25743426944337],[108.40782949985106,13.258254428483193],[108.4104311233771,13.2483381228361],[108.42147848660338,13.240692515539502],[108.41616842620166,13.221006768534654],[108.4270708306611,13.192277329036887],[108.43681356721235,13.179290190787043],[108.46313497823486,13.162920369318883],[108.46147939799174,13.15000761815818],[108.46811697193918,13.136694324688603],[108.45702383088133,13.126775157780916],[108.46374532814438,13.117459666466068],[108.47345754701281,13.117835414061071],[108.49001333267259,13.108954797520108],[108.48891469941768,13.100078950452794],[108.49668142383057,13.09425390626342],[108.49990102724989,13.084415801862901],[108.51918050697874,13.070743926056968],[108.52060720349347,13.064739590862501],[108.51113149442976,13.046176320716777],[108.51240560335324,13.03519857525153],[108.53955861881455,13.031548862021177],[108.56674978032427,13.020106675981058],[108.5765382939234,13.027428986945017],[108.58953115327661,13.02936017774256],[108.61383077478851,13.0074352027391],[108.64269277474878,13.010167478244492],[108.65757772357402,12.99872815429767],[108.66558095909186,13.004259464906925],[108.67951223296804,12.997391101352969],[108.69508382907661,13.016728755384856],[108.72044393659185,13.019392367979766],[108.75668356227392,13.033125276884032],[108.74923727636288,13.091821072446356],[108.75894949586045,13.11294877410083],[108.76772330088619,13.117956517616614],[108.75983450633262,13.125684141542528],[108.76153586244394,13.133615851138114],[108.7767641334428,13.13733804126117],[108.7772447859451,13.147179006479512],[108.78574393215601,13.141391157118566],[108.78998587566423,13.146973966579914],[108.7952501574326,13.14118611703543],[108.79705832522941,13.152268765816169],[108.8036043451014,13.151694654201101],[108.80506918825301,13.146055577256764],[108.81298087156354,13.15858590366812],[108.82209799827511,13.154298184306064],[108.82723258109921,13.164622662521841],[108.84013388753844,13.16292512212958],[108.83852408575831,13.17012822430557],[108.8538591695297,13.192502377917837],[108.84777854332545,13.204919217303436],[108.84951041600034,13.215403913405467],[108.86335013839563,13.225014089339583],[108.87061332421716,13.247869849522255],[108.86783622435512,13.26044309232444],[108.87155936922866,13.281913162558906],[108.86769889697008,13.288208367318372],[108.8611833938112,13.286629082170768],[108.85263847181935,13.293010117704739],[108.84000419562958,13.32311857193724],[108.8080522912894,13.356997854507382],[108.80371116750858,13.389906296816987],[108.80689262501566,13.392572769771858],[108.80569481216112,13.434449564481763],[108.79151939770391,13.456082714010622],[108.79539513140911,13.471929920369849],[108.7396318849001,13.456850423835093],[108.7126314569639,13.464208022472736],[108.71502708744156,13.472009078487142],[108.70310234437733,13.485184091004895],[108.7117998545946,13.499375718443707],[108.71393608515125,13.515784639880913],[108.72666191717258,13.519374269657009],[108.73259758584442,13.528717416112311],[108.74095940417553,13.556470293553689],[108.74787926556732,13.55612792413374],[108.7481386645694,13.566062350175342],[108.76561760764032,13.561377900286345],[108.77424645357854,13.570263284581813],[108.78015160565347,13.56864871318378],[108.78430199629898,13.57689990434743],[108.80648064636154,13.577139275905418],[108.8146822457652,13.576314347413724],[108.8275911816771,13.5643695751003],[108.85023522455619,13.567536726021448],[108.85676598589961,13.554798497423272],[108.8685686591269,13.547747028895003],[108.86803460123042,13.534574878897162],[108.89468407698894,13.541167628620704],[108.921791316309,13.540435205316912],[108.94981408183564,13.525774368304518],[108.9594042306787,13.515169509454454],[108.9932558559708,13.516485577874784],[109.00066399850891,13.522891408701277],[109.02792382512645,13.530573254160327],[109.05211663722605,13.568365460788339],[109.08285546881763,13.567206745270227],[109.10723901590745,13.58777940741342],[109.1158602312176,13.583519344152393],[109.11619592565769,13.614705448899747],[109.12688470883472,13.620092754625576],[109.11981226014079,13.640635853906444],[109.12201715541954,13.643715269237434],[109.13157678663202,13.640799885720574],[109.14472223326031,13.629621868620578],[109.1523668875336,13.633751278323844],[109.1562502508679,13.678366071235864],[109.18138910684242,13.682752020018427],[109.19085718615132,13.693473226069683],[109.20027185969727,13.694677716765518],[109.20677210348579,13.68128717486043],[109.22044397878652,13.680137043236158],[109.23236109258221,13.671712282578385],[109.23293329835703,13.686860446284173],[109.22774531025455,13.689793948890435],[109.219444528821,13.71400869429053],[109.21987177550314,13.733387357387453],[109.21472193528209,13.746490844170873],[109.22446467280963,13.762146361723385],[109.24002100894089,13.771139510558182],[109.24983241057313,13.769976026974422],[109.2559282965044,13.758538610316162],[109.2806093881644,13.762263660857046],[109.28793360747511,13.753768329114912],[109.29002406159495,13.75600851043795],[109.29420497088995,13.780456906188238],[109.286148331158,13.806781179995554],[109.29911830291499,13.826506980727967],[109.2978594533684,13.844236740342797],[109.29233577280354,13.851831802344774],[109.29290034821294,13.874931703215202],[109.29800441374248,13.876797089782787],[109.292190814858,13.887933145300334],[109.2938006173598,13.894237886461228],[109.28414943289313,13.886919390713658],[109.26925685495873,13.897451771038657],[109.24353816727938,13.941964523274372],[109.24432399577897,13.95699729134561],[109.2583925999615,13.962372198802798],[109.24918392162502,13.981558220889868],[109.2563784407881,13.990575211672086],[109.24696376849484,14.007071871000889],[109.2538149661071,14.017732042625642],[109.22339657119028,14.066065214682752],[109.20491817903788,14.112594033586635],[109.20745876712166,14.124088669391021],[109.22219112901843,14.127975846283631],[109.22672299098407,14.138999367450433],[109.22010830581763,14.139530565007718],[109.20463589398472,14.161732104321425],[109.18252590970737,14.208100706399303],[109.18301419158955,14.225676925328493],[109.18874386728149,14.229683310115231],[109.19423703145652,14.227418334235214],[109.19797543495126,14.232759863978915],[109.17845944577438,14.272793206642579],[109.18602780468738,14.281673821702642],[109.14980344080871,14.32611886288568],[109.12175778814786,14.37490884456056],[109.12671689533184,14.393035333501668],[109.11518888145474,14.425451679206684],[109.12418393841217,14.444313450049357],[109.0883257864433,14.508701730296073],[109.06722288350352,14.564487865209745],[109.0695574783343,14.575436046991252],[109.07473783734451,14.575423649395775],[109.07080869918848,14.576836041061178],[109.08153562810897,14.578236034204197],[109.06048612851843,14.589978627521534],[109.05377226159005,14.603225164921046],[109.04486112895432,14.60766928866554],[109.04296904006382,14.634619171281798],[109.03507261716057,14.64617865964948],[109.02712278806747,14.647197183608293],[109.01662474158846,14.664881167754471],[108.99536161913063,14.67152255674238],[108.97998075945094,14.669378697743717],[108.95944242923306,14.685528220543603],[108.95548277259198,14.680609166721668],[108.92751341307633,14.698451461979838],[108.92874937572616,14.702679100176061],[108.90406828327465,14.685395661070398],[108.88736753711089,14.681951943826492],[108.86146574200323,14.692663615396],[108.84810667223965,14.681011622123561],[108.8395541211792,14.693115656965873],[108.82608061013407,14.674506609532738],[108.81228666354272,14.669386332948163],[108.78405790417567,14.668778844324336],[108.76814298642175,14.674759336610425],[108.76029233864145,14.663701481900805],[108.76682309903961,14.626273578179664],[108.76158933386351,14.613460963265483],[108.7637942282634,14.598670428049255],[108.7336962652536,14.588011210651796],[108.70851163440878,14.603782123999938],[108.70500211234318,14.613598295312334],[108.69808988126778,14.595495648505375],[108.69019345773324,14.5914473015275],[108.68164853553675,14.59578747301595],[108.67534665440868,14.581699795717585],[108.64069394305463,14.564176984096262],[108.64293698485186,14.549073643656566],[108.6279375941213,14.549147077042303],[108.61315945623991,14.531596608802449],[108.59682492270325,14.544810721530919],[108.59399441800161,14.563620041128342],[108.54912594917768,14.587665988109459],[108.53309659025379,14.578331424325999],[108.52823666596765,14.555283022242183],[108.49411038272262,14.543594789847187],[108.43834713721625,14.5553631341955],[108.41551235852583,14.570802169621752],[108.4092486270766,14.589624840253121],[108.39810208170361,14.600779016825134],[108.37639645403463,14.601149042120458],[108.35978726127492,14.581825693664095],[108.3569643850882,14.569751222815203],[108.3739092689418,14.548549133551308],[108.37223843164017,14.538217025473346],[108.38327816456938,14.520358519482677],[108.32473018706158,14.454447226283895],[108.32381465832427,14.443792775328037],[108.30772426395389,14.423357442618048],[108.29831722118878,14.418010190303807],[108.29169490599116,14.40574021656769],[108.296409870792,14.395204975209552],[108.29407527681518,14.390219166908926],[108.26718928897776,14.38635106461414],[108.24514033931953,14.396419958777168],[108.23236873203497,14.389324621790502],[108.22198512623335,14.391074615068398],[108.21046473984993,14.386891800197455],[108.2033007371998,14.375613647663734],[108.1896517501801,14.368943648886804],[108.16980769417412,14.36819596929802],[108.1595080114617,14.361768204781947],[108.15404536396571,14.349315125129422],[108.14653041100861,14.347498375235766],[108.14235713203543,14.353001076968212],[108.14877345374488,14.35852666614606],[108.12702967751093,14.35667176962306],[108.11405207780994,14.362329920733265],[108.10851313773107,14.353475054738565],[108.11215998743,14.347609957378243],[108.10458399877052,14.343636950237185],[108.10389735254455,14.33736367967863],[108.0790407844549,14.333132228189822],[108.08911921415903,14.315151651640743],[108.07302882027064,14.305377443652734],[108.0600130717695,14.265515762488468],[108.03974177050362,14.276743372108044],[108.01225305940265,14.240548570515504],[107.98940302191228,14.24593587806492],[107.97292352926178,14.237181147589508],[107.95121790208442,14.242699108492065],[107.93332697216887,14.24092146065477],[107.90139032684476,14.275719131519024],[107.8768236770634,14.282354798606194],[107.87317682490863,14.276527848984264],[107.85012842378327,14.275385348059332],[107.83689905302981,14.268335787267054],[107.8378298375705,14.234593834071998],[107.82830835346728,14.23288580470259],[107.81660486104347,14.213827576770889],[107.80850244441062,14.212470498800435],[107.78533197221932,14.225370851909974],[107.7788240984519,14.21654078254637],[107.77249933089556,14.218816249587798],[107.76416803175624,14.213274447635408],[107.76189447083001,14.202503649542878],[107.72381616259081,14.215450734291144],[107.69808221505524,14.215847463116365],[107.68847680701728,14.221357795405705],[107.67820764085211,14.19996306444469],[107.67717767291408,14.186542959415972],[107.65837884245668,14.163643331005654],[107.66516137333493,14.137553661237465],[107.65795159330935,14.104195086270716],[107.6485292912623,14.099144427882056],[107.6572802065307,14.086487260969534],[107.64899468297081,14.065606561164014],[107.63228630774539,14.053668466813638],[107.61617302660567,14.063673464597507],[107.61280083469886,14.053608386363795],[107.60099815931788,14.044186083825771],[107.59976219707234,14.028035609008466],[107.59359764624767,14.023184267471791],[107.57035850989635,14.019011943652295],[107.55303215524697,14.025121181781133],[107.54578422982244,14.02171656455672],[107.54169487398131,14.011315792738454],[107.52120231976869,14.013492078524399],[107.52636741830462,13.98392435758429],[107.51106285261616,13.983091800264654],[107.50347160418978,13.971864193839073],[107.47032951295762,13.954196423082465],[107.47055076552354,13.937435596109928],[107.45878623722803,13.923455684600498],[107.47327445708554,13.91749712626137],[107.47085593785096,13.891050783662529],[107.45780967352137,13.87946364031341],[107.45439933257063,13.870266405782194],[107.47439597539541,13.858042206174622],[107.46491263785359,13.83760019640935],[107.4557573642411,13.82891031627142],[107.46152518607212,13.816324676135876],[107.45052359708143,13.794103110028159]]],[[[109.18190793162788,14.27758637396007],[109.18230466039567,14.277077111646827],[109.1822054783728,14.27765599263315],[109.18190793162788,14.27758637396007]]],[[[109.1821673312489,14.277966890021228],[109.1826861295799,14.278192910654644],[109.18245724891564,14.278327378862194],[109.1821673312489,14.277966890021228]]],[[[109.18301419319428,14.276995095424432],[109.1831896700685,14.276783380451734],[109.18341855161142,14.27715245238526],[109.18301419319428,14.276995095424432]]],[[[109.18560055892694,14.282920274591081],[109.18585995881067,14.282574091232476],[109.18594388216883,14.282875451740168],[109.18560055892694,14.282920274591081]]],[[[109.18635587286805,14.362625516754317],[109.18695859438023,14.36190453800695],[109.18730191753772,14.362681783132045],[109.18635587286805,14.362625516754317]]],[[[109.18658475055719,14.27853337271902],[109.18687466781397,14.278396996718891],[109.18699673818422,14.27869931117231],[109.18658475055719,14.27853337271902]]],[[[109.19941739085594,14.23278656719962],[109.20115689291872,14.231288344108934],[109.20198086676466,14.232007414904867],[109.19941739085594,14.23278656719962]]],[[[109.2074511445196,14.251085669879666],[109.21006802602186,14.250625998424518],[109.21032742576215,14.252324492640138],[109.2074511445196,14.251085669879666]]],[[[109.2090685760571,14.246690183977888],[109.21005276774412,14.24563160597175],[109.21028927875224,14.246450812306264],[109.2090685760571,14.246690183977888]]],[[[109.22838617913865,13.688958529750998],[109.22862268952015,13.688852672032313],[109.2286532067639,13.68900716698287],[109.22838617913865,13.688958529750998]]],[[[109.22896601253052,13.688638096030454],[109.22917200560322,13.68857706033587],[109.22920252422529,13.68873250903279],[109.22896601253052,13.688638096030454]]],[[[109.23764063358766,13.683188798932767],[109.2412111913111,13.682150248194658],[109.24073053885807,13.685766581130459],[109.23764063358766,13.683188798932767]]],[[[109.2391054776947,13.6682952679115],[109.24000574627942,13.667508485705174],[109.23940302353758,13.668883684754329],[109.2391054776947,13.6682952679115]]],[[[109.24526239896936,13.682518366365754],[109.24541498675774,13.682403924903292],[109.24543024613774,13.68266332527611],[109.24526239896936,13.682518366365754]]],[[[109.24549128089589,13.68234956626606],[109.24575830966367,13.682045344126184],[109.24594904507798,13.68205583372382],[109.24549128089589,13.68234956626606]]],[[[109.24574305064112,13.681706789945054],[109.24590326876783,13.681582811735227],[109.24591852661098,13.681712511912329],[109.24574305064112,13.681706789945054]]],[[[109.24710108318047,13.680328729775082],[109.24747492438732,13.679862382860822],[109.24752832962015,13.68007695940795],[109.24710108318047,13.680328729775082]]],[[[109.24769617632315,13.679153802420686],[109.24787928204424,13.67820966545126],[109.24813868087844,13.678752306455195],[109.24769617632315,13.679153802420686]]],[[[109.24877193320657,13.958383933856311],[109.25025966522689,13.957669631686526],[109.24954250202723,13.958575622132052],[109.24877193320657,13.958383933856311]]],[[[109.25049616380963,13.68065679326465],[109.25577570476695,13.678503397089612],[109.25268580051775,13.684008958721389],[109.25049616380963,13.68065679326465]]],[[[109.28686549414851,13.80034292425171],[109.28705622888792,13.800439245641329],[109.28687312292726,13.800526029530856],[109.28686549414851,13.80034292425171]]],[[[109.28693415855038,13.803390867835269],[109.28716304064804,13.803163893135892],[109.28723170536432,13.803497678917264],[109.28693415855038,13.803390867835269]]],[[[109.29099299545085,13.790112858595636],[109.2910540309949,13.789372807974859],[109.29141261281302,13.789110548038366],[109.29099299545085,13.790112858595636]]],[[[109.29224423204268,14.136509322194108],[109.29491451969628,14.137032888759745],[109.29394558722346,14.138119124017587],[109.29224423204268,14.136509322194108]]],[[[109.29241969758326,13.887988459666605],[109.2929537552632,13.887418161502977],[109.29265620822652,13.88810576170977],[109.29241969758326,13.887988459666605]]],[[[109.2933504831674,13.888738047539636],[109.29357936495477,13.888657938425583],[109.2935717359607,13.888872515241518],[109.2933504831674,13.888738047539636]]],[[[109.29359462377423,13.887953173086451],[109.29380061767662,13.887792002641124],[109.29383113486033,13.888023745823055],[109.29359462377423,13.887953173086451]]],[[[109.29367091805649,13.893624674968894],[109.2940371298837,13.893451105692291],[109.29407527660474,13.893791567880978],[109.29367091805649,13.893624674968894]]],[[[109.29384639488386,13.893265139278382],[109.29391505835218,13.893265139743026],[109.29386928221952,13.89331186956422],[109.29384639488386,13.893265139278382]]],[[[109.29390742811132,13.864423165567597],[109.29423549200948,13.864138970052153],[109.29411342227698,13.864466081631692],[109.29390742811132,13.864423165567597]]],[[[109.29393794685296,13.896011721498862],[109.29423549375649,13.895540605761955],[109.29442622824925,13.896339786153085],[109.29393794685296,13.896011721498862]]],[[[109.2941515699955,13.886454950325591],[109.29448726272128,13.886267076437674],[109.29446437492437,13.886636147895164],[109.2941515699955,13.886454950325591]]],[[[109.2943880815752,13.886114489240233],[109.29467036830326,13.886005770517933],[109.29464748044329,13.886203180471812],[109.2943880815752,13.886114489240233]]],[[[109.29473903205408,13.859120735666076],[109.29492213680268,13.85871351697201],[109.29502894915858,13.858927139917984],[109.29473903205408,13.859120735666076]]],[[[109.29490687853811,13.848031410903978],[109.29513575990073,13.847819694250127],[109.29515101837283,13.848085769516645],[109.29490687853811,13.848031410903978]]],[[[109.29494502695053,13.886129747351026],[109.29529597934354,13.885986695924215],[109.29513576149269,13.886256586260158],[109.29494502695053,13.886129747351026]]],[[[109.29544093751528,13.885686288875918],[109.29559352514747,13.885489831870105],[109.29570033755519,13.885705362620001],[109.29544093751528,13.885686288875918]]],[[[109.29568507333695,13.770432834944806],[109.29602076616317,13.768141156060754],[109.29673030051065,13.769788150769658],[109.29568507333695,13.770432834944806]]],[[[109.29595210152694,13.765900020918595],[109.29978205735877,13.761292820347794],[109.29940058811815,13.766424541476024],[109.29595210152694,13.765900020918595]]],[[[109.296074176869,13.885240922892654],[109.29650905224148,13.885093103438356],[109.29650905199634,13.885362993208723],[109.296074176869,13.885240922892654]]],[[[109.29708888437804,13.83659971597716],[109.29743220728672,13.836532959221149],[109.29758479517108,13.836703666820656],[109.29708888437804,13.83659971597716]]],[[[109.29769162033561,14.137298009345677],[109.29820278933958,14.137392423779517],[109.29808834866233,14.137695692947167],[109.29769162033561,14.137298009345677]]],[[[109.29774501389323,13.884163271507004],[109.29794337908969,13.883717904613206],[109.29809596734854,13.88384665118766],[109.29774501389323,13.884163271507004]]],[[[109.29814174278583,13.884398828443848],[109.29840877247702,13.884319673013229],[109.29840114224274,13.884440789740747],[109.29814174278583,13.884398828443848]]],[[[109.2983553767868,14.137789152846436],[109.29856900051723,14.137502096963127],[109.29866055308653,14.137792014028813],[109.2983553767868,14.137789152846436]]],[[[109.29880551127566,14.137321851669487],[109.29890469307111,14.137003324887818],[109.29913357515944,14.137323759502896],[109.29880551127566,14.137321851669487]]],[[[109.29932429696932,13.8419908374875],[109.2995074036198,13.84138048497657],[109.29949977361545,13.842218764725134],[109.29932429696932,13.8419908374875]]],[[[109.30200984587267,13.877105126576252],[109.30222346924724,13.876984963388972],[109.30215480382974,13.877237687327053],[109.30200984587267,13.877105126576252]]],[[[109.30217769343031,13.879226098796492],[109.30456569282252,13.87765825752411],[109.30317714356356,13.882208239109556],[109.30217769343031,13.879226098796492]]],[[[109.30226161575976,13.878340135480654],[109.30240657388016,13.878198991324314],[109.30242946328697,13.878369698594645],[109.30226161575976,13.878340135480654]]],[[[109.30320003104525,13.8769563538728],[109.30344417223475,13.876709351376359],[109.30345943127713,13.877044091535353],[109.30320003104525,13.8769563538728]]],[[[109.30365016594125,13.87724054841806],[109.30394008341133,13.877014527629816],[109.30392482393584,13.877337823678095],[109.30365016594125,13.87724054841806]]],[[[109.30408504093467,13.88393534313083],[109.30521419214672,13.882528672620436],[109.30499293896754,13.88424528654404],[109.30408504093467,13.88393534313083]]],[[[109.30516078642744,13.879175553599906],[109.30536677970923,13.879136453864671],[109.30531337385726,13.879339585195467],[109.30516078642744,13.879175553599906]]],[[[109.33757044374399,13.62707364232737],[109.3486788413958,13.611047143993364],[109.35659815318378,13.611169213808799],[109.36075617355476,13.605226869921351],[109.36340357394623,13.610701914148871],[109.34462763391835,13.634375926829879],[109.33852411774622,13.63468205688662],[109.33757044374399,13.62707364232737]]],[[[109.363228097129,13.602854127463251],[109.3636858600498,13.60235058745006],[109.36399866494773,13.602909440789883],[109.363228097129,13.602854127463251]]],[[[109.36910272985212,13.594338768983542],[109.36981989409067,13.592772835505677],[109.37033106299063,13.593765610463834],[109.36910272985212,13.594338768983542]]],[[[109.37039209811518,13.5934661565186],[109.37088037905308,13.593228691332401],[109.37088037856981,13.593520516692188],[109.37039209811518,13.5934661565186]]]]},"id":"gia-lai"},{"type":"Feature","properties":{"slug":"dak-lak","name":"Đắk Lắk","region":"trung","isCity":false,"merged":["Phú Yên"]},"geometry":{"type":"MultiPolygon","coordinates":[[[[107.4842225943993,12.94802420140665],[107.49305743170156,12.935447143243856],[107.49232500914758,12.924955771920295],[107.4997560404857,12.916881011437965],[107.49143236944491,12.897866652189334],[107.49855059348067,12.877650662657915],[107.51006335040562,12.869821949762892],[107.51150530467181,12.857200069174871],[107.52209490451769,12.853163165727898],[107.52671068787433,12.840106408709518],[107.542411981824,12.833124559143933],[107.54340380275954,12.826229493657406],[107.55324572134984,12.818026940145938],[107.5523149346634,12.80701486189673],[107.5616838308487,12.795712866211877],[107.59001177273375,12.794724857938458],[107.60077684998566,12.802543080852017],[107.60800951520896,12.794892704584685],[107.63297289523771,12.80332223034798],[107.6430055479858,12.795495425085196],[107.65934771276271,12.798538599006216],[107.67955034864332,12.790550622313566],[107.78090685715627,12.777553942984097],[107.80233782700178,12.7799018887773],[107.8171007056658,12.789869693212532],[107.82403582668738,12.801859286203992],[107.84709185745166,12.812324907150142],[107.86223620528456,12.800003434534402],[107.85346240035658,12.77825775153642],[107.85926073870904,12.758222006914716],[107.86670702853621,12.75242175890759],[107.90808886434479,12.744321247147802],[107.90954607915158,12.740407367583746],[107.89529436879812,12.712684054884361],[107.91219347687888,12.69253959060747],[107.90464037524897,12.675400155395124],[107.91455095845123,12.658801453025042],[107.90412920495159,12.650627510264268],[107.90930193398192,12.64590109944336],[107.91996782810838,12.646542922294971],[107.92022722611071,12.621778860203753],[107.92891710701907,12.616471662981931],[107.9284746004013,12.600468052701059],[107.93490617983012,12.59603728117798],[107.93286913117036,12.58392466411688],[107.9140168965692,12.57839621477933],[107.8933946422659,12.56512297524943],[107.89546983690978,12.55286730602783],[107.88750474870797,12.547541035457433],[107.88721483074067,12.540779484089796],[107.90924852201135,12.526316057805866],[107.94395463891908,12.526742348869883],[107.9751054563416,12.507213957702815],[107.97945421123804,12.497623808217442],[107.99149339467438,12.492501622462308],[107.99048631440196,12.486282711944328],[107.99699418842329,12.486482982992827],[108.00120561462194,12.477267627128949],[107.9836503757341,12.445685748878557],[107.966934371045,12.43671167331523],[107.94487016209985,12.440484410647933],[107.93122117427316,12.431909924675889],[107.93121354424716,12.42461240859101],[107.92272202872597,12.428141958344979],[107.92290513350544,12.416380292916315],[107.9163667429546,12.417830830707704],[107.92639176652841,12.413271313047593],[107.91246049184984,12.399716740037993],[107.91680161660348,12.39156473136546],[107.9255525321023,12.38955915389389],[107.92037217264233,12.381055240478075],[107.92713944628797,12.38138330424824],[107.93260972112259,12.373454454972027],[107.935218971929,12.340856911561607],[107.94492356248881,12.334234597146473],[107.94402329425844,12.326732994991124],[107.95172898188666,12.319735884936145],[107.96887223135059,12.312888502500735],[107.973823708373,12.297951101327536],[107.99668137471778,12.30460774627197],[108.00342576012845,12.296542522876406],[108.01526657989022,12.303176280442333],[108.02033249732183,12.290257808024911],[108.03968827202578,12.289254541652285],[108.05108658664572,12.266204231780172],[108.05618302213718,12.26904713432239],[108.06778733127646,12.264748923641296],[108.08426682316001,12.243163457912344],[108.08993546173417,12.219361652990163],[108.11133591319692,12.198303568759027],[108.11286179112957,12.184357033871523],[108.11905685924549,12.176007615637332],[108.16520706952193,12.196755752451702],[108.17208115256557,12.180919989397522],[108.18064133434694,12.184854849385065],[108.19042984676733,12.173128469467354],[108.19660202708849,12.177458150349107],[108.20603958759041,12.171316487414922],[108.21509567957558,12.183342320314743],[108.2228013681198,12.17222343016321],[108.22589890307904,12.182164531627048],[108.229049842992,12.181354862442245],[108.23677078971672,12.175988535758995],[108.24261490498532,12.161451678508572],[108.2547990502652,12.173249583055544],[108.24872605244917,12.176912646938625],[108.25225083313062,12.188303332890836],[108.26023117952046,12.193342547924267],[108.25936905874963,12.199945789073789],[108.27211777684435,12.204651217274318],[108.27586381071708,12.213099818446056],[108.29840867172994,12.205287317741426],[108.33039109571308,12.230440476827848],[108.34037034409354,12.229117730843313],[108.33364884703681,12.235148766730479],[108.33578507907725,12.248091081500359],[108.34150712389702,12.245394089859342],[108.3548051594346,12.25440345118969],[108.36891954000389,12.25424800108719],[108.3874665973967,12.24108443376224],[108.4125520475555,12.243500090195472],[108.42630021643899,12.251316404447115],[108.42768113805457,12.258027411147976],[108.43750779799957,12.25116858393356],[108.44313066365038,12.278132772605801],[108.44949357829526,12.273256635802367],[108.45858781683111,12.283108091463898],[108.46003740150306,12.275856350748757],[108.4655381954551,12.281517362094743],[108.46569841396668,12.295579290151462],[108.47048204339687,12.288774823284253],[108.48131578479229,12.300558422960567],[108.48335283404293,12.309757566833769],[108.48500841208627,12.305394506306389],[108.49153154377542,12.30629000600408],[108.49994676613521,12.2916024667904],[108.49892442691504,12.285112712928218],[108.51058214186277,12.277195307482197],[108.53602617322102,12.281865449361177],[108.5412980860943,12.297358843378891],[108.54910295696821,12.29263624781625],[108.56903856532787,12.295500130788422],[108.57894914824756,12.285759299898126],[108.58833330368255,12.28833517505366],[108.58576982743291,12.283225387552909],[108.59755586827474,12.27749028420528],[108.6681291441105,12.300521221573591],[108.68442553073284,12.322654094586904],[108.67696398521926,12.348005621076132],[108.6892778283093,12.373130171880534],[108.68342608405024,12.379182189622602],[108.68535632170456,12.389832824296406],[108.67346209490819,12.401088089438826],[108.6792985826264,12.413849205808424],[108.6693117058266,12.422730775977495],[108.69748706172001,12.459909769500113],[108.69992846904036,12.472487780946732],[108.71493548878053,12.484246584770764],[108.74053973703899,12.477245659555798],[108.74669665868093,12.479596466787457],[108.75326556775194,12.498366685302287],[108.7625963187898,12.498022408741848],[108.77697772673108,12.50594648776459],[108.79354114350996,12.498082488313571],[108.79919452372944,12.480688421374275],[108.81429309550073,12.483202306777521],[108.83766193121811,12.46265920628867],[108.8697969403368,12.453197801395543],[108.86967487133987,12.466016138495691],[108.87836475201881,12.477797831232452],[108.85990161875846,12.494451847719212],[108.87281818410052,12.506422367127021],[108.87692279864268,12.516986217197529],[108.87319202539403,12.52628835825815],[108.8913826715603,12.54727753735091],[108.89635486937287,12.56212076376706],[108.89208240888436,12.58028635287253],[108.8639833494033,12.593987793551424],[108.8615572016236,12.606105180549353],[108.87491627270909,12.62516817677966],[108.8934099250365,12.623726219393708],[108.91162129178761,12.641139359961311],[108.91458149770408,12.660238595205946],[108.90190144455576,12.671766611166708],[108.9026414958945,12.676128717235864],[108.91889210675966,12.679248185970454],[108.9412386043302,12.693220468568368],[108.97805806330702,12.682279914039928],[108.98923512729723,12.692722648339275],[108.98569508849117,12.702589362552843],[109.01908894978786,12.722431510614983],[109.01219960631762,12.72799524732287],[109.02371999252212,12.73523077410991],[109.03794118444594,12.736015647165567],[109.03908559412686,12.745492309111448],[109.05809041603058,12.74453195865254],[109.06816121786333,12.752525656990965],[109.07925435780638,12.743147221802891],[109.08865377166417,12.745580045147952],[109.09223958682561,12.750803319316649],[109.09014150483068,12.760031073368646],[109.10634633942522,12.77186998486442],[109.11602041267075,12.797171919827854],[109.14067098657982,12.782635059631232],[109.16722128187685,12.826599446438903],[109.20611593672803,12.829728451116049],[109.21332571418354,12.827604617636343],[109.22603628509005,12.81275781437252],[109.25420401219625,12.837369287359856],[109.28324148765552,12.832168899644302],[109.31427786516954,12.842924437562097],[109.31838248032028,12.836098036249231],[109.32862112857427,12.84702428386085],[109.34040854308094,12.846841177577495],[109.36752341298975,12.866367658512663],[109.38979361418717,12.843300182475591],[109.39370749520965,12.85171922021787],[109.40061209732742,12.854315121018539],[109.40140555449652,12.866831143443184],[109.43563864901644,12.881395656624342],[109.43800376091647,12.869413691544228],[109.41992209492349,12.849747019320915],[109.42875693317558,12.847372370093161],[109.43775199039429,12.856458025285406],[109.45255301701926,12.859652833442926],[109.4515459377011,12.875821429228397],[109.4586946800124,12.882855730657399],[109.45439170178335,12.888027506983084],[109.45807669950463,12.89775212404707],[109.4518129673591,12.899025279119],[109.45604728102039,12.912698108504701],[109.4419405308786,12.920080502510622],[109.42903922554761,12.938843092604612],[109.43029044705514,12.947196326656037],[109.37667869290654,13.007792797786726],[109.29492973472905,13.142573691014348],[109.29307579324654,13.166136123747696],[109.2991564207958,13.183638909327343],[109.30493950219089,13.186835624643393],[109.29323601194987,13.214574197447742],[109.30623650063593,13.227850298013493],[109.30314659771958,13.249716144009355],[109.31568169379126,13.254537920769112],[109.3096468436919,13.274831158004698],[109.2942202079904,13.293777807207881],[109.28313469894142,13.31930480905519],[109.28785729441663,13.336143837816381],[109.29758477286983,13.333443031060138],[109.2982027538691,13.340268478084413],[109.29103875309532,13.348937379221155],[109.29628777636191,13.35559688596792],[109.2943804281115,13.36463581264899],[109.27489495419415,13.36565338366014],[109.2662813666889,13.357549059429873],[109.25805687941964,13.35852943644369],[109.24834466155359,13.369718898624495],[109.24481225186263,13.38837372233759],[109.21991753770257,13.39257656661786],[109.21945977388584,13.396141400983767],[109.22817254328939,13.398531308570373],[109.23067498468892,13.410765043532988],[109.21960473336169,13.418164602920028],[109.22755456278186,13.426108710408238],[109.23299432116002,13.423378340340237],[109.23737359339746,13.4276183766788],[109.23741174060805,13.431070678201285],[109.22741723445232,13.43207394321277],[109.22236657515722,13.445315712372617],[109.22589135646557,13.461540573770305],[109.23310113557973,13.470620506824716],[109.22837853963875,13.480403299186646],[109.24060846044436,13.487650270076918],[109.24179101697766,13.494428033932726],[109.24750543221592,13.493826265233848],[109.2524263922623,13.483163231399208],[109.26812768659103,13.4780801463214],[109.27914453184842,13.462673536365376],[109.28690362614398,13.462736479431857],[109.29289270005766,13.454623570834952],[109.29130578579598,13.447290769341206],[109.28018975814376,13.44301544765911],[109.27609277270186,13.433951726577886],[109.26523614359415,13.43451058027544],[109.25896478107308,13.426214567055448],[109.26763177276659,13.419958462727084],[109.26981377951829,13.412211766029438],[109.292167906051,13.416645397231985],[109.29830193889738,13.404548991298432],[109.30234551811687,13.415525782142613],[109.31128716993618,13.413557399208472],[109.31040216068853,13.437502254194383],[109.31974816884028,13.444939006723274],[109.3170626228069,13.459945072917876],[109.3213427139301,13.464692463949973],[109.32978082381986,13.461877216385192],[109.32996392968242,13.468562473880459],[109.32187677114896,13.47533642373674],[109.31972528245844,13.4670985842421],[109.30694604542745,13.465628018722812],[109.29268670862739,13.48290478417612],[109.28813195980632,13.50268875856364],[109.29594446042572,13.512140625036603],[109.2999804101311,13.507060401463626],[109.30220819439992,13.519114844873],[109.27873254704102,13.534011240102885],[109.27659631810181,13.547032709193497],[109.27895380088054,13.555104610214334],[109.28974939484864,13.56035935421747],[109.2893602962433,13.566845293469811],[109.29830957655469,13.56719624536523],[109.28910852661333,13.575221416366245],[109.27559686771794,13.575102207057771],[109.25056482573474,13.597975134346292],[109.22563959444118,13.642230394112076],[109.2331087722157,13.655955675254996],[109.2308046960293,13.672588708884396],[109.21911646335509,13.68094957258524],[109.20864893443816,13.679528598528764],[109.20402552137158,13.690777188510323],[109.1971285482296,13.694387799294214],[109.19085718615132,13.693473226069683],[109.18257166317098,13.683161145674156],[109.1562502508679,13.678366071235864],[109.15142084355091,13.654406911356928],[109.15335107919569,13.6354860112843],[109.14630914721731,13.630502109643858],[109.12100244670691,13.642580396043837],[109.11843133992056,13.634795552679867],[109.12702203747095,13.621960049572202],[109.11619592565769,13.614705448899747],[109.11306024431401,13.591492061748136],[109.1178972797646,13.585581188096711],[109.10880304170502,13.588415507996231],[109.08325219816511,13.568006878353259],[109.0543596793926,13.568616276554168],[109.02894616472439,13.531646138254402],[108.99946618281639,13.52284372506741],[108.99516320413403,13.516947156605532],[108.9594042306787,13.515169509454454],[108.94991326410472,13.525547394133817],[108.92238640925969,13.540146242301823],[108.86939263256014,13.5346635701233],[108.86946129836164,13.546793354785699],[108.85754418396316,13.55267466492484],[108.8511202354261,13.569010153563134],[108.84478783702995,13.563788786281805],[108.8282167909113,13.564353362297181],[108.8146822457652,13.576314347413724],[108.78598046281178,13.577389138310199],[108.76561760764032,13.561377900286345],[108.74911522783813,13.566836733908474],[108.74787926556732,13.55612792413374],[108.73932671307071,13.55390204795089],[108.7329103918066,13.529689210820441],[108.7271578272355,13.519852060744538],[108.71393608515125,13.515784639880913],[108.71239494761736,13.499661821026304],[108.7035143320168,13.486963646794415],[108.7148821282762,13.47291220890911],[108.71322654994131,13.463470832779263],[108.74514030731618,13.456829442603135],[108.75046562506051,13.461806669090157],[108.75666069376712,13.458539380662769],[108.76045250299816,13.464591397688721],[108.78950523848927,13.468381298427232],[108.79444145739335,13.472884548869137],[108.7959444475161,13.46517599895709],[108.79019188359356,13.453806293922886],[108.80558800102666,13.433962236652109],[108.8080522912894,13.356997854507382],[108.83914207356815,13.32414567924193],[108.85245536625942,13.29327428630404],[108.86021446044532,13.286968590659594],[108.86745475554255,13.28845250745608],[108.87155936922866,13.281913162558906],[108.87061332421716,13.247869849522255],[108.86360953775586,13.225091337519808],[108.85071586137455,13.21754205160576],[108.8477022497395,13.203543064886874],[108.8547975855814,13.19341313646251],[108.84852622260091,13.190529225316403],[108.84986136662042,13.18192135992635],[108.84405539721656,13.18112313500323],[108.83943961232676,13.171574948539423],[108.84046958127905,13.163228390193138],[108.82723258109921,13.164622662521841],[108.82447836941161,13.154751179282854],[108.81190512728305,13.157341358841995],[108.8045809074152,13.145792362572166],[108.80324576369158,13.151980756278943],[108.79673026083954,13.152026531924355],[108.79603598567749,13.141616223686293],[108.79157278896619,13.146543858969855],[108.78672812444793,13.141542791333114],[108.77640555322105,13.1469005340449],[108.77426932128574,13.136052488161495],[108.76197836733034,13.135197997075139],[108.76049063489856,13.124727605280622],[108.76908133279846,13.119634983924259],[108.75894949586045,13.11294877410083],[108.74923727636288,13.091821072446356],[108.75675222722268,13.033686990796351],[108.71438619772424,13.017423983472693],[108.69508382907661,13.016728755384856],[108.68013021358986,12.997684833410005],[108.66759511859493,13.004474995703886],[108.65757772357402,12.99872815429767],[108.64385244301353,13.010177968934396],[108.6149217782989,13.007463813096184],[108.59219381207538,13.029198052245874],[108.578430383962,13.028454187525698],[108.5697328732196,13.020405176467778],[108.53770467566906,13.032240275927515],[108.5131303950405,13.034426098909865],[108.51118490063676,13.04526270122355],[108.52026388053605,13.062133199529187],[108.51918050697874,13.070743926056968],[108.49941274565678,13.085208305153806],[108.48891469941768,13.100078950452794],[108.49289724427521,13.105516801187758],[108.48736593296215,13.111318956014847],[108.46138784453649,13.11975229942365],[108.45850393414003,13.129385364437294],[108.4690706454794,13.13872374314729],[108.46130392250988,13.14886893198417],[108.46345541312554,13.161314382155279],[108.43809530487674,13.179031744649713],[108.42363760354745,13.197713271877422],[108.4163744206788,13.22227610941152],[108.42214224322774,13.227178949733819],[108.41756460603922,13.233250040289533],[108.42134878631614,13.24008311690895],[108.4104311233771,13.2483381228361],[108.40795157000667,13.258125682527902],[108.38719961686536,13.25743426944337],[108.37303183164174,13.26688709052915],[108.36879751915248,13.29468669814302],[108.3721239353116,13.301892662340157],[108.36290762664458,13.31386032220921],[108.35617850105436,13.315179253350786],[108.35287497277729,13.3297370929369],[108.34627554697408,13.331818964393063],[108.34716055713564,13.338689234034614],[108.28988669197804,13.350926785707662],[108.26409170899333,13.372255713499992],[108.21313498231552,13.3682026005327],[108.21006033638554,13.374040995535646],[108.17813894892332,13.383661662895578],[108.16182730408464,13.400775350325889],[108.15292380066167,13.40041295514646],[108.14167044382509,13.408687987289403],[108.12429831187218,13.409615913727855],[108.11296866148652,13.416479508171888],[108.0745699176488,13.400991838478797],[108.06942007552514,13.409335534654575],[108.05735037375185,13.407478731825792],[108.0540926228789,13.41242925526894],[108.0453493348746,13.400936526131176],[108.03610250861516,13.402848643710998],[108.03392813134818,13.396525782381149],[108.00939962619147,13.380988521411348],[107.99671957366591,13.39065305814551],[107.98311636222098,13.392669125317788],[107.98138449000321,13.383842869707221],[107.96524069069571,13.379749699966725],[107.94938680853464,13.385237142810228],[107.940696928003,13.373965666193856],[107.90718862640136,13.388878273694978],[107.88656637295445,13.384854723014486],[107.87844869729261,13.392779756037942],[107.85346242951827,13.389529634820715],[107.83922597917382,13.400506427995712],[107.81930562945732,13.393337658903368],[107.8031694595252,13.393392972804614],[107.79822561156539,13.388845853372352],[107.79957601426418,13.380882672361],[107.79245016020703,13.381905011306994],[107.76354238232885,13.365580014729575],[107.7634737175412,13.371672087785011],[107.75265523644761,13.369756156081106],[107.74980947274763,13.363713675593637],[107.7301256339647,13.366159850299555],[107.71604940161076,13.37427848172865],[107.7117387924679,13.370952065552762],[107.69732686704668,13.373336251645226],[107.68894216111654,13.362042840150252],[107.65081044568599,13.342925486460587],[107.64891835473068,13.32567923873364],[107.64112874236997,13.328880723985137],[107.6299593086936,13.316208300383307],[107.60905476718834,13.305530008346198],[107.4903490019179,13.033753803959627],[107.4940568869818,13.025020054196977],[107.49145526339728,13.000893999798944],[107.49834460578899,12.997970987919942],[107.49707812500884,12.98451559586808],[107.50375384609195,12.974077630901078],[107.48687762484698,12.968966890187748],[107.4842225943993,12.94802420140665]]],[[[109.22762322708572,13.419724814095737],[109.22914147712768,13.41712891215239],[109.22889733580001,13.420293203532644],[109.22762322708572,13.419724814095737]]],[[[109.24085259644947,13.394145359655202],[109.2470018879547,13.396414151195767],[109.2419588594436,13.396206250231995],[109.24085259644947,13.394145359655202]]],[[[109.24745202692911,13.480881089104459],[109.24859643631808,13.480656021268427],[109.2489550169168,13.481434219278395],[109.24745202692911,13.480881089104459]]],[[[109.24913812140787,13.449029319641578],[109.25418878072175,13.450703971203145],[109.25386834573945,13.455500953679117],[109.24913812140787,13.449029319641578]]],[[[109.26131463597712,13.467686050448116],[109.26209283495766,13.467639319737637],[109.2619326173122,13.469360702898143],[109.26131463597712,13.467686050448116]]],[[[109.26461816126314,13.41561256916233],[109.26476312009926,13.415363660302031],[109.26480889693791,13.415626874128556],[109.26461816126314,13.41561256916233]]],[[[109.26496148413746,13.415083279874597],[109.2652895481361,13.414974561339504],[109.265075925812,13.415212026051165],[109.26496148413746,13.415083279874597]]],[[[109.26532006674258,13.41451298161005],[109.26563287175323,13.414328923067618],[109.26551843063655,13.414628377250391],[109.26532006674258,13.41451298161005]]],[[[109.27025628443975,13.413083424853466],[109.27053857117754,13.413044323616361],[109.27045464817265,13.413161625839779],[109.27025628443975,13.413083424853466]]],[[[109.2705690918076,13.459609381529404],[109.27356744368936,13.455294958680925],[109.27314019771626,13.460542074682218],[109.2705690918076,13.459609381529404]]],[[[109.27064538378369,13.413277019915357],[109.27070641898763,13.413073887782037],[109.27098870638116,13.413134922610263],[109.27064538378369,13.413277019915357]]],[[[109.27136254672003,13.413506855905156],[109.27195000977164,13.41336189657573],[109.27178979235242,13.413603176890696],[109.27136254672003,13.413506855905156]]],[[[109.27977776693211,13.380372392911886],[109.28137231154814,13.379816400245005],[109.28135705228664,13.381221164108878],[109.27977776693211,13.380372392911886]]],[[[109.28199029238134,13.380591738850462],[109.28199029245184,13.38028560865522],[109.28218102780099,13.380368579053908],[109.28199029238134,13.380591738850462]]],[[[109.28219628539573,13.38145385932018],[109.28229546788212,13.381211626477176],[109.28244042672551,13.381435739976505],[109.28219628539573,13.38145385932018]]],[[[109.28263879207604,13.413642277382623],[109.2828600448546,13.413538325930245],[109.28286767387667,13.413724292755903],[109.28263879207604,13.413642277382623]]],[[[109.28347802614118,13.41372620021244],[109.283630612513,13.41357170497638],[109.28374505435545,13.413704265872799],[109.28347802614118,13.41372620021244]]],[[[109.28357721308868,13.532065744839178],[109.28374505904237,13.532041902970638],[109.28374505910674,13.532154435214206],[109.28357721308868,13.532065744839178]]],[[[109.28429437052361,13.414422382448308],[109.28437066528228,13.414287914299516],[109.28456139979701,13.414430965379808],[109.28429437052361,13.414422382448308]]],[[[109.28475977065037,13.556578989361896],[109.28522516330054,13.55627953547508],[109.2852633099613,13.556537028833622],[109.28475977065037,13.556578989361896]]],[[[109.28527856905336,13.556342478890784],[109.28544641526021,13.55637108884316],[109.28539301040006,13.556435938240169],[109.28527856905336,13.556342478890784]]],[[[109.28544641416467,13.532055253477752],[109.28557611408839,13.531773919562239],[109.28574396124553,13.531886453145537],[109.28544641416467,13.532055253477752]]],[[[109.28547693357108,13.556260462652837],[109.28556848627044,13.556164141307775],[109.28562189091343,13.55633198839252],[109.28547693357108,13.556260462652837]]],[[[109.28623224379922,13.557239886552484],[109.28638483151515,13.557180758469666],[109.2864306071882,13.55743825056514],[109.28623224379922,13.557239886552484]]],[[[109.2870180720708,13.57898652288853],[109.28712488350139,13.578559276772888],[109.287521612487,13.578948375956939],[109.2870180720708,13.57898652288853]]],[[[109.28730035986595,13.579821941870556],[109.28733850629663,13.579444286704266],[109.2875292417024,13.579494830855813],[109.28730035986595,13.579821941870556]]],[[[109.28953576470855,13.415089954010012],[109.29042840390622,13.413605082661897],[109.29090142604429,13.414577831224587],[109.28953576470855,13.415089954010012]]],[[[109.29559350148452,13.357892380076846],[109.29570031347862,13.357452737516557],[109.29575371855482,13.358032571295466],[109.29559350148452,13.357892380076846]]],[[[109.29563164826781,13.354360924261181],[109.29592156534818,13.354249344716306],[109.29590630623116,13.354438171780041],[109.29563164826781,13.354360924261181]]],[[[109.29599785942567,13.35484348418752],[109.29617333527088,13.354657517276186],[109.2962648888006,13.35478054056018],[109.29599785942567,13.35484348418752]]],[[[109.2963869582933,13.3567336660997],[109.29653191750731,13.356039390710215],[109.29693627549474,13.356375085074562],[109.2963869582933,13.3567336660997]]],[[[109.29650139995951,13.358118401122281],[109.29671502298653,13.357829437726153],[109.29679131653204,13.358322487953927],[109.29650139995951,13.358118401122281]]],[[[109.29689812716755,13.333095894246078],[109.29818749432796,13.33304820989895],[109.2980425370152,13.333357199836401],[109.29689812716755,13.333095894246078]]],[[[109.29825617009445,13.568453188377184],[109.29861475164553,13.568255778322635],[109.2984697935406,13.568517084896039],[109.29825617009445,13.568453188377184]]],[[[109.29867577688017,13.340982779938242],[109.29875206981617,13.340814932901077],[109.29886651091535,13.340983733758684],[109.29867577688017,13.340982779938242]]],[[[109.29869104530168,13.568094607655418],[109.29888941027363,13.568107958747946],[109.29880548602728,13.568291063732602],[109.29869104530168,13.568094607655418]]],[[[109.29879021716245,13.340477333073489],[109.29893517636677,13.340330466972294],[109.29901909931003,13.340671882402953],[109.29879021716245,13.340477333073489]]],[[[109.29901147831711,13.52271401284149],[109.29917932535712,13.522528999064404],[109.29917169543539,13.522871369172037],[109.29901147831711,13.52271401284149]]],[[[109.29956841584027,13.335565909824055],[109.29985070305008,13.335258826491389],[109.29997277389154,13.335740432110267],[109.29956841584027,13.335565909824055]]],[[[109.30023218091922,13.51949917627129],[109.30044580396921,13.519400948018124],[109.30043054526372,13.519646042512722],[109.30023218091922,13.51949917627129]]],[[[109.30068231545944,13.521942490207895],[109.30088830894532,13.521948212382359],[109.30072809242158,13.522123688401031],[109.30068231545944,13.521942490207895]]],[[[109.30083490224648,13.505673760060219],[109.30085016113634,13.505545013395666],[109.30094934382723,13.505660407443415],[109.30083490224648,13.505673760060219]]],[[[109.30113244952139,13.511622779436847],[109.30127740758071,13.511580817977318],[109.30126214827979,13.51169144429214],[109.30113244952139,13.511622779436847]]],[[[109.30114007845562,13.505567901595894],[109.30130029576176,13.505568854296623],[109.3011782250423,13.5057023700522],[109.30114007845562,13.505567901595894]]],[[[109.30115533734198,13.511989944675895],[109.30119348505423,13.511872643313945],[109.30127740810174,13.512004250092565],[109.30115533734198,13.511989944675895]]],[[[109.3015673253583,13.51752220913491],[109.30187250071702,13.517666214318709],[109.30170465369595,13.517790192463982],[109.3015673253583,13.51752220913491]]],[[[109.30182672384954,13.517234199944689],[109.30212427117648,13.517151230228968],[109.30218530637814,13.517569893216445],[109.30182672384954,13.517234199944689]]],[[[109.30668663633594,13.226815561838217],[109.30700706958231,13.226471284425863],[109.30732750468557,13.226670602585164],[109.30668663633594,13.226815561838217]]],[[[109.30708336377354,13.226032594297822],[109.30944084700705,13.22511134529134],[109.30913567150286,13.226595262824775],[109.30708336377354,13.226032594297822]]],[[[109.30892204572446,13.17638716790207],[109.31090568912684,13.174109794457838],[109.31353782992953,13.179912902278996],[109.30892204572446,13.17638716790207]]],[[[109.30993676652939,13.41728435809457],[109.30995965475267,13.41694961834769],[109.31023431225809,13.41710602094211],[109.30993676652939,13.41728435809457]]],[[[109.31118798765146,13.420592654681606],[109.31138635193162,13.420575488651311],[109.3114092396983,13.420859683162792],[109.31118798765146,13.420592654681606]]],[[[109.31141686859131,13.420444835616303],[109.31168389745964,13.420495379410195],[109.3114855335701,13.420552600672847],[109.31141686859131,13.420444835616303]]],[[[109.31149316254174,13.413193095180473],[109.31166100979135,13.412951814596978],[109.31168389726952,13.413113940125394],[109.31149316254174,13.413193095180473]]],[[[109.31889366484866,13.17221102804226],[109.31930565161618,13.171880102913127],[109.3195879402386,13.172396040464458],[109.31889366484866,13.17221102804226]]],[[[109.31957268095721,13.171619749994617],[109.32019829059925,13.171323157967796],[109.32016014517856,13.172089911832751],[109.31957268095721,13.171619749994617]]],[[[109.32059501990774,13.167317724073476],[109.32369255392842,13.16756854142625],[109.32163261788936,13.168752051183338],[109.32059501990774,13.167317724073476]]],[[[109.32829308432159,13.285325389622615],[109.33052086713462,13.276172022464145],[109.34181237072623,13.277806620456856],[109.34062218679432,13.283485752207373],[109.32829308432159,13.285325389622615]]],[[[109.39103720591318,12.828399020937185],[109.39185355103757,12.825446444972464],[109.39551565976812,12.83066876456873],[109.39331076490086,12.833935100414015],[109.39103720591318,12.828399020937185]]],[[[109.39142630468277,12.824805575879145],[109.3915941504397,12.82461197972039],[109.39155600479037,12.825156527393695],[109.39142630468277,12.824805575879145]]],[[[109.4380495429389,12.972355209005764],[109.43842338240958,12.972136818448735],[109.43864463575537,12.97241719879899],[109.4380495429389,12.972355209005764]]],[[[109.43814872476003,12.973162017756357],[109.43831657196478,12.972884498846085],[109.43855308257572,12.973296486269259],[109.43814872476003,12.973162017756357]]],[[[109.44039939515847,12.970891318960131],[109.44062827791389,12.970056854621797],[109.44155143498122,12.970956169104765],[109.44039939515847,12.970891318960131]]],[[[109.44178031672114,12.9704449991318],[109.44223045085681,12.970565162208791],[109.44197105183666,12.97068055713953],[109.44178031672114,12.9704449991318]]]]},"id":"dak-lak"},{"type":"Feature","properties":{"slug":"khanh-hoa","name":"Khánh Hòa","region":"trung","isCity":false,"merged":["Ninh Thuận"]},"geometry":{"type":"MultiPolygon","coordinates":[[[[108.551796099521,11.611292185080138],[108.55378737119317,11.599211992949472],[108.58419050641336,11.55532580418657],[108.64233412322777,11.550321872793884],[108.65902723644598,11.503896050880572],[108.67784895182427,11.47463064467015],[108.71311201373368,11.460685061871546],[108.72791303967469,11.468815135583556],[108.76002516191686,11.469868944507411],[108.75694288315125,11.411270424328684],[108.78520216102646,11.387819569263533],[108.84266676091218,11.376310625053721],[108.84535230692651,11.365275658478897],[108.85984052690306,11.353042877417348],[108.87474073546326,11.352711951437655],[108.87501539223773,11.336973463090604],[108.86534131967524,11.33406475742285],[108.8896714595949,11.33533123530122],[108.9153214837678,11.318011554524594],[108.91777814941848,11.309680255132522],[108.93298353248069,11.307693750347198],[108.96349348271151,11.31636360309304],[108.9864808489233,11.333441048824632],[108.99283613606181,11.34803512742033],[109.0014726111057,11.34870555972476],[109.01833357307625,11.359778671127245],[109.02031721658412,11.366338997210235],[109.00785078569342,11.383070260545225],[109.00554671006529,11.404306682252422],[109.01310744151748,11.422901424608563],[109.00801863631649,11.442859921662963],[109.01457228793664,11.471178327781503],[109.0125962769329,11.515717780108329],[109.03332534349904,11.547720229474333],[109.02523055624026,11.56178978928624],[109.02754226455252,11.578469552512038],[109.03723922452346,11.588363924782923],[109.04594436409478,11.588848390109987],[109.05200210366736,11.58099678853667],[109.04910293452951,11.586961068418757],[109.0671540812663,11.581868447090228],[109.09027877715064,11.587526594806723],[109.1211778254124,11.57413128398202],[109.13030258098595,11.565083774694816],[109.12892166013674,11.576486859991828],[109.13766494677722,11.582204136471304],[109.15016952745142,11.616549764455037],[109.1669389365865,11.625010762305953],[109.17689529918762,11.675495421639251],[109.18795029315733,11.682672775044283],[109.18768326482038,11.690722740306297],[109.2034150769474,11.707440650150497],[109.19742600373225,11.72633293980697],[109.20636002396965,11.71449879447861],[109.21375290730003,11.719981468061532],[109.2214738546375,11.717566763982804],[109.23352829923905,11.727651869078557],[109.23091141730592,11.746752059245555],[109.22194687909543,11.746917999790217],[109.2271424964281,11.756198203913938],[109.21316544637754,11.75787667162911],[109.21070115232756,11.77176217068842],[109.18765275125546,11.78861264467696],[109.1861192439038,11.808290760953797],[109.19481675424792,11.809768001495584],[109.1812211738132,11.819350523137487],[109.17841355835327,11.846252721889634],[109.18325059408714,11.850784582849474],[109.17975633154586,11.855419441019098],[109.19015519777405,11.870088858767263],[109.20977800070754,11.881858153506707],[109.23367326454508,11.87942532878309],[109.24029557946626,11.874298375982516],[109.240982224172,11.865307133569937],[109.24715440468484,11.864302913909214],[109.25051896731998,11.853192607130083],[109.25595109655563,11.86512116633209],[109.27169053817678,11.862395564394745],[109.28111284138092,11.879210749741429],[109.27224748546645,11.882171909477234],[109.27503221462867,11.885675708811824],[109.26209276182638,11.902637761776106],[109.25830095374207,11.923668189491645],[109.26446550464884,11.934790892143154],[109.27280443400011,11.93474988404254],[109.27597826224269,11.944369596919982],[109.28202837261729,11.944792074522542],[109.28423326782544,11.953914923583783],[109.2777101349088,11.950764937092751],[109.27159898908705,11.953737541150904],[109.2699052652295,11.975038810995706],[109.25336473737698,11.975730225453967],[109.24194353460315,11.988130854962181],[109.20384233993524,12.059164336650207],[109.19493120945714,12.092870050411625],[109.19661730701874,12.11760931631247],[109.2065507786303,12.11799936923794],[109.21498889028737,12.138054186316866],[109.22355670018935,12.140843683311862],[109.21973437367033,12.154993349900883],[109.19889849787289,12.165629681863848],[109.19845599282499,12.170347508799566],[109.20833606011978,12.177267370003625],[109.20732135042624,12.188217458275469],[109.21572131461174,12.197570141822645],[109.21520251606688,12.205681143014285],[109.21768969919538,12.203893957229088],[109.2168657247377,12.211303053238836],[109.20733661094683,12.217955885509225],[109.19839496124916,12.235738098847296],[109.19699878294833,12.252464592853705],[109.20631427406626,12.270969690211633],[109.20310992984481,12.281889261515811],[109.20729846686658,12.290701212662547],[109.23521442288283,12.295329392705968],[109.24248523692317,12.305352509534504],[109.21192188165053,12.324467006232718],[109.20185871108397,12.336077037768995],[109.20350666089776,12.34195644107581],[109.19589252475922,12.359734838645805],[109.2005540867034,12.386465377290342],[109.19801349872073,12.398727721968749],[109.17271442644031,12.407825776423456],[109.16968555688545,12.402474709810075],[109.16508503185038,12.40415317698247],[109.15804310079078,12.420970271103371],[109.16000385664626,12.431766818480604],[109.17809315261736,12.45551521661691],[109.20837421922249,12.436227150930101],[109.23004932865955,12.413144416239945],[109.23690052454235,12.412492101631276],[109.23782368116944,12.405102079294524],[109.2441026726579,12.403495138125175],[109.24911518453123,12.39144927780209],[109.26429767975459,12.376720729887541],[109.260841563089,12.362754168992668],[109.27793140705592,12.358075441612021],[109.2789079690072,12.352207483502097],[109.29095478273314,12.346198380601683],[109.30051441555321,12.35579425184348],[109.30201740626447,12.37930804687719],[109.30790730045422,12.38763457693432],[109.31356831154585,12.38839560858777],[109.32632465823875,12.372860252899374],[109.33045216140141,12.377844154768464],[109.32740040383598,12.386427225029472],[109.33707447559243,12.38778621000778],[109.34199543645913,12.399318993997916],[109.33689137152106,12.408347429580692],[109.33048267959468,12.406930269409878],[109.32024403300461,12.41754657219092],[109.30726643207022,12.41626292769698],[109.290573317392,12.426522557395028],[109.2852556305106,12.442180937465102],[109.29640217728188,12.477870292273067],[109.27780934273642,12.492987938318683],[109.28091450592594,12.489551849012399],[109.2772295076334,12.485824890848754],[109.251686296692,12.506704637620704],[109.23838826086615,12.510815928126368],[109.23007985166025,12.546456647189641],[109.23547383496314,12.57139427786887],[109.24402638659734,12.574281049542805],[109.24346181201207,12.58610947237012],[109.22981282496308,12.592330290972628],[109.21208211116637,12.570532157019493],[109.19771596139472,12.568310096626043],[109.19511433741016,12.575389221233824],[109.20413991226717,12.594106034860994],[109.19981404563143,12.60432083971589],[109.20513936467417,12.616925554656756],[109.1911623133122,12.62485058890611],[109.19100972581563,12.632434206364843],[109.20402547382724,12.64989121590235],[109.2155763770321,12.651323634562088],[109.21022054305533,12.66579659667539],[109.22895070881387,12.694705327181182],[109.24459096800041,12.703261692001433],[109.25457784557456,12.70198281443393],[109.30389425579304,12.759365398272243],[109.32501242057016,12.76540978556114],[109.33095572084534,12.791471798292044],[109.3417055378085,12.799002010953236],[109.35156271522247,12.799406368743417],[109.35520956574545,12.785427409188104],[109.35311148116764,12.763221101612025],[109.3796694023209,12.713886572269102],[109.36964437599137,12.701140715309727],[109.36901876619194,12.6918185478711],[109.36009237309419,12.68774159106315],[109.35413381683982,12.693695379036996],[109.34375783894662,12.665473294898403],[109.33143636645593,12.663400007067144],[109.33874532593454,12.651756597361297],[109.34957143756962,12.66308910909041],[109.36524221352008,12.643442462258344],[109.36457082706956,12.652629208039635],[109.37070486039933,12.659209559999082],[109.3660204127199,12.667084049981455],[109.36861440701833,12.67289192668001],[109.39228841857363,12.668930362966874],[109.391769620987,12.680350613273562],[109.39653799233236,12.684068988751177],[109.39683553863344,12.677674602533877],[109.40736410240736,12.667882273531069],[109.4093019673592,12.635762521388115],[109.39041921558457,12.62666446909383],[109.39891073029445,12.606188125219544],[109.41459676572462,12.603141135533633],[109.41254445784817,12.584797209470521],[109.41635915433588,12.576667135202978],[109.42879506745172,12.572679822721136],[109.4320146720759,12.562755886842375],[109.44047567083037,12.571599308697573],[109.43697377983145,12.594929045458944],[109.42990133126334,12.598704641760136],[109.43560811967346,12.606018370010895],[109.43429586398169,12.612778968115727],[109.43739339819085,12.611698455151451],[109.43479940489213,12.640169449434975],[109.43805715663196,12.647628136415632],[109.45932790876397,12.649207419751065],[109.4599382615723,12.658458061349217],[109.45404836894302,12.667312927954242],[109.4425050943659,12.66402847430511],[109.4409105515906,12.670553513803593],[109.42566702002713,12.669485398918667],[109.41085836721221,12.692180943154382],[109.41696951219616,12.702286075865901],[109.40769979685453,12.69985325256208],[109.40186331084666,12.703735662231022],[109.3759157414399,12.75006230190509],[109.35920736959662,12.7992213550786],[109.36005423320965,12.8128531767143],[109.36606619514298,12.813736278480915],[109.35705588066344,12.821592647715368],[109.36340353878518,12.835330327739458],[109.37701437859599,12.83670361767471],[109.38692496225529,12.84451993139319],[109.36605856889935,12.867823919578674],[109.36205313619412,12.86036713993783],[109.34787772107126,12.855436643655857],[109.34109518800658,12.847251256788494],[109.32877371610542,12.847619376367367],[109.32025168127602,12.835819563452043],[109.31222555808654,12.842122397928375],[109.28324148765552,12.832168899644302],[109.25535605021054,12.837944353030105],[109.22787496937909,12.812660539739005],[109.20764181556366,12.829775180769726],[109.16516897542748,12.825659123206076],[109.13967153521706,12.781527844011745],[109.11714956299083,12.79811510327686],[109.10755941251001,12.774017659702833],[109.09014150483068,12.760031073368646],[109.09225484586763,12.751232472820874],[109.08584615455578,12.74352487633916],[109.07925435780638,12.743147221802891],[109.06698629015824,12.752799360557974],[109.0598604362164,12.744152395962942],[109.03997823359518,12.745251029911941],[109.03814717763929,12.736158697779466],[109.02481374384492,12.735760605558104],[109.01333638615004,12.729214043235457],[109.01915761393843,12.722774833313231],[108.98664113376486,12.70413812961104],[108.98941060326344,12.691390365272833],[108.97924824807033,12.683915465751358],[108.96067830189429,12.684788077986857],[108.94355031074724,12.694046350356954],[108.91889210675966,12.679248185970454],[108.90361805834671,12.676763865418982],[108.90168019211812,12.672027918343044],[108.91455098106556,12.660798402694809],[108.91162129178761,12.641139359961311],[108.8934099250365,12.623726219393708],[108.87662525721349,12.625881524130703],[108.86145039092334,12.60447058203437],[108.8680421876377,12.590763420343581],[108.89208240888436,12.58028635287253],[108.89635486937287,12.56212076376706],[108.89077015133509,12.546087590446254],[108.87436695204072,12.528333035174125],[108.8780977263027,12.514493313283923],[108.85880298528058,12.492729511365038],[108.87849445216612,12.478400552662919],[108.86794299792636,12.456511820768089],[108.87025470456314,12.453316056917165],[108.83766193121811,12.46265920628867],[108.81429309550073,12.483202306777521],[108.79940814634183,12.480305998696654],[108.79480762233493,12.496235221029641],[108.77590198272459,12.505777687658489],[108.75178546620988,12.497765870482256],[108.74848956636373,12.481355996229972],[108.73926562730067,12.47506651370097],[108.71652240292043,12.484074922934509],[108.71218890639771,12.481764170683059],[108.70088977250823,12.473473879857723],[108.69876117140878,12.461269709167661],[108.67408007765174,12.43304380992334],[108.6693117058266,12.422730775977495],[108.67896288947952,12.41628870540616],[108.6744844332839,12.399602264501013],[108.68450945834668,12.390821785129562],[108.68315142568127,12.381620734805466],[108.68914812941986,12.373801558125377],[108.67694872666831,12.348247854415222],[108.68520372984959,12.323555317559395],[108.67982500629144,12.318942394549833],[108.68840044565047,12.311013545949972],[108.70042437194226,12.308482493871342],[108.70639818807575,12.300489749062589],[108.70085161700307,12.28777250149887],[108.70549028695034,12.253240905386114],[108.69940203020253,12.24510892434926],[108.72155779098345,12.218397459246905],[108.70990770343052,12.188865025718137],[108.71905534687036,12.181591351135566],[108.72767656263572,12.157751398320562],[108.70671098536882,12.154690105571827],[108.69384782630763,12.145710308576486],[108.69386308331157,12.130769092494818],[108.67495744347872,12.122748691751552],[108.70455186331672,12.092068985556892],[108.71118943521495,12.054753615756022],[108.70494859059589,12.04289086051615],[108.69570939276667,12.041963888875223],[108.68462388177105,12.024117782196937],[108.68032853172598,12.013080908866414],[108.68133561058937,11.985139203593773],[108.6619798347523,11.961689305344018],[108.66406265680935,11.915829013102702],[108.65388504341098,11.895364115385028],[108.65280929645003,11.845043487335039],[108.64108291667144,11.831545181196326],[108.6303483581837,11.830355950199598],[108.61944595117023,11.803690262454099],[108.6315385427383,11.795531577050118],[108.65582290436777,11.792455023482407],[108.67253127890609,11.784004512926519],[108.66307845715664,11.761703792237444],[108.6671525540807,11.748023333685158],[108.69076552939755,11.733667672939443],[108.70117202243873,11.700612364991818],[108.69439711996164,11.698971092131444],[108.67946639339691,11.670734702851977],[108.66961684504832,11.66361647719077],[108.65910353854973,11.666847526630809],[108.62223067306653,11.650054276689666],[108.59724440530543,11.649082484249972],[108.57434096256307,11.639582934459247],[108.56433119571484,11.642640415207994],[108.5531999084631,11.632322612337234],[108.551796099521,11.611292185080138]]],[[[109.14299789404849,11.582894595990297],[109.14635482820584,11.578436168553525],[109.14606491107287,11.582180293894996],[109.14299789404849,11.582894595990297]]],[[[109.17343158974207,12.411121674868959],[109.17443866996084,12.411204644879758],[109.17433185828212,12.411648103280235],[109.17343158974207,12.411121674868959]]],[[[109.17488113861567,11.64778641297431],[109.1773683200412,11.648476873589894],[109.17650619923548,11.64987782083614],[109.17488113861567,11.64778641297431]]],[[[109.20049302435733,11.816856662949258],[109.20304887065934,11.815319339418384],[109.20163743362201,11.817855159785974],[109.20049302435733,11.816856662949258]]],[[[109.20177479121182,12.401280707653735],[109.204200937793,12.400481528591659],[109.20397205592927,12.4019482794966],[109.20177479121182,12.401280707653735]]],[[[109.20475788287659,12.363276785421933],[109.20562000366883,12.36302501503337],[109.20545215754308,12.363315885354428],[109.20475788287659,12.363276785421933]]],[[[109.20737473731947,11.790454188060577],[109.20811478843399,11.789585391682204],[109.20864884614329,11.7909672657037],[109.20737473731947,11.790454188060577]]],[[[109.2075807544099,12.266639054803424],[109.20927447891114,12.266262352669791],[109.20893878597127,12.267042458658727],[109.2075807544099,12.266639054803424]]],[[[109.20758837781858,12.168113049045035],[109.21007556156292,12.16772967187155],[109.20962542718988,12.168084439015354],[109.20758837781858,12.168113049045035]]],[[[109.2081300657572,12.16870432692907],[109.2084047228696,12.168409642228365],[109.20854205360337,12.168657597137726],[109.2081300657572,12.16870432692907]]],[[[109.20926684509476,12.168587979102828],[109.20977801452909,12.168295200970801],[109.20976275637065,12.16857844260718],[109.20926684509476,12.168587979102828]]],[[[109.21032734009522,12.360704724887778],[109.21786518233499,12.35918838219183],[109.21589679873813,12.362320248970372],[109.21032734009522,12.360704724887778]]],[[[109.21160142186402,11.783802310130264],[109.22224442628536,11.772182740552717],[109.22230546179661,11.78303650889229],[109.21160142186402,11.783802310130264]]],[[[109.21607990520138,12.40256053850687],[109.21963520335063,12.400201147973037],[109.21788807284629,12.403867072717789],[109.21607990520138,12.40256053850687]]],[[[109.21630879899948,12.64325268784159],[109.21977254386915,12.640261965265744],[109.22009297925563,12.643077211578518],[109.21630879899948,12.64325268784159]]],[[[109.21678180970162,12.388050382926835],[109.21858997598824,12.382860487658627],[109.21897144546435,12.385731046622903],[109.21678180970162,12.388050382926835]]],[[[109.21729299149855,12.64821560901535],[109.21868917021035,12.648922282588545],[109.21852895305938,12.649561243352736],[109.21729299149855,12.64821560901535]]],[[[109.21731586073413,12.265996276899306],[109.21752948389093,12.265884697473902],[109.21747607929204,12.266159356430954],[109.21731586073413,12.265996276899306]]],[[[109.21857470747035,12.188832577691107],[109.22481555246452,12.183309848995034],[109.23429889011776,12.194028195462142],[109.22422045966644,12.195940313047997],[109.21857470747035,12.188832577691107]]],[[[109.22019211636561,11.71549824441274],[109.22184769555355,11.715144430909588],[109.22167221873259,11.716078078629792],[109.22019211636561,11.71549824441274]]],[[[109.22056598956101,12.399965590387135],[109.22476978676735,12.398217505166807],[109.22477741563482,12.400623626218172],[109.22056598956101,12.399965590387135]]],[[[109.22065751599362,11.850347798345705],[109.22452561889334,11.835756581042585],[109.23519914156418,11.828242579671894],[109.2397310016332,11.834954539738225],[109.25148027075035,11.83560017623271],[109.24707048130523,11.85083321757027],[109.23962419128566,11.838496486157894],[109.22065751599362,11.850347798345705]]],[[[109.22113819371013,12.388095205080877],[109.23649616516458,12.381594960839244],[109.24032612120564,12.387596432986488],[109.23764057509969,12.394743268693281],[109.22849293043302,12.398081130003916],[109.22113819371013,12.388095205080877]]],[[[109.2223207207982,11.770547188920304],[109.22534196083325,11.769281662575457],[109.22554032518603,11.770749367542834],[109.2223207207982,11.770547188920304]]],[[[109.23040790078574,12.226036367451819],[109.23988360832904,12.224327382022238],[109.24473590273365,12.20924406840676],[109.26960009987586,12.19732409195714],[109.27359790317416,12.187697703140055],[109.28462237745607,12.180522256796975],[109.29518908881333,12.18503981070339],[109.28971118483962,12.19497423803437],[109.3021089510043,12.20710783563757],[109.30420703545094,12.201337152803774],[109.29827136553999,12.19259386652809],[109.31183642856017,12.190050415285107],[109.32262439312129,12.194049172296547],[109.31564349690454,12.187672904923783],[109.32256335799526,12.18485002893059],[109.33530444751594,12.193533233681796],[109.32865161617241,12.20035105171379],[109.3300477962229,12.220459275090285],[109.32199115441361,12.221222215725172],[109.31853503924346,12.22687750517532],[109.30680103003127,12.212863260059676],[109.2966920825953,12.230342203854267],[109.27749652513256,12.227997119784272],[109.26457233093126,12.235762890800038],[109.25897998354519,12.217487629355615],[109.23821277225751,12.232533751179002],[109.23040790078574,12.226036367451819]]],[[[109.23461169537532,12.177617366053619],[109.24943560834511,12.17009001404553],[109.25076312337917,12.172828013294923],[109.2441179210301,12.180093104720562],[109.23461169537532,12.177617366053619]]],[[[109.23821275426182,11.868647854396249],[109.23885362383766,11.86880902530927],[109.23837297206548,11.86915711764469],[109.23821275426182,11.868647854396249]]],[[[109.24203510219412,12.288909255705834],[109.24545306945639,12.287898362172934],[109.24318713998916,12.29054004022872],[109.24203510219412,12.288909255705834]]],[[[109.26091024220526,12.678012208592213],[109.26294729077549,12.676649408969887],[109.26492330358398,12.677465753637774],[109.26091024220526,12.678012208592213]]],[[[109.26858537355744,11.8599675101501],[109.26916520786597,11.860563555630229],[109.26869218595401,11.8605597420772],[109.26858537355744,11.8599675101501]]],[[[109.26930254162302,11.93291978288625],[109.26965349361824,11.932660383567256],[109.26976793463305,11.933128638112922],[109.26930254162302,11.93291978288625]]],[[[109.27017228904535,11.860626499120979],[109.2709962627432,11.859735766219988],[109.27186601433472,11.860822001736464],[109.27017228904535,11.860626499120979]]],[[[109.27085131997873,12.17543535776891],[109.27700061254936,12.175019555761377],[109.27637500119563,12.181534105997844],[109.27085131997873,12.17543535776891]]],[[[109.27090471351492,11.932729048203933],[109.2711107074674,11.932665152218844],[109.2712632952181,11.932874006986076],[109.27090471351492,11.932729048203933]]],[[[109.27093523187392,11.931947988970862],[109.27233141018522,11.930494590067237],[109.27169817037208,11.932561201761178],[109.27093523187392,11.931947988970862]]],[[[109.27359789058778,11.93123178000606],[109.27409380037967,11.931083959398574],[109.27410905935109,11.931406301441703],[109.27359789058778,11.93123178000606]]],[[[109.27926656667367,12.695213632774353],[109.28069326421226,12.694065408829921],[109.28713247366544,12.699650125457655],[109.27926656667367,12.695213632774353]]],[[[109.27960222422746,11.935792249320938],[109.27996843502068,11.934751791315007],[109.28095262677714,11.936023039964084],[109.27960222422746,11.935792249320938]]],[[[109.28826925264121,12.70276768644289],[109.29226705562697,12.706694917599473],[109.29101583443673,12.706375436597794],[109.28826925264121,12.70276768644289]]],[[[109.29155751177758,12.485706634088533],[109.30271931625501,12.48645908244142],[109.3130113706376,12.49633056573056],[109.294807633992,12.494410820298537],[109.29155751177758,12.485706634088533]]],[[[109.29245015826325,12.63744099341225],[109.29433461811308,12.636318518106323],[109.29556295198232,12.639960600836272],[109.29245015826325,12.63744099341225]]],[[[109.29408285172622,12.714075403848124],[109.30059072624857,12.71190293226609],[109.31312582162658,12.722202615145534],[109.30426809464011,12.723039941956849],[109.29408285172622,12.714075403848124]]],[[[109.29676837383035,12.167368225631568],[109.31580371311112,12.16400652234905],[109.30191821440728,12.171692185322936],[109.29676837383035,12.167368225631568]]],[[[109.29699727761498,12.634368254322272],[109.3027040643286,12.634838414979042],[109.30165120734652,12.637294127245001],[109.29699727761498,12.634368254322272]]],[[[109.30279561733263,12.619882894018943],[109.31713887738977,12.603616070281541],[109.32721730823638,12.609358143041003],[109.33621999382639,12.605369876448261],[109.3386919171287,12.589750597543494],[109.35922261861083,12.582149812145436],[109.37369557879536,12.567040748183059],[109.38324758142382,12.566558188776808],[109.39587422932817,12.551154439998658],[109.40285512480955,12.549035375083886],[109.41223165149188,12.555203740616928],[109.39799520243268,12.570800131779993],[109.39639302983899,12.594394988670041],[109.38510915515427,12.60572082581058],[109.3807375135101,12.62642605021933],[109.36356374642385,12.632432292404927],[109.35604879163468,12.625784228551051],[109.34772512195005,12.62550003356798],[109.34242269338478,12.633039784449224],[109.31818410626231,12.639688802313731],[109.30513021155663,12.630516362539595],[109.30279561733263,12.619882894018943]]],[[[109.3033907022283,12.476560896480395],[109.30509205728067,12.47547561484543],[109.30755635273331,12.476556127643718],[109.3033907022283,12.476560896480395]]],[[[109.30400868859107,12.597822498200475],[109.30497762241804,12.597736668645844],[109.30474111079322,12.599636386920253],[109.30400868859107,12.597822498200475]]],[[[109.30410024896118,12.750316936025495],[109.30581686273102,12.748660403752206],[109.3064424728951,12.750056583248066],[109.30410024896118,12.750316936025495]]],[[[109.3057329335983,12.637456250624306],[109.30880758021786,12.635951353054125],[109.30881520954773,12.638211560603404],[109.3057329335983,12.637456250624306]]],[[[109.31254596158246,12.170422843277096],[109.31365985305015,12.170247367688017],[109.31362170609908,12.170966437957185],[109.31254596158246,12.170422843277096]]],[[[109.31488820847467,12.64509518324134],[109.31691762722483,12.6406663189179],[109.31773397241179,12.645419432041482],[109.31488820847467,12.64509518324134]]],[[[109.31769580270235,12.16343241003748],[109.31839770695832,12.162803939424213],[109.3185808124372,12.163667013770437],[109.31769580270235,12.16343241003748]]],[[[109.31993124226749,12.728983239387405],[109.3214037152527,12.728883104608661],[109.32121298018004,12.731020288400337],[109.31993124226749,12.728983239387405]]],[[[109.32119768743574,12.00471810908233],[109.32271593688077,12.003542228119198],[109.32323473528196,12.00692681905246],[109.32119768743574,12.00471810908233]]],[[[109.32132738853821,12.03873376577408],[109.32524126758027,12.033872887374551],[109.32684344097609,12.044111535152675],[109.32132738853821,12.03873376577408]]],[[[109.32411974677012,12.03157262496927],[109.32526415562747,12.02992181517175],[109.32550066775181,12.031916901014247],[109.32411974677012,12.03157262496927]]],[[[109.32429525104307,12.63968212615369],[109.32447072699594,12.639274907088183],[109.32536336736933,12.639993023912472],[109.32429525104307,12.63968212615369]]],[[[109.32459277012168,12.033070847161357],[109.32527178537028,12.03279714290669],[109.32595080162261,12.033316894562784],[109.32459277012168,12.033070847161357]]],[[[109.32569140323056,12.048918054004766],[109.32714861735434,12.047755524130052],[109.32740038759944,12.049060151103516],[109.32569140323056,12.048918054004766]]],[[[109.32655354588088,12.493219679493345],[109.32817097765601,12.492941206215573],[109.32878132888152,12.494017904264904],[109.32655354588088,12.493219679493345]]],[[[109.32791918611387,12.045780465430605],[109.3281709561186,12.04544572573552],[109.32858294335031,12.045740411403324],[109.32791918611387,12.045780465430605]]],[[[109.33039877203916,12.73884709356185],[109.33094045903619,12.738804178715249],[109.33142874009926,12.739445047232968],[109.33039877203916,12.73884709356185]]],[[[109.3362123454713,12.194274238810705],[109.33731097745188,12.193079284818513],[109.33671588556011,12.194474509507115],[109.3362123454713,12.194274238810705]]],[[[109.33885213673004,12.647470783657564],[109.34589406829778,12.642080616099445],[109.3498613537135,12.649911236828306],[109.34128591415558,12.651332211911598],[109.33885213673004,12.647470783657564]]],[[[109.34059924670639,12.190823844541498],[109.34205646126749,12.190407088194686],[109.34178943309291,12.191225341349167],[109.34059924670639,12.190823844541498]]],[[[109.34220141923896,12.19084863982953],[109.34413165680134,12.189563086955774],[109.34446734975691,12.190608314244752],[109.34220141923896,12.19084863982953]]],[[[109.34323141482531,12.754251794226874],[109.34404776058209,12.752694444178461],[109.34582540912947,12.754333810489879],[109.34323141482531,12.754251794226874]]],[[[109.34490985499423,12.189745238432184],[109.34517688346044,12.189334205380415],[109.34541339463568,12.189674666077215],[109.34490985499423,12.189745238432184]]],[[[109.34616108989222,12.48775607705503],[109.35233326958017,12.477789226461608],[109.359703264717,12.479220691451454],[109.3554765812487,12.486038509692618],[109.34616108989222,12.48775607705503]]],[[[109.35756702525225,12.271382624544852],[109.36171741540306,12.26746588255089],[109.36384601694357,12.27020197527591],[109.35756702525225,12.271382624544852]]],[[[109.36562368675145,12.703005147945943],[109.37354299783466,12.705879521773594],[109.37076589769856,12.708222700590998],[109.36562368675145,12.703005147945943]]],[[[109.36823292230673,12.366863546934935],[109.37809773013338,12.357158956011551],[109.3722459848148,12.369386014523847],[109.36823292230673,12.366863546934935]]],[[[109.36829395475333,12.282151514170694],[109.37029285590363,12.279863649529274],[109.36910266943387,12.285743052377992],[109.36829395475333,12.282151514170694]]],[[[109.37039966677617,12.277157121652335],[109.37080402444215,12.276368432899716],[109.37158985280915,12.276891046490338],[109.37039966677617,12.277157121652335]]],[[[109.37062091927517,12.278797441636122],[109.37121601241203,12.278179460855478],[109.37164325857603,12.278944307439426],[109.37062091927517,12.278797441636122]]],[[[109.37381002382193,12.646235774275825],[109.37638875894686,12.64349014636514],[109.37584707238358,12.646749805175196],[109.37381002382193,12.646235774275825]]],[[[109.37460347287508,12.477940859540166],[109.37728138979584,12.475863757651044],[109.37728139017412,12.477933230552019],[109.37460347287508,12.477940859540166]]],[[[109.39115926230768,12.547269170765615],[109.3938066623784,12.547865216916742],[109.39299031804376,12.549101179535025],[109.39115926230768,12.547269170765615]]],[[[109.39291402895654,12.649959871787425],[109.40028402369046,12.64450580838656],[109.40249654731893,12.648816416073823],[109.39444753667301,12.656790088257809],[109.39291402895654,12.649959871787425]]],[[[109.40386983889461,12.657674143431052],[109.40434286232578,12.657143900916418],[109.4047472200479,12.65890533697341],[109.40386983889461,12.657674143431052]]],[[[109.43643972400588,12.62011272308407],[109.43693563414412,12.620010680641624],[109.43664571684559,12.620284385307887],[109.43643972400588,12.62011272308407]]],[[[109.43656179399453,12.62155754093286],[109.43705007505785,12.621326751179117],[109.43698904016433,12.621670073316777],[109.43656179399453,12.62155754093286]]],[[[109.43756124503024,12.620204276529746],[109.43796560249177,12.619839019371858],[109.43804952589831,12.620176619544894],[109.43756124503024,12.620204276529746]]],[[[109.4383318129929,12.61052924975323],[109.43907949404927,12.610285108482241],[109.43870565356768,12.610955541761236],[109.4383318129929,12.61052924975323]]],[[[109.4469911752817,12.597297018166165],[109.44831106030358,12.595328633656685],[109.44908925960831,12.59614402547959],[109.4469911752817,12.597297018166165]]],[[[109.46022054419456,12.564893069631587],[109.4613496948393,12.565061869924543],[109.4610750361595,12.565562549243966],[109.46022054419456,12.564893069631587]]],[[[109.46584341264348,12.653800315352742],[109.4667055348562,12.650861090568743],[109.46916219964172,12.656565970902271],[109.46584341264348,12.653800315352742]]],[[[110.43657685205615,8.143686347057585],[110.4515075779697,8.139498762368873],[110.45988465339776,8.144375851597493],[110.44234467513238,8.151228003363569],[110.43657685205615,8.143686347057585]]],[[[110.44264983155331,7.805404699512117],[110.44948576842145,7.798543966018813],[110.49067687086021,7.808528456729029],[110.51203917800885,7.829053435415062],[110.5206832840898,7.852208172501395],[110.50532531252479,7.855753934291605],[110.47796630256721,7.850368536454756],[110.44264983155331,7.805404699512117]]],[[[110.45878601668265,8.077823686813595],[110.46389008153261,8.075618791140906],[110.46921539876685,8.080308961365533],[110.45878601668265,8.077823686813595]]],[[[110.47763062642949,8.163332036490289],[110.48503876878065,8.159442951961006],[110.49140931309287,8.165003826822044],[110.48196412270362,8.166934063277703],[110.47763062642949,8.163332036490289]]],[[[110.49134064426403,8.068640754403566],[110.504150397432,8.068104788753166],[110.49762726534016,8.073263213503038],[110.49134064426403,8.068640754403566]]],[[[110.49411011991214,8.175877621165162],[110.50157929654985,8.17081361116194],[110.53939057843607,8.197130251815343],[110.5559692531473,8.17531113581907],[110.58263398767481,8.17302517638175],[110.58644105460269,8.177569434422827],[110.58265687781162,8.206368492996347],[110.56378938392086,8.211180735222403],[110.52925874280962,8.205023815631979],[110.49411011991214,8.175877621165162]]],[[[110.53229523651567,8.105936095136817],[110.5459823706662,8.105090185266882],[110.55740357557795,8.11549286474099],[110.55683137114461,8.122030302694634],[110.53229523651567,8.105936095136817]]],[[[110.58757782715841,8.041577377819127],[110.59607697245085,8.018147506241398],[110.61846924546398,8.002933537313535],[110.62864685849897,8.011127507119264],[110.63913727720097,8.048475302620377],[110.6336517445729,8.063429870580194],[110.6223220935385,8.07367996256197],[110.60708619179594,8.077009241030426],[110.59441376713694,8.067585032153715],[110.58757782715841,8.041577377819127]],[[110.59329224430583,8.04359058508217],[110.59912110245564,8.056220094035062],[110.6140747162082,8.052833594929135],[110.62564087798738,8.037121809751183],[110.62326813564705,8.020010030997396],[110.60681916006791,8.019135511662933],[110.61203766642019,8.033288039210033],[110.59616089642614,8.03480438246336],[110.59329224430583,8.04359058508217]]],[[[111.41133123729972,8.518839853683682],[111.42079168625837,8.508827226237248],[111.43699652078715,8.508160606860395],[111.47076422382905,8.518173232309712],[111.49776465303026,8.538192763098223],[111.50721747380099,8.556878104858825],[111.50923926420305,8.580905929114872],[111.50181586399536,8.602269189703492],[111.49236304439027,8.61362173041568],[111.47277838924892,8.61830331836143],[111.46467597165656,8.615634937942135],[111.45859534340403,8.607625027641316],[111.4579315844186,8.577582377241052],[111.42078405970818,8.557560939733975],[111.41335302872655,8.541539210296229],[111.41133123729972,8.518839853683682]]],[[[111.52538300525433,7.518537008412604],[111.53662110336847,7.508090458383936],[111.5500640968373,7.513516387795511],[111.54902650112321,7.531684838780484],[111.57328034873733,7.560173950899166],[111.56745149127782,7.572118245698988],[111.55224610757477,7.575767005012776],[111.53926087842021,7.569421256567918],[111.53417969948713,7.539191687066543],[111.52538300525433,7.518537008412604]]],[[[111.54221345816279,7.659879653191496],[111.54408265896227,7.639686553337822],[111.56063844560056,7.644625154348303],[111.5501938058176,7.662037818045079],[111.5441742137875,7.664496391283171],[111.54221345816279,7.659879653191496]]],[[[111.59458924914637,7.570675812784711],[111.60857392919726,7.564300497850064],[111.62268068012229,7.577728709159891],[111.62284089832995,7.584550342710319],[111.60763551376373,7.570847472376459],[111.59458924914637,7.570675812784711]]],[[[111.6426163484192,8.67231084166684],[111.64693458664496,8.668210995602985],[111.6773606129726,8.668112766304262],[111.69373329476821,8.677015315404232],[111.6975251046895,8.68793583970903],[111.686515887172,8.690730106360098],[111.6426163484192,8.67231084166684]],[[111.67994697806633,8.676459323696873],[111.68606575302974,8.682705890335464],[111.68618019321664,8.677625667450428],[111.67994697806633,8.676459323696873]]],[[[111.64634706537151,7.618014775021021],[111.65274049790881,7.609800776934958],[111.65915681958904,7.609477480821928],[111.69673921897778,7.635412176204906],[111.70637514492726,7.647899587551415],[111.6975708236957,7.644134958121318],[111.69017794025513,7.648443183071426],[111.67804720240899,7.63928504932176],[111.66135408569502,7.639204940663875],[111.6512222492446,7.630090676186287],[111.64634706537151,7.618014775021021]]],[[[111.69881443096942,7.940700505935027],[111.70334629179432,7.927389118576884],[111.71984104327791,7.928337546919285],[111.71199039538489,7.924555751775475],[111.71763614760494,7.920055361382229],[111.73881534772663,7.92549178130291],[111.7358246255743,7.93930432415826],[111.72606662998648,7.946049185932949],[111.70698551380612,7.948074315688932],[111.69881443096942,7.940700505935027]]],[[[111.70182039835242,7.676340064647842],[111.7050781493514,7.667205295418121],[111.71462252218312,7.666202505481936],[111.70813753764436,7.676500280847019],[111.70182039835242,7.676340064647842]]],[[[111.71853640153518,7.667655428618744],[111.72143557170509,7.658112485344366],[111.72713472932448,7.659913499295818],[111.71853640153518,7.667655428618744]]],[[[111.72370151193184,7.852949112352894],[111.73607639006211,7.838838067565433],[111.7464905139129,7.836621251559316],[111.73973087206785,7.880581348576627],[111.73187259600708,7.873757808535719],[111.72370151193184,7.852949112352894]]],[[[111.7316055609811,7.774827444310788],[111.74221041959362,7.756806337329723],[111.75113681063908,7.75793977907493],[111.75357058853677,7.774896585920877],[111.74652102839433,7.789409125689668],[111.74066165376267,7.790963138002144],[111.7316055609811,7.774827444310788]]],[[[111.73785402976937,7.674326379207166],[111.73892214565477,7.670644242468421],[111.74397280453111,7.67186017744908],[111.75460055179548,7.682355840277635],[111.75561526253438,7.699123818981257],[111.7468338289024,7.696585615180246],[111.73785402976937,7.674326379207166]]],[[[111.74604037470709,7.735607586148707],[111.74925997870845,7.729820689970317],[111.75819399975089,7.733345470404087],[111.75261691273282,7.740893802741248],[111.74604037470709,7.735607586148707]]],[[[111.91566475756461,8.641983029507426],[111.92362221709814,8.646621700943065],[111.91690835025003,8.647809026424039],[111.91566475756461,8.641983029507426]],[[111.91818245766467,8.643186566348737],[111.92130288089967,8.646516797512268],[111.92070015844132,8.644025800523629],[111.91818245766467,8.643186566348737]]],[[[111.93734747161946,8.148782702216698],[111.94208532560086,8.137529344680608],[111.96672063964756,8.124400107862964],[112.01882177757001,8.12251850521441],[112.03966528479603,8.129078830391336],[112.05104071315382,8.150648083111678],[112.05578619702906,8.17503258307914],[112.05010229925361,8.19566818932843],[112.04062659142215,8.207862823349323],[112.02357489433223,8.208802193828392],[112.01219946604652,8.204113931195954],[111.99798590280987,8.190047234664874],[111.99514013838984,8.175979584686946],[111.97429663135038,8.165664643982286],[111.95061498997667,8.163788768343226],[111.93734747161946,8.148782702216698]]],[[[112.1743775461957,8.845512384794644],[112.176956281179,8.840077393885242],[112.19351206714882,8.836600296902608],[112.18151103046233,8.852478021126426],[112.18654643196145,8.86423587262524],[112.21241771024667,8.878538126487193],[112.23015605295271,8.880008691112048],[112.21260081565903,8.88128375434074],[112.19942485108255,8.876477236650183],[112.18281565779442,8.863700861894296],[112.1743775461957,8.845512384794644]]],[[[112.18345652640173,8.855293268325642],[112.1879197217857,8.850899690096027],[112.19003306410156,8.853340143294],[112.18345652640173,8.855293268325642]]],[[[112.19173441982366,8.862531656074236],[112.19416056731859,8.860971444983633],[112.19417582696838,8.862594599161511],[112.19173441982366,8.862531656074236]]],[[[112.19814311228136,8.864485734953165],[112.20101176380231,8.863659853333965],[112.19966136142541,8.8688335363309],[112.19814311228136,8.864485734953165]]],[[[112.20600138887383,8.871232027345785],[112.20789347871818,8.868349069010025],[112.20796977291192,8.871451372014556],[112.20600138887383,8.871232027345785]]],[[[112.21279917814829,8.829857817733368],[112.21750651335671,8.826967230636525],[112.22628031818495,8.831876746218297],[112.21279917814829,8.829857817733368]]],[[[112.22441874872061,8.873476021688493],[112.23068248069998,8.870190613074236],[112.23272715904439,8.876278870148752],[112.23006449986049,8.878932946096278],[112.22441874872061,8.873476021688493]]],[[[112.2428132198959,8.887117379213144],[112.26225291735618,8.880277625860538],[112.26333629066417,8.873517027025262],[112.25180827480688,8.862618437799687],[112.25419627445633,8.858783712737857],[112.26466380618145,8.872010222344484],[112.26425181817756,8.88136290669757],[112.25651561208993,8.888297073788928],[112.2428132198959,8.887117379213144]]],[[[112.24813853666883,8.878598205435352],[112.25275432015557,8.87539672110659],[112.25624858435914,8.880846968978291],[112.24813853666883,8.878598205435352]]],[[[112.31835188585949,9.44452573651711],[112.32589735619293,9.414752022739492],[112.33721937788562,9.403594031829629],[112.36553968996343,9.398036015803427],[112.37521376298885,9.405794156943564],[112.42220320983992,9.48366643470579],[112.48070541230288,9.53017426928548],[112.50146499590545,9.55248834104087],[112.51090255893938,9.580378547282443],[112.50148025720671,9.602692620849822],[112.45619979996712,9.619435329675735],[112.41844955415105,9.613858244743792],[112.31835188585949,9.44452573651711]]],[[[112.3437348571132,8.93253802313059],[112.35073864104173,8.928077687762016],[112.3575211731128,8.935279835299555],[112.35222637372395,8.938234319369528],[112.3437348571132,8.93253802313059]]],[[[112.54659282980468,8.83932683471421],[112.54912578857805,8.82724187243238],[112.55765545155583,8.818821881185551],[112.55567180894269,8.827244733385653],[112.5656205407628,8.83269593513086],[112.5951997039768,8.836856815046573],[112.62198650959881,8.833497972073006],[112.65301525747917,8.822313278325787],[112.6498872051446,8.81852146937104],[112.62861645157585,8.818456620283646],[112.5812989454714,8.807087870299869],[112.5556107730073,8.813735935459057],[112.55998241564316,8.80601784862165],[112.57183849534906,8.80278298394112],[112.67364514090943,8.820548026133832],[112.65964520184127,8.83019539596896],[112.6153184191085,8.842983218118935],[112.55106365548546,8.844057058095204],[112.54659282980468,8.83932683471421]]],[[[112.55598461313105,8.816929791166306],[112.56035625781671,8.81605050305109],[112.56031811037654,8.818328830600068],[112.55598461313105,8.816929791166306]]],[[[112.81163037758189,8.872645341385066],[112.82883466192776,8.856417617883293],[112.84941113999953,8.853754958333424],[112.86254132870147,8.858024557131017],[112.85546125035061,8.866798362373943],[112.81163037758189,8.872645341385066]]],[[[112.88318650764506,9.573212620812505],[112.89485948129828,9.574199673351789],[112.91563432503213,9.594783779080712],[112.91143052710494,9.592552181523128],[112.90435044929386,9.598506925194522],[112.88318650764506,9.573212620812505]],[[112.8969804534035,9.584112163818256],[112.90121476741949,9.585958477344905],[112.89816300915795,9.581500049332645],[112.8969804534035,9.584112163818256]]],[[[112.91603096502935,7.897641566990943],[112.91974647988172,7.891186144896531],[112.92547615644878,7.894026186384675],[112.92282875675967,7.900014784609059],[112.91603096502935,7.897641566990943]],[[112.92005928506892,7.891881373372418],[112.92109688337668,7.893713381785544],[112.92163857010199,7.892268088778803],[112.92005928506892,7.891881373372418]]],[[[112.91645829985333,9.617285726314304],[112.91889970737219,9.617323871990328],[112.91835802023195,9.618692395887187],[112.91645829985333,9.617285726314304]]],[[[112.92919176127872,9.636205671236818],[112.93106859233448,9.63202857726871],[112.93161790883786,9.636335371069816],[112.92919176127872,9.636205671236818]]],[[[112.98246782829045,9.69155311468717],[112.98586290799928,9.68653487953045],[112.99490374072394,9.685900685538352],[112.99951189583939,9.693662640457319],[112.9918672429943,9.697599409290133],[112.98246782829045,9.69155311468717]]],[[[113.22559366923505,8.082391640886076],[113.2313004563542,8.079523940887698],[113.24616251923611,8.089643378624032],[113.32933055657908,8.178143402100837],[113.35746013812866,8.233315371282055],[113.36540996905289,8.267756365835977],[113.36584484617605,8.293276692559179],[113.34908306394702,8.270222569118873],[113.3521348211617,8.250285053402862],[113.34249889516543,8.227578066686487],[113.3056718035737,8.198821925992476],[113.2904282720268,8.176646135998256],[113.27206431658028,8.13353051875675],[113.22559366923505,8.082391640886076]],[[113.26006327706445,8.108455559373715],[113.27928935361548,8.133383652867854],[113.30327617302845,8.185712717223765],[113.34864818706905,8.222948930327412],[113.32485973172842,8.174373528518162],[113.26006327706445,8.108455559373715]]],[[[113.54916404379063,10.277216914236579],[113.55058310910682,10.227614403890353],[113.57609580389656,10.21344184740458],[113.62995170190152,10.213441844740172],[113.65970634219401,10.221945758208797],[113.66679405181428,10.24320411349909],[113.6682131200753,10.278634068738688],[113.66112541406875,10.308395385808659],[113.64978813413818,10.322567941541909],[113.5945207979088,10.323985103821427],[113.56475852789704,10.301309589844623],[113.54916404379063,10.277216914236579]]],[[[113.64574448759103,8.947379992970268],[113.68782060070184,8.95155994502861],[113.71721665951445,8.976744577094632],[113.71279924024135,8.979512139773155],[113.69144456322616,8.96768943940468],[113.66158311220627,8.965466425736144],[113.64723221978329,8.953832553143648],[113.64574448759103,8.947379992970268]],[[113.65658585824374,8.952793047359812],[113.66616074886294,8.95946972171382],[113.69635026405403,8.963508531086429],[113.68864457519159,8.954988405246182],[113.65658585824374,8.952793047359812]]],[[[113.66469591780171,9.211385667237845],[113.67032641006325,9.20360654485172],[113.67144793192112,9.212532936734481],[113.66557329882187,9.214688240819626],[113.66469591780171,9.211385667237845]]],[[[113.76623545240581,7.631459562857427],[113.77843485428473,7.628691522406771],[113.83242045321519,7.63680299669612],[113.84719096129776,7.655785884076062],[113.79572306397715,7.647793619063883],[113.76623545240581,7.631459562857427]],[[113.78067789696959,7.631418077544045],[113.78253183985188,7.637219278383822],[113.79488382980553,7.642321912397049],[113.83978281847396,7.649773922000379],[113.83002482275492,7.638664093188592],[113.78067789696959,7.631418077544045]]],[[[113.80384835585801,7.401052310678931],[113.84113320807404,7.391548943460741],[113.85305032246885,7.394961666310172],[113.8303681322169,7.395366979592687],[113.82694253396733,7.399557901668431],[113.84245309415972,7.407788587830534],[113.86036691369834,7.407689404089175],[113.86490640279739,7.403669666184267],[113.85424813747947,7.395808052377897],[113.85746011348684,7.395876717539207],[113.86983499211486,7.406502079602657],[113.8642731639038,7.411509823888946],[113.84291848777242,7.411914182925631],[113.80384835585801,7.401052310678931]]],[[[113.84445212816415,10.011942838846267],[113.84850333600563,9.998909924006792],[113.85997031718514,10.01027963039988],[113.8571932193895,10.047032332362072],[113.86949943681967,10.121571521095797],[113.8617403429658,10.127869586806332],[113.85694145334394,10.124402980584643],[113.85692619268714,10.099266031571066],[113.84638236806,10.066802956971866],[113.84445212816415,10.011942838846267]],[[113.85070823162692,10.013969395798199],[113.85287498040233,10.027859663326021],[113.85411094156564,10.009104703621196],[113.85070823162692,10.013969395798199]],[[113.85475181395209,10.071007707059108],[113.85805534172226,10.077526071289297],[113.85730766036485,10.067384697853544],[113.85475181395209,10.071007707059108]]],[[[113.89332593096107,8.010542734088567],[113.94144452163889,7.971639014718986],[113.94985974413794,7.947798109426359],[113.96535504511472,7.952736712133223],[113.93685925659636,7.988458970398432],[113.93096173600145,8.015429358706873],[113.90863049691944,8.021363121904379],[113.89878857835488,8.018400056283213],[113.89332593096107,8.010542734088567]],[[113.90300763343726,8.006307464672588],[113.90512097557817,8.012208802588352],[113.91146863208196,8.013711792224326],[113.92606366462702,8.008306364900463],[113.93071759458722,7.985606530104002],[113.90300763343726,8.006307464672588]],[[113.94982159741618,7.957955218122453],[113.95635235831386,7.953376627827281],[113.95330060008847,7.951423979213341],[113.94982159741618,7.957955218122453]]],[[[113.90406816123986,8.819694426095724],[113.91705339057562,8.811350727551297],[113.91933457991348,8.815657522490598],[113.9142381429148,8.817393209499855],[113.92282884252202,8.817611600416514],[113.9160997164318,8.822324659243664],[113.91861741727055,8.827910330111576],[113.9139863744189,8.831726934824426],[113.90406816123986,8.819694426095724]]],[[[113.91561143504835,8.833284285117069],[113.92505662617484,8.824977781655964],[113.94626634358286,8.821935558944443],[113.93930833589968,8.830510999296596],[113.91561143504835,8.833284285117069]]],[[[113.92081468236952,8.810206318929641],[113.92495744340323,8.810245419771466],[113.92402665789162,8.812625791018668],[113.92081468236952,8.810206318929641]]],[[[113.92747514298144,8.807204152473037],[113.93562333633369,8.804782772037024],[113.93231980931299,8.808875942752469],[113.92747514298144,8.807204152473037]]],[[[113.9343949445719,7.653172812058774],[113.94403086892508,7.626683075353863],[113.95580302532542,7.631322223723213],[113.94538127233125,7.63618930169707],[113.94913493546863,7.646539052090014],[113.97269450556495,7.640065509234115],[113.97644816788566,7.645650226395945],[113.96109782708142,7.654286226131647],[113.93827067745488,7.657464346442368],[113.9343949445719,7.653172812058774]]],[[[113.95013444600781,8.798576258301159],[113.9601213230155,8.791646859975273],[113.95581834497854,8.798404597247192],[113.95013444600781,8.798576258301159]]],[[[113.95508586268588,7.629396754864143],[113.95749675054147,7.630145866920993],[113.95687877065264,7.631021817188122],[113.95508586268588,7.629396754864143]]],[[[113.95763414278031,8.824078464927899],[113.96162431549557,8.820162677004399],[113.98297136241142,8.821673296498876],[114.02858751356736,8.80604543206803],[114.0476533701919,8.78582372054634],[114.0566636848902,8.76959599684588],[114.05522935696767,8.764365092913073],[114.06335466368351,8.764634981905727],[114.05744188383636,8.788323299914216],[114.04393785426267,8.794236081672857],[114.03261583417401,8.816067596499181],[113.98910539581018,8.828079127325738],[113.96701066829846,8.828553104554594],[113.95763414278031,8.824078464927899]]],[[[113.95997630508627,7.634175616930503],[113.96170054762786,7.633084136874305],[113.96195231787141,7.637203056663348],[113.95997630508627,7.634175616930503]]],[[[113.96051799194124,7.631577332218007],[113.96229564062754,7.631565410313152],[113.96190654129055,7.632253963345296],[113.96051799194124,7.631577332218007]]],[[[113.96216594080666,7.634691554605187],[113.96737681757278,7.636061984531088],[113.96265422182472,7.636647063907791],[113.96216594080666,7.634691554605187]]],[[[113.96366136196515,8.789709947207129],[113.97009294229355,8.787426851119527],[113.96772020022871,8.791177652812971],[113.96366136196515,8.789709947207129]]],[[[113.9722139142614,8.784583946503146],[113.97904985128021,8.784945389179203],[113.97477739042611,8.787356278747392],[113.9722139142614,8.784583946503146]]],[[[113.97775281109504,7.953213071358595],[113.98570264080824,7.948497150691699],[113.99082196531786,7.955732677424267],[113.98616040489728,7.960680341088827],[113.97775281109504,7.953213071358595]]],[[[113.98678605761857,8.780766387907615],[113.99008195657687,8.779591460630435],[113.99031846712757,8.781440635522712],[113.98678605761857,8.780766387907615]]],[[[113.99246995660363,8.77733411336767],[113.99884813055425,8.770785232049175],[114.00047319184483,8.773532766855153],[113.99246995660363,8.77733411336767]]],[[[114.00050365010325,7.636316614394297],[114.01760875334132,7.642931298829057],[114.02803813723797,7.660528020660265],[114.07052623856168,7.687290982376113],[114.08409130393122,7.711001233482415],[114.12348187005531,7.721444920626123],[114.1401444696291,7.742529706007381],[114.1496125482854,7.746315315426401],[114.15951550266439,7.741247489534524],[114.16090405173144,7.724735571102466],[114.17335522436476,7.716683698180033],[114.18280041394414,7.715473007829327],[114.18350994893886,7.722502540917637],[114.17753613311642,7.72690947072907],[114.17398083570562,7.739657713836442],[114.16537487798156,7.743816687908505],[114.1533585824542,7.760397270742124],[114.12697613523717,7.759836989297771],[114.1052552466367,7.74673398030589],[114.09128582431728,7.729615050413476],[114.0746766318317,7.724793750255764],[114.07035076363661,7.715178328288782],[114.0463944640493,7.697890598061464],[114.03150188310525,7.67769225195981],[114.00572215770822,7.672824223075573],[114.00050365010325,7.636316614394297]],[[114.16221630785803,7.729882074407884],[114.16577923548023,7.73905356095007],[114.17024243183057,7.726010157297687],[114.16221630785803,7.729882074407884]]],[[[114.00314347971816,8.76993073952754],[114.01088731471276,8.769392866511618],[114.01079576247378,8.771029371360347],[114.00314347971816,8.76993073952754]]],[[[114.00611125427532,7.627422169936225],[114.01039897441518,7.626384572113718],[114.01038371541064,7.627751663871231],[114.00611125427532,7.627422169936225]]],[[[114.02076732204091,7.621027306476232],[114.0239106327142,7.62119896694832],[114.02339183434876,7.623195007062261],[114.02076732204091,7.621027306476232]]],[[[114.02791612457888,8.771542447847759],[114.03166215779342,8.770649808454088],[114.02955644476391,8.772728818540427],[114.02791612457888,8.771542447847759]]],[[[114.03031932364706,7.612331224734063],[114.03300487064767,7.612101866767185],[114.0350571782752,7.613723112944775],[114.03031932364706,7.612331224734063]]],[[[114.03235643239282,8.771400349896524],[114.03498094409451,8.770810025443698],[114.03486650285959,8.772401708106134],[114.03235643239282,8.771400349896524]]],[[[114.03648387474013,7.607424570599172],[114.04702769757216,7.598889184589396],[114.0520936160494,7.60270197491563],[114.04844676586075,7.607471776925081],[114.04348765831097,7.60362656161344],[114.03648387474013,7.607424570599172]]],[[[114.05304745380234,10.906576172996703],[114.06935146991964,10.899324431598608],[114.08422878952501,10.900742544777403],[114.09893063427592,10.91160775609585],[114.10198239268192,10.926708235389565],[114.09259823830452,10.938789383841273],[114.0866625683978,10.938742654198592],[114.0733797916795,10.931074159295529],[114.05304745380234,10.906576172996703]],[[114.0652315978171,10.910883918989802],[114.08542660679191,10.933165566128006],[114.0987627882356,10.921088233691338],[114.09595516999897,10.912438407003453],[114.08026150497825,10.90319062710641],[114.07093838466326,10.903895392960779],[114.0652315978171,10.910883918989802]]],[[[114.06091319674019,7.602564167941429],[114.06449138252634,7.598189663639801],[114.07117473278632,7.599598240713117],[114.10020458088916,7.613345931656751],[114.06091319674019,7.602564167941429]]],[[[114.11655437397138,7.615334818563862],[114.11885845094194,7.614000627448983],[114.11807262400663,7.619258235022821],[114.11655437397138,7.615334818563862]]],[[[114.12512983805954,8.088064050226741],[114.12822737210045,8.079070900769072],[114.1354295214723,8.078413818250791],[114.15336622906433,8.097370956686802],[114.13894667398652,8.101692055867607],[114.12512983805954,8.088064050226741]]],[[[114.12603008266973,7.614242383919828],[114.13085186017427,7.615003416308475],[114.12998210911951,7.62082130649968],[114.12603008266973,7.614242383919828]]],[[[114.1385346599086,7.607099362171445],[114.14446269950746,7.599863357187916],[114.15153514944768,7.602259941175622],[114.16809856619601,7.624171562770689],[114.1385346599086,7.607099362171445]]],[[[114.14163228524583,9.401257442632389],[114.14706441400773,9.383466647632247],[114.17608663060184,9.354364318497984],[114.23036977294731,9.323970714625926],[114.23831197333216,9.327895084136978],[114.23924276034708,9.345077434847601],[114.24852773470984,9.369688908702612],[114.22298452324895,9.41287510024978],[114.19001790957296,9.43377201418076],[114.17655202716607,9.438415455116308],[114.16215535979568,9.437022138058456],[114.14775869048336,9.421698498350723],[114.14163228524583,9.401257442632389]]],[[[114.15461743034263,7.725028826568561],[114.15802014107938,7.721113039438489],[114.1598969716266,7.722851587297981],[114.15461743034263,7.725028826568561]]],[[[114.15789049263886,8.738352665959063],[114.17202013120118,8.71246422144858],[114.17103593814518,8.688866501950779],[114.18373124974948,8.664683227312818],[114.20955675244106,8.684548263037094],[114.1988527118423,8.70147216808692],[114.19924944189546,8.730828172416139],[114.16764086008091,8.747928508899346],[114.15789049263886,8.738352665959063]],[[114.17214220198139,8.727729685961533],[114.18232744502741,8.734028704787587],[114.19515245715056,8.72544372756447],[114.19356554147073,8.702259903630754],[114.20193498725979,8.687071685065547],[114.197326832373,8.678515319426102],[114.18554704575824,8.671794776411513],[114.17855089164138,8.683363801009435],[114.17781847201466,8.716750033155774],[114.17214220198139,8.727729685961533]]],[[[114.16853360850784,11.02994825232162],[114.1853564240827,11.023250596316025],[114.18676023224828,11.028095262096588],[114.17722348951497,11.030357378402101],[114.18703489103619,11.034667986373591],[114.18667631004836,11.040699022792953],[114.16853360850784,11.02994825232162]]],[[[114.17546093264937,7.628765411410315],[114.1777650088693,7.621688194109885],[114.18403637129597,7.62250930772222],[114.19220745470501,7.633671588643546],[114.18104564994707,7.633552856383679],[114.17546093264937,7.628765411410315]]],[[[114.17822278013199,7.747741534319254],[114.184951905898,7.734938455860384],[114.19475567737278,7.73389608894037],[114.2133027371888,7.75255234231902],[114.20103467028103,7.763283087196144],[114.17822278013199,7.747741534319254]],[[114.19631207462557,7.753094030618005],[114.19860852323535,7.754257035822516],[114.20143139843626,7.748478723932188],[114.19631207462557,7.753094030618005]]],[[[114.1885226235358,11.043233889051763],[114.19059018946345,11.04105474356354],[114.19162778746573,11.046755808566862],[114.1885226235358,11.043233889051763]]],[[[114.18980419616028,7.647233792246775],[114.1953431362167,7.645045108974037],[114.19237530164479,7.649255105017819],[114.18980419616028,7.647233792246775]]],[[[114.19703686330152,7.658320732893061],[114.20388042882054,7.655838794208321],[114.20083630142918,7.661705322845998],[114.20125591774628,7.656280823132011],[114.19703686330152,7.658320732893061]]],[[[114.20081341858585,7.770237281359035],[114.20501721530343,7.76790936206407],[114.20222485704183,7.771847559847264],[114.20081341858585,7.770237281359035]]],[[[114.20230893971149,11.050843256389788],[114.20574216778371,11.045764939729233],[114.20990781794285,11.054919260422437],[114.20281247993205,11.0545759379241],[114.20230893971149,11.050843256389788]]],[[[114.20299542671077,7.776321723267443],[114.21682751831736,7.76520617043849],[114.22129071493758,7.770101380954975],[114.2184525801346,7.783061816013844],[114.20299542671077,7.776321723267443]]],[[[114.2044373763445,7.676712819794012],[114.20861828422595,7.671924420593667],[114.21403515534854,7.673306771132225],[114.212501647113,7.679398843494631],[114.2044373763445,7.676712819794012]]],[[[114.2078631391688,11.047895449354986],[114.20819120314738,11.047480599455662],[114.20850400915685,11.047968881191599],[114.2078631391688,11.047895449354986]]],[[[114.20803861523913,11.048787133899163],[114.2083819382392,11.048277872247526],[114.20909147268452,11.0489797759921],[114.20803861523913,11.048787133899163]]],[[[114.21518735853252,11.058937090163974],[114.22019987117633,11.05124761400375],[114.23262815592678,11.056275383897843],[114.23026304403007,11.061414735697548],[114.21518735853252,11.058937090163974]]],[[[114.216301085739,7.683860608627016],[114.221016051896,7.679107018308122],[114.22869122320031,7.687466926902625],[114.216301085739,7.683860608627016]]],[[[114.21851373566314,10.21182915492926],[114.22585321419494,10.200664488362126],[114.2290423019039,10.217280356738781],[114.21851373566314,10.21182915492926]]],[[[114.22417462774561,7.797119928963801],[114.23242200179658,7.775255513962059],[114.23902142977234,7.785178972231481],[114.22899640440522,7.796294523646901],[114.23009503792879,7.802974536680687],[114.25026715760454,7.79623062713267],[114.2649537432579,7.801965547718805],[114.26242078560678,7.823962046495101],[114.25612653420829,7.824839904124635],[114.26750196227955,7.840796783334096],[114.27572645099204,7.844420268082517],[114.27708448342422,7.85961420832482],[114.27239240653991,7.871426896131929],[114.2518540733431,7.831985309592939],[114.24994672452307,7.817147089725673],[114.23037732613943,7.808453395927122],[114.22417462774561,7.797119928963801]]],[[[114.23714459323895,7.695423431734306],[114.24317181464087,7.689501114331826],[114.2439576426717,7.695345707908283],[114.23714459323895,7.695423431734306]]],[[[114.24958824003323,9.77115529990564],[114.25649284250274,9.76103967631125],[114.26416801333596,9.764836253193181],[114.25450920130928,9.7805785561205],[114.24958824003323,9.77115529990564]]],[[[114.24963403498647,10.166989292198519],[114.25547815235392,10.158821070517941],[114.25538659954798,10.16895767496131],[114.24963403498647,10.166989292198519]]],[[[114.25388364984356,11.07372762429844],[114.25621061612983,11.068220154968213],[114.26156645153162,11.071305290718229],[114.25886564551368,11.076055542949707],[114.25388364984356,11.07372762429844]]],[[[114.26307690602692,7.691012686835097],[114.26771557734688,7.68355400002298],[114.27435315177425,7.683125799349074],[114.29114545040206,7.706132238550197],[114.28501904594621,7.707551782964689],[114.26307690602692,7.691012686835097]]],[[[114.27118705452666,9.705943999650797],[114.27943442944948,9.700572905809924],[114.28726981877793,9.706119475279634],[114.29241966083383,9.72573941759525],[114.27617667855816,9.706152854335913],[114.2842867254876,9.721559464183315],[114.27395652535743,9.728500305769494],[114.27118705452666,9.705943999650797]]],[[[114.272323835565,9.731210649058797],[114.2813341502933,9.727964340252177],[114.28529380589825,9.737767159621301],[114.27904533213861,9.739337861427773],[114.272323835565,9.731210649058797]]],[[[114.27597832141218,9.852617210918785],[114.28283714611041,9.84855169620181],[114.27911400277411,9.860025352752222],[114.27597832141218,9.852617210918785]]],[[[114.27738981444799,11.045863165565384],[114.29408293005378,11.046517384926231],[114.29452543553981,11.053392423813563],[114.28301267930911,11.058744445159634],[114.27738981444799,11.045863165565384]],[[114.28286771984493,11.048521055959482],[114.28376798911286,11.05131913550061],[114.2889941242705,11.048665060312976],[114.28286771984493,11.048521055959482]],[[114.2839205761921,11.047549261745015],[114.2881472614273,11.047855390459468],[114.28571348388286,11.04731084293655],[114.2839205761921,11.047549261745015]]],[[[114.27918256781882,7.884982900164578],[114.28869642334116,7.879088715483666],[114.29221357453869,7.885324314611786],[114.30477918834572,7.888883903865085],[114.33337416312314,7.933903530762834],[114.38062300460605,7.921889139329926],[114.40346541246903,7.928664517636093],[114.42070021616374,7.930445980411749],[114.42616286244754,7.926875423260989],[114.42879500471437,7.950094056590043],[114.43779006214346,7.961864304571669],[114.46807875947802,7.957861255776068],[114.4737092519782,7.945138284771699],[114.47023787680764,7.934791394923474],[114.4790421995342,7.940104790848224],[114.47956862784844,7.94902832289308],[114.46916976329464,7.961003135673806],[114.45994582434112,7.958636593032677],[114.43905654210523,7.967809987778418],[114.43170943439843,7.964064908566315],[114.4337312235358,7.96921951934841],[114.44285598027328,7.971583200017177],[114.46250167199366,7.966014694160088],[114.44620528551692,7.97720463410653],[114.41880812803626,7.970779731291668],[114.40815749198732,7.959710909839794],[114.40995040006979,7.946128678611974],[114.39210524421841,7.936212374453854],[114.3775636175148,7.933010890140703],[114.36557783919633,7.945734814623654],[114.34825148332416,7.952632264503348],[114.31096662969068,7.928174810626785],[114.30916609231201,7.914818124069147],[114.27918256781882,7.884982900164578]]],[[[114.28081535769839,9.856175369929126],[114.28170036730602,9.854898399776756],[114.28221153692164,9.856773323540892],[114.28081535769839,9.856175369929126]]],[[[114.28176140266322,9.864089913302958],[114.28743767250957,9.866364425667658],[114.28489708454232,9.867554612345744],[114.28176140266322,9.864089913302958]]],[[[114.29087842207072,7.716170138166648],[114.2973176312407,7.711493796123093],[114.31382001249744,7.711498563153967],[114.31730664597659,7.716318433374466],[114.31093610166015,7.722731417044837],[114.29087842207072,7.716170138166648]]],[[[114.29493743693314,11.378743204137447],[114.29995757899268,11.375403435408087],[114.30953246998972,11.379303010427842],[114.30292541354618,11.384989770748254],[114.30773193322185,11.394412073340646],[114.29702789162334,11.391475710603185],[114.29493743693314,11.378743204137447]]],[[[114.30384857099355,11.385390314313097],[114.30473358102637,11.385111840805779],[114.30469543404637,11.385729822270429],[114.30384857099355,11.385390314313097]]],[[[114.31087522863592,11.054929746084719],[114.31571989405795,11.051110280488071],[114.33748655767532,11.05388070397904],[114.32643919366394,11.058124554829906],[114.31087522863592,11.054929746084719]]],[[[114.31572752366901,11.057744992827857],[114.3241885236147,11.063355458778263],[114.3218081518796,11.063840879334263],[114.31572752366901,11.057744992827857]]],[[[114.31719997992612,10.690537444717577],[114.33696774350044,10.696272841136405],[114.33647183275005,10.711585037008717],[114.33087948618673,10.710474960104502],[114.31719997992612,10.690537444717577]]],[[[114.32286095402347,9.887461608665594],[114.32715630265014,9.882363264555483],[114.33639550023926,9.883961623488348],[114.32910179944928,9.891389793486956],[114.32286095402347,9.887461608665594]],[[114.328987357571,9.886103575643586],[114.3300859913416,9.886214202237477],[114.33033013053765,9.88560194296082],[114.328987357571,9.886103575643586]]],[[[114.32613403443081,11.426843676738187],[114.33187133927653,11.426151309318335],[114.3345950340287,11.435133013655701],[114.32613403443081,11.426843676738187]],[[114.32924682806834,11.427471194435759],[114.33361084178013,11.431457553360769],[114.33226806893958,11.428302798157937],[114.32924682806834,11.427471194435759]]],[[[114.33230603676466,7.719628636756603],[114.36277020817484,7.680186570914614],[114.37481702391675,7.711135210108957],[114.38517011325293,7.720337691236909],[114.38140882334613,7.744377437083761],[114.37685407372743,7.748895469557962],[114.37239850816924,7.744859520114027],[114.37307752264844,7.722911658491963],[114.35836041978435,7.711330714336689],[114.35459912656952,7.698512854514224],[114.33585370430825,7.717136684960753],[114.34455884380367,7.712180915172143],[114.34628308735391,7.717803302870149],[114.33730328971464,7.722667996673584],[114.33230603676466,7.719628636756603]]],[[[114.33293168870365,8.529404510011661],[114.3422090316774,8.500548231254777],[114.35251634354071,8.494364606001142],[114.37106340281804,8.498486385280101],[114.37312333909757,8.513945447497317],[114.36900346703673,8.52528177382827],[114.35457628189631,8.53764902465478],[114.34117906380006,8.537649024889182],[114.33293168870365,8.529404510011661]]],[[[114.3397295991045,11.0507478824651],[114.34446745344914,11.046974193038958],[114.34579496806451,11.050460825874133],[114.3397295991045,11.0507478824651]]],[[[114.34219387964171,10.719086639605349],[114.36098507927407,10.725217810707163],[114.35274533283685,10.728456489420306],[114.34219387964171,10.719086639605349]]],[[[114.34391808399936,9.90234274244851],[114.34801506974567,9.90048593806719],[114.3478319634313,9.90342993107921],[114.34391808399936,9.90234274244851]]],[[[114.34717590691739,11.449778590493402],[114.35594208152173,11.449102435105784],[114.36576111335478,11.457664523154497],[114.35469849103167,11.458457027369],[114.34717590691739,11.449778590493402]],[[114.35231048992375,11.451161419153449],[114.35842163521694,11.455560718098804],[114.35630066258305,11.45218184961696],[114.35231048992375,11.451161419153449]]],[[[114.3533327801143,10.376152011847628],[114.361618301664,10.372566194731872],[114.37486293243059,10.381322832765246],[114.36996486122617,10.384022685019193],[114.3533327801143,10.376152011847628]],[[114.35948970140922,10.376393289948977],[114.3682253590765,10.380078287698906],[114.36523463510844,10.375772447955242],[114.35948970140922,10.376393289948977]]],[[[114.36190046370352,7.810302086761054],[114.36752332792948,7.808406181497884],[114.36399091778587,7.812431164243447],[114.36190046370352,7.810302086761054]]],[[[114.36245752692646,10.180436095231748],[114.36521173821347,10.178404769053708],[114.36823297815538,10.178669890980506],[114.36245752692646,10.180436095231748]],[[114.3642962115331,10.179753264541844],[114.36785150949692,10.179427108205974],[114.36717249346096,10.178534468377546],[114.3642962115331,10.179753264541844]]],[[[114.36322044705764,9.778686461076529],[114.37052177871894,9.77580255026254],[114.37303184943777,9.780415472839305],[114.36322044705764,9.778686461076529]]],[[[114.36396802815666,7.777888125297585],[114.36734784927398,7.758475606621924],[114.37293256505511,7.755856339649918],[114.37594617681661,7.76075345710263],[114.37149061119716,7.766293829430531],[114.3719483756654,7.777761286015388],[114.3651734720031,7.781199281945381],[114.36396802815666,7.777888125297585]]],[[[114.36552458525047,11.090081227341285],[114.37301665073944,11.076559078091869],[114.38565855879212,11.090190898853967],[114.37852507456768,11.095274937140942],[114.36552458525047,11.090081227341285]]],[[[114.36952985853048,7.799469298713525],[114.37433637604856,7.786550826401544],[114.37877668450686,7.792546098887641],[114.36952985853048,7.799469298713525]]],[[[114.3774262823044,7.812234707082089],[114.37929548393963,7.805634802596196],[114.38813795202603,7.80097896429852],[114.39896406364875,7.804440801739538],[114.40275587305084,7.811097449002529],[114.39385236965606,7.81612378990514],[114.3774262823044,7.812234707082089]]],[[[114.38201172433219,11.463200602427504],[114.40049011829892,11.453553231768543],[114.4004977483835,11.465188058390591],[114.39565308236683,11.469555887804537],[114.38201172433219,11.463200602427504]]],[[[114.38636040815993,9.89878744297406],[114.39247918164665,9.891534748396417],[114.39957451948668,9.893291415971914],[114.39196801342736,9.902502004163887],[114.38636040815993,9.89878744297406]]],[[[114.3897708183667,11.457452806914015],[114.38986237137739,11.456859621911356],[114.39038117024946,11.457042726334228],[114.3897708183667,11.457452806914015]]],[[[114.3916857964171,11.456470522768475],[114.39238770158285,11.456378015468657],[114.39198334340766,11.456861528325616],[114.3916857964171,11.456470522768475]]],[[[114.39711784973122,9.79837125325788],[114.40015434809526,9.792221960625385],[114.40448021607153,9.797073302025208],[114.40029930815813,9.8015879968554],[114.39711784973122,9.79837125325788]]],[[[114.40301527271603,7.823666876846586],[114.41056837374856,7.818827932564891],[114.42082991076401,7.834333724109332],[114.45018019405435,7.855727976310188],[114.45617689858372,7.868735617291284],[114.45516981891113,7.87806112275601],[114.44935621947667,7.878707713886359],[114.43351759537373,7.857520408086924],[114.41373457400586,7.844851322207367],[114.40301527271603,7.823666876846586]]],[[[114.41033961903233,10.38691040940286],[114.41378810450969,10.386115998172892],[114.41372706979801,10.388228386221815],[114.41033961903233,10.38691040940286]]],[[[114.4171679395181,10.66513250909384],[114.42573574949421,10.661420807348202],[114.42797116312029,10.666989312569283],[114.42134884803609,10.673112855327517],[114.4171679395181,10.66513250909384]]],[[[114.44886794321263,7.964869808822221],[114.4498216187376,7.964056802379507],[114.45076766286066,7.965217422600464],[114.44886794321263,7.964869808822221]]],[[[114.45389571468078,7.962762188587084],[114.45558181086156,7.961420368451286],[114.45575728786801,7.965054821768263],[114.45389571468078,7.962762188587084]]],[[[114.45399499307271,9.91040605500749],[114.46337914857186,9.8973845844582],[114.47415948283432,9.898362100510825],[114.47515893419303,9.904629647145775],[114.46582055589954,9.910942019452865],[114.45399499307271,9.91040605500749]]],[[[114.457016269847,10.678222640946146],[114.46434048761884,10.671330436053855],[114.45993069814143,10.679831490083544],[114.457016269847,10.678222640946146]]],[[[114.45824456255235,9.836194929398898],[114.46022820540338,9.826563771922439],[114.469925165753,9.827875073678895],[114.45824456255235,9.836194929398898]]],[[[114.45834364790817,7.886865920966332],[114.4650041098944,7.882906742151794],[114.48606886956215,7.895778483118355],[114.50278487382982,7.910385436144622],[114.50644698463071,7.919488734647468],[114.48400130522974,7.928239175691064],[114.48754134322611,7.917188949392131],[114.4822846892825,7.904974289220497],[114.45834364790817,7.886865920966332]]],[[[114.47366359443595,10.376671757935844],[114.48018672753582,10.370141949689813],[114.48434474799373,10.374464955373588],[114.47850063205529,10.382517782826442],[114.47366359443595,10.376671757935844]],[[114.47859981412235,10.37594410540152],[114.48047664515566,10.373971906017758],[114.47982051704089,10.373867001740717],[114.47859981412235,10.37594410540152]]],[[[114.48431420583935,9.853732999940528],[114.49365258419358,9.847617085179511],[114.48919701877804,9.855112967205162],[114.48431420583935,9.853732999940528]]],[[[114.48603082195106,9.909790932897803],[114.49372888113027,9.904418884559952],[114.50309014868924,9.907039581233304],[114.50412011714948,9.910858093768287],[114.49331689461627,9.912085473114095],[114.50417352340233,9.915605484618023],[114.50295282055204,9.92205041593846],[114.49338555876797,9.923047006744765],[114.48603082195106,9.909790932897803]]],[[[114.50533318896724,9.869890150107473],[114.51434350465642,9.86633675944203],[114.51562524260332,9.869560178568904],[114.5104067374772,9.873297628174987],[114.50533318896724,9.869890150107473]]],[[[114.51374069457023,8.093292072996832],[114.52310196211401,8.090779140974293],[114.56362930785951,8.101307704107507],[114.60711685904735,8.101712059366823],[114.6196748428975,8.105845283086335],[114.63946549211792,8.08989507822536],[114.62954728042727,8.108836006417768],[114.60234085817028,8.109219384863117],[114.6374284455377,8.12369425212815],[114.66819779448961,8.123721907360661],[114.67548386699123,8.12610704638701],[114.67861191961694,8.132846662559468],[114.70896165212805,8.143788168038395],[114.71319596582634,8.134939976256625],[114.715912031522,8.14174444372573],[114.72210710017711,8.143021413338397],[114.73599259874658,8.142723865514697],[114.75893418838567,8.133654421230736],[114.76442735256408,8.137549226592212],[114.76309983820514,8.130998437525967],[114.76933305332781,8.127784554811704],[114.77502458191645,8.13477975628337],[114.77333085571362,8.125816171047726],[114.7884828337799,8.11939984916083],[114.79794328328663,8.100474181416992],[114.81261460868078,8.112496198875608],[114.80303971955847,8.130527320665458],[114.78300492907101,8.13560659172863],[114.76686113016908,8.159441775867911],[114.74205796859475,8.16093809206062],[114.71352403232432,8.175335715207488],[114.70014207368222,8.171264480487926],[114.67070023804348,8.148837875574744],[114.61634842805371,8.136266541844554],[114.61743180185805,8.129809213403673],[114.61375443361668,8.135215593380263],[114.60286728783008,8.135738208238159],[114.58707443946842,8.127012088509568],[114.57662216888248,8.12813265572592],[114.56535355173106,8.118858172610274],[114.53383652180626,8.117463903688709],[114.51374069457023,8.093292072996832]],[[114.53718582483457,8.105223492424605],[114.54748550851492,8.106091335271348],[114.54312149428425,8.102871730629877],[114.53718582483457,8.105223492424605]],[[114.54447189761943,8.115246610052784],[114.55537430363256,8.115562275277405],[114.55182663405289,8.113673046089978],[114.54447189761943,8.115246610052784]],[[114.59972397562652,8.12434561351645],[114.61113755112348,8.124466730151484],[114.6159211809432,8.119903397026413],[114.60378281403233,8.116556954479973],[114.59972397562652,8.12434561351645]]],[[[114.51400018473643,9.934092462126824],[114.52259088308286,9.923840462310348],[114.52129388619822,9.930475174472441],[114.5247652605333,9.930564819301983],[114.52448297271337,9.924330650656318],[114.52922845650376,9.92320626774587],[114.5305941181908,9.935995042039703],[114.5265200222425,9.940998971187069],[114.51686883793876,9.940418183767772],[114.51400018473643,9.934092462126824]]],[[[114.52716855620245,10.71123789109223],[114.53540830230364,10.706574423220871],[114.53846006086911,10.714903815418609],[114.53035001478422,10.7178211053601],[114.52716855620245,10.71123789109223]]],[[[114.52761102345663,9.893263754267116],[114.53349328556581,9.882823880376222],[114.53507257140578,9.891517576323116],[114.53120446801692,9.896618780071849],[114.52761102345663,9.893263754267116]]],[[[114.547455082354,9.961623132363265],[114.57165552268027,9.957266747160824],[114.57793451508293,9.960357605238967],[114.57617975453809,9.969083725558164],[114.57176233417744,9.969302116380465],[114.547455082354,9.961623132363265]]],[[[114.56100488478421,9.904328282579282],[114.56582666166007,9.897072727485787],[114.56497980037119,9.90606397028128],[114.56100488478421,9.904328282579282]],[[114.56330896166959,9.902600224595911],[114.56441522402945,9.902282651375051],[114.56462121747472,9.901134427200615],[114.56330896166959,9.902600224595911]]],[[[114.5743334605958,10.404921496331342],[114.58788326613985,10.403126680708437],[114.59098843108315,10.412540400257647],[114.58166530935368,10.412087405711697],[114.5743334605958,10.404921496331342]]],[[[114.58465601245328,9.976891457390325],[114.59092737436423,9.96990197815934],[114.59649683253096,9.977447448766487],[114.59343744631276,9.983135162366517],[114.58465601245328,9.976891457390325]]],[[[114.58483152511333,10.771860108397068],[114.59378843465576,10.76920984676342],[114.59174375721393,10.775749192306543],[114.58483152511333,10.771860108397068]]],[[[114.59304071405008,9.906205112518633],[114.5979311559242,9.899635249753992],[114.6034624681938,9.909992152615823],[114.59537530897242,9.914277965842766],[114.59304071405008,9.906205112518633]]],[[[114.60324884383188,9.884053163834553],[114.60712457598089,9.878464632068793],[114.60965753493092,9.880492143122053],[114.60566736151743,9.886999063600657],[114.60324884383188,9.884053163834553]]],[[[114.61022974506999,9.995543419675181],[114.62930323182493,9.992878852204367],[114.65774561627705,9.997112211613803],[114.66120173131924,9.990180905654892],[114.65636469386634,9.974436696450528],[114.65818811914002,9.956808025067499],[114.67480494322601,10.002475675892166],[114.67111231655782,10.007575926193567],[114.65794398102608,10.007296500171854],[114.61022974506999,9.995543419675181]]],[[[114.62881501314217,11.356919305961151],[114.63050873733992,11.342498794563332],[114.64211304609532,11.33087636475275],[114.66021759921712,11.297179234121037],[114.69303162430954,11.276499757221572],[114.71771271717894,11.273653992235609],[114.73909028138283,11.28227043949836],[114.75944550878162,11.317049988984731],[114.75689729176585,11.334015855786497],[114.70685609398781,11.396787658572247],[114.68055756936779,11.40018083423737],[114.65510590885823,11.39424325762876],[114.63220246451591,11.37049104527534],[114.62881501314217,11.356919305961151]]],[[[114.63314839099662,8.83193670817621],[114.64069386227442,8.82631575171694],[114.65014668277976,8.83185946036718],[114.6752245041896,8.850232949875073],[114.68522664166639,8.867478243371965],[114.6626360038711,8.86931502039783],[114.63858815065146,8.86054312510762],[114.63314839099662,8.83193670817621]],[[114.6402055813423,8.83675371782517],[114.64100666806205,8.846982828915149],[114.64955921988697,8.857141368001246],[114.66992970452081,8.8606356293198],[114.67427082970497,8.855548730663367],[114.64404316602999,8.832671990786354],[114.6402055813423,8.83675371782517]]],[[[114.65111557776727,8.075638599886815],[114.65802780868142,8.068175144772185],[114.7075273223171,8.07405454395636],[114.74131791154326,8.068272414933826],[114.77352921760792,8.080320181743636],[114.7925569295757,8.094456496575916],[114.7880021815729,8.099164786940037],[114.7710420359316,8.085151495559844],[114.73817460228359,8.07465154229668],[114.71770493529984,8.079951112504585],[114.65111557776727,8.075638599886815]]],[[[114.6826174588699,10.336049035489276],[114.69313839482464,10.348208382934216],[114.69602993366296,10.327180816253225],[114.68384578978811,10.312391235225466],[114.68579128542927,10.306145621487875],[114.70545986587219,10.32068152549404],[114.70064571877624,10.344842866256835],[114.7204134818687,10.375102953547755],[114.69030025962901,10.354869799487263],[114.6826174588699,10.336049035489276]]],[[[114.69405395139201,11.005432122868037],[114.70335418354034,10.99495982399095],[114.70280486800839,11.003213875634573],[114.69405395139201,11.005432122868037]]],[[[114.7971804876535,11.145198819401491],[114.80377228476718,11.142973896709812],[114.80056031053049,11.15374469560005],[114.7971804876535,11.145198819401491]]],[[[114.87105590479167,10.856513000980506],[114.87689239242751,10.854016280840655],[114.89794189306485,10.863930678508634],[114.92346984842871,10.864582990397155],[114.93734008978547,10.906544662223913],[114.93516571325613,10.908633209582618],[114.91860229518348,10.88200471495272],[114.8961795031567,10.865443206970086],[114.87105590479167,10.856513000980506]],[[114.91477996704377,10.871862388952469],[114.91848022433362,10.875111556407244],[114.91897613469273,10.872461295061871],[114.91477996704377,10.871862388952469]]],[[[115.01589234671833,11.074882490813044],[115.02204926854765,11.069237692329883],[115.02709992857027,11.081889137125222],[115.01589234671833,11.074882490813044]],[[115.01912720925162,11.07420252208964],[115.02429231078555,11.0765762170473],[115.02042420765942,11.071572287363978],[115.01912720925162,11.07420252208964]]],[[[115.17086048781675,8.376765071886883],[115.19960041615212,8.347264107268598],[115.24832936134655,8.348101430872637],[115.26662464982677,8.340442471819733],[115.28221150414684,8.353096776177694],[115.26740284927133,8.363896185620161],[115.24848957904763,8.3590238640842],[115.21833058219076,8.364784059073514],[115.19676991332518,8.385680972128077],[115.17086048781675,8.376765071886883]],[[115.18491383318666,8.369636355304452],[115.1950914456691,8.375747500454779],[115.22242756652716,8.35364132671637],[115.20150013581484,8.351781662411453],[115.18491383318666,8.369636355304452]],[[115.26029988259855,8.3552043966695],[115.27430745121596,8.350560001896499],[115.26606770451698,8.34607677912964],[115.26029988259855,8.3552043966695]]],[[[115.28069334325406,10.19701663727753],[115.29025297369067,10.170356670018958],[115.3132708581434,10.178803363060856],[115.33117704869608,10.201067844464067],[115.31003599536635,10.196238438100625],[115.28484373413353,10.211088102774127],[115.28069334325406,10.19701663727753]],[[115.28658323560195,10.194901386905132],[115.29509764036449,10.197220723088817],[115.31594114677713,10.187293925008332],[115.30175047150621,10.178064265275612],[115.29498319968192,10.178797641498974],[115.28658323560195,10.194901386905132]]],[[[115.29396848976153,10.195062558047878],[115.30099516223532,10.18582240660125],[115.30963163690387,10.188546100571514],[115.29396848976153,10.195062558047878]]],[[[115.36087828474581,10.243307034936306],[115.37328368146228,10.2453183330719],[115.3786471457402,10.255382458105721],[115.3657763563576,10.255701939679067],[115.36087828474581,10.243307034936306]]],[[[115.42539240742869,9.378420696973611],[115.43769099050027,9.350566728473304],[115.45229365218151,9.348193985407585],[115.46739222515745,9.360750062023069],[115.45035578967389,9.419583188830204],[115.42539240742869,9.378420696973611]],[[115.43145014708412,9.376957759345457],[115.44443537837334,9.40235792231401],[115.45096614098391,9.405746327232663],[115.45957972449578,9.360458238054733],[115.45162226611528,9.353157861164705],[115.44360377160632,9.35396467045557],[115.43145014708412,9.376957759345457]]],[[[115.4985506993274,9.903102769680876],[115.50047330682231,9.893422973674282],[115.50666074613166,9.89363182869874],[115.50382261155669,9.905280006956946],[115.50709562157805,9.915741815963269],[115.51956968326468,9.925581826399274],[115.5671999941418,9.917373549084953],[115.57427244315883,9.90955818703294],[115.57502775328454,9.900479207598094],[115.55869321858066,9.881297002106756],[115.54955320305518,9.87728394031991],[115.52230100505484,9.881202589929748],[115.52493314582334,9.876426588475415],[115.5476992595997,9.871540913468076],[115.56655912359052,9.88322533087283],[115.58301572934988,9.903752217915052],[115.57794218268423,9.91851700481445],[115.56671934411096,9.925588500924006],[115.51622800886452,9.933956995400454],[115.50289182606559,9.92264355742253],[115.4985506993274,9.903102769680876]]],[[[115.50280790123291,9.89090336603484],[115.51192502777847,9.878393065241323],[115.5211947421184,9.878963362622883],[115.50280790123291,9.89090336603484]]],[[[115.53228018780737,8.508305360563254],[115.53305838531895,8.507334519409522],[115.53396628373024,8.509280968487722],[115.53228018780737,8.508305360563254]]],[[[115.70108064218243,10.487693707173735],[115.71305116215885,10.477566638368183],[115.72473176709532,10.505103985631001],[115.7357638715145,10.505238453179745],[115.72938569758035,10.516061703588186],[115.73217805670045,10.521758954490393],[115.73762544329452,10.509730259008096],[115.7511905086443,10.51818553564113],[115.76430543802215,10.518100658223052],[115.77754243758216,10.505889811390196],[115.76800569190473,10.475278770777628],[115.78825410671564,10.474915420458457],[115.77788575848469,10.46463767179556],[115.755073868057,10.456703101791188],[115.72444947703306,10.467279352121933],[115.7176135399601,10.47825233014192],[115.71319611944293,10.474122920191983],[115.73136933783736,10.458478845294442],[115.74255402998817,10.454965507548447],[115.79052766524343,10.453954611178323],[115.8029788401703,10.506061471299754],[115.80429109714744,10.53887073061589],[115.78793367504186,10.540945926605707],[115.767509784883,10.532649914622883],[115.74429353583596,10.539194982328999],[115.73228486859651,10.536843221904835],[115.70108064218243,10.487693707173735]]],[[[115.80528292693894,10.73121731496163],[115.81595644801307,10.682158397031035],[115.83583865118187,10.685135767758503],[115.83325991687649,10.706159519796048],[115.82460055409051,10.710083890652614],[115.83156619171913,10.712534833780905],[115.83202395586657,10.719241070938166],[115.81475100605392,10.725805212543364],[115.8191226498718,10.73033325765985],[115.81540713525561,10.754739692167584],[115.8238452460233,10.758706978663042],[115.82180056839157,10.761825493325953],[115.82896457076102,10.761493614462772],[115.81837497090302,10.785018854155304],[115.82373080588819,10.78303330376012],[115.82641635376928,10.789936952218934],[115.84751162991043,10.78589337213661],[115.8584826990158,10.775085379919387],[115.85133395704477,10.771746565997105],[115.8551715414416,10.766112258682366],[115.86222873197792,10.773218085612614],[115.86444125711873,10.786666801511512],[115.86113773032592,10.787033966459717],[115.86724887483948,10.788003853166106],[115.86536441324446,10.773482253278337],[115.87201724500171,10.757204938917004],[115.85902438536104,10.753917623954816],[115.85845981010341,10.742653776046009],[115.87066684002225,10.71964352004395],[115.87913546929039,10.726301119953169],[115.88369784639168,10.710985109655105],[115.87431368994328,10.68821041191723],[115.88469729568865,10.6792601779087],[115.87850222658773,10.66622344966568],[115.88191256676339,10.663984222420602],[115.90066562060191,10.698599739185598],[115.88857303027498,10.71983711518547],[115.8698047227949,10.790592125734372],[115.84990726163753,10.805959635321718],[115.83710513755301,10.827717715972286],[115.82877383809007,10.824421818156047],[115.80921969774323,10.78993790716856],[115.81356082221114,10.76242535500778],[115.80528292693894,10.73121731496163]],[[115.82601199626646,10.815170222394206],[115.8260425144009,10.815107281224243],[115.82629428474287,10.814571316088836],[115.82601199626646,10.815170222394206]],[[115.8264163544832,10.817704136206943],[115.82688174819607,10.818297321235475],[115.8265231664203,10.817836697222308],[115.8264163544832,10.817704136206943]],[[115.82735477104777,10.818869526311522],[115.82815585662169,10.819729739889185],[115.82777438680817,10.819314891940312],[115.82735477104777,10.818869526311522]]],[[[115.81821474881563,10.676368639775962],[115.82354006531409,10.654525682278871],[115.82001528390441,10.613676948239725],[115.82641634466019,10.59453574928268],[115.84561953240686,10.616404455235452],[115.85843691741995,10.642591399400143],[115.85762057254507,10.645746153965767],[115.8496936310506,10.635911864909847],[115.84639773123328,10.637457771136013],[115.83606753167993,10.65579216102903],[115.84117159807323,10.665981217747959],[115.8364337434622,10.674811288513723],[115.81821474881563,10.676368639775962]]],[[[115.84117918602283,9.765301575228714],[115.8509219232141,9.75209127742555],[115.84901457422285,9.73635565103298],[115.85399656725164,9.710900173832307],[115.84635954085574,9.677422389391696],[115.84684782218267,9.656207901799252],[115.85222654555331,9.659210069418338],[115.86954527321929,9.695094927412246],[115.8938601591399,9.77785860299245],[115.88092070410437,9.748222219460336],[115.87854796057,9.725518093648786],[115.85740690571548,9.684049471637245],[115.86148863351342,9.722967969565962],[115.85633116350286,9.73853002802302],[115.85852080002397,9.757020819954713],[115.85153990488523,9.770135751019088],[115.87508421939651,9.802415720049021],[115.89142638270285,9.79531752033345],[115.89347868915766,9.779044020896418],[115.900863943355,9.789693702089599],[115.89865904869768,9.796695579610084],[115.88696318709675,9.805918565313844],[115.87239867267516,9.807103029461745],[115.85960417634328,9.799616685870802],[115.84117918602283,9.765301575228714]]],[[[115.86090121137183,10.647041243843738],[115.87106356632417,10.647726935434159],[115.87812838571813,10.660930556902361],[115.86090121137183,10.647041243843738]]],[[[115.8956378579036,10.88141053501887],[115.91208683194017,10.87998669803402],[115.92539249714193,10.8934087100905],[115.908180582853,10.89750092859775],[115.9000171311974,10.91960614740376],[115.8956378579036,10.88141053501887]]],[[[115.89955166578531,9.31222232233624],[115.90527371107498,9.30785735361961],[115.94656399596363,9.308740455164376],[115.96598080632002,9.316952543388734],[115.95932034516694,9.323693114647595],[115.9296648874746,9.324400742560748],[115.89955166578531,9.31222232233624]],[[115.92366818260892,9.315644103971325],[115.95579556418083,9.318071203764793],[115.94614437949079,9.312331992221711],[115.92366818260892,9.315644103971325]]],[[[116.08904301370589,10.806917114672919],[116.08987461713699,10.800785941141678],[116.09532963411091,10.79850856667691],[116.09288822876289,10.813934249912814],[116.08904301370589,10.806917114672919]]],[[[116.14265473989641,10.120161889363908],[116.15261110017508,10.114232895629623],[116.14875062727323,10.123165962890155],[116.14265473989641,10.120161889363908]]],[[[116.15950046567787,10.609261421466208],[116.16767917696036,10.604583647680151],[116.18057285437418,10.608062651033505],[116.20801578895271,10.64275827732255],[116.1795047423283,10.682465464935555],[116.17353855719233,10.728911314724776],[116.16282688626424,10.714697752987064],[116.16729008185851,10.689116390430607],[116.15950046567787,10.609261421466208]],[[116.1638415966532,10.715041075789797],[116.17166172569465,10.71476450896675],[116.16731297008793,10.711505804452267],[116.1638415966532,10.715041075789797]]],[[[116.16127044005616,9.587014044358003],[116.17277556692456,9.585896337055644],[116.1746523985466,9.599085653739255],[116.16918975244651,9.599572981239675],[116.16127044005616,9.587014044358003]]],[[[116.17782627762968,10.73421088295342],[116.1847079916132,10.729851637400031],[116.18998753356131,10.73896971788149],[116.18943058843469,10.758635437247843],[116.20001255941564,10.774182236812546],[116.19702946704125,10.789071955170941],[116.20957982196025,10.801865496199708],[116.2085956303603,10.815006175175103],[116.19239842491575,10.79252711759739],[116.18546330399968,10.769145883172179],[116.18624913132216,10.755106842562146],[116.17782627762968,10.73421088295342]]],[[[116.20712315151722,10.673275857843644],[116.21139561282186,10.670356660877777],[116.21240269277229,10.672628312536865],[116.20712315151722,10.673275857843644]]],[[[116.21585881527079,10.822296062367345],[116.22483098319024,10.817664064012247],[116.22959172702208,10.839409747390649],[116.22131383280214,10.835863986903327],[116.21585881527079,10.822296062367345]]],[[[116.21831547623101,10.736144934004153],[116.22973668084309,10.735717686066929],[116.22201573268552,10.743012342138302],[116.21831547623101,10.736144934004153]]],[[[116.2265323627734,11.37821192794901],[116.24166908064834,11.350102375760525],[116.25032081425043,11.345777461652162],[116.27842750406116,11.341452547627217],[116.31086006382841,11.363075204181856],[116.34978523836637,11.451728773297505],[116.35842934609016,11.512272791078002],[116.34978524180836,11.527408556856201],[116.31302681814402,11.52957053882363],[116.27842751118264,11.510109859871749],[116.24815407112395,11.462540584512345],[116.2265323627734,11.37821192794901]]],[[[116.23398625886273,10.856992642608327],[116.23641240661387,10.851412693361157],[116.24843633293287,10.8459843780114],[116.25055730358758,10.84863940756036],[116.24082982627692,10.861751476707099],[116.23398625886273,10.856992642608327]]],[[[116.24008214708337,10.880179326629671],[116.24288976382452,10.874276082198646],[116.2531436700494,10.876494328420641],[116.24810064081413,10.891200940635391],[116.24008214708337,10.880179326629671]]],[[[116.24989354446336,10.783965025839533],[116.25927007020121,10.776158246985219],[116.25473820924833,10.785875235424323],[116.24989354446336,10.783965025839533]]],[[[116.25419652320569,10.803588783558446],[116.26892125529663,10.794931327554595],[116.27623021581994,10.7959479439551],[116.26972997203225,10.812566673390185],[116.2617114781125,10.813012039915646],[116.25419652320569,10.803588783558446]]],[[[116.26456478330158,8.872040547128572],[116.27632930994376,8.868040836665443],[116.2892306164193,8.871936595157718],[116.29125240727497,8.877837931989765],[116.27739742523319,8.872319972296857],[116.27347591650988,8.877755916706839],[116.279297146224,8.904140270999436],[116.30269649965169,8.90693072259396],[116.2890704003709,8.880174434593851],[116.29182461076411,8.878156459295466],[116.31153896941838,8.911603726262992],[116.27854183575609,8.912316122340027],[116.26456478330158,8.872040547128572]]],[[[116.28252446690723,10.818354523092191],[116.28746831426848,10.805304442164761],[116.31285894111869,10.81792536750046],[116.34304845657222,10.817924413820121],[116.35051763452445,10.824408444574479],[116.34313237993118,10.831417950989726],[116.29331243257826,10.8350705269421],[116.28252446690723,10.818354523092191]]],[[[116.29480770494052,8.883541858609552],[116.29554775628834,8.882757938636077],[116.29605129694114,8.884750163216479],[116.29480770494052,8.883541858609552]]],[[[116.32354766425075,9.496046853241529],[116.3265917918846,9.48530371161281],[116.3366168177978,9.480150054778301],[116.36057311600105,9.478865455001944],[116.39019805650544,9.482304402552456],[116.4089282218907,9.493474789310163],[116.42417175358025,9.514095135588589],[116.43419678063606,9.53858072617658],[116.42897827506759,9.56049234884725],[116.40240509466642,9.587993457810192],[116.39281494503207,9.590572192569912],[116.38323242431291,9.585846737579118],[116.36275512728632,9.558779552195087],[116.3588336164744,9.523120713504257],[116.35447723216238,9.516675781907143],[116.32615691769733,9.502922845437213],[116.32354766425075,9.496046853241529]]],[[[116.3535693928314,10.841036711880994],[116.36034429454541,10.833581837688667],[116.3598941614374,10.839850339940691],[116.3535693928314,10.841036711880994]]],[[[116.36989629994636,10.889550125910132],[116.37516058214452,10.865590964239637],[116.39097631727606,10.858553800046254],[116.39833868300069,10.874785337707381],[116.39618719494494,10.8932236788905],[116.37558019963058,10.900596536310909],[116.36989629994636,10.889550125910132]]],[[[116.40537292085445,9.431288544329458],[116.40930205881858,9.421384636314363],[116.41681701307823,9.420701805448916],[116.42556792893909,9.429452720800118],[116.42769653071565,9.441319290963014],[116.42065459966167,9.446142975867808],[116.40537292085445,9.431288544329458]],[[116.40930205930678,9.429409806073219],[116.4124606301595,9.436879937852947],[116.42193633821421,9.440167252391628],[116.41860992175768,9.426037613200368],[116.4128878749761,9.424287621299106],[116.40930205930678,9.429409806073219]]],[[[116.40564764487759,10.908605492467403],[116.4303211065455,10.87640181424929],[116.44126928865886,10.877282055900242],[116.45986975421262,10.893309506560387],[116.45706976624612,10.906003866038828],[116.44200934182527,10.902803335907647],[116.40564764487759,10.908605492467403]]],[[[116.41739686407342,9.792301025452712],[116.41915925363793,9.771886672080496],[116.42408784243231,9.767051542047373],[116.4294970837109,9.770572507463289],[116.42543061621214,9.783129538319397],[116.42803987004078,9.792393530691944],[116.43801911818383,9.795380438825655],[116.43839295909586,9.788988912872892],[116.44224580360287,9.789309347633784],[116.45053132635974,9.79896148532073],[116.4783099524387,9.78569968828728],[116.48470338508459,9.787439189810394],[116.47859224082706,9.802917326598191],[116.46324952836792,9.808313216011536],[116.45526155154423,9.808064307885843],[116.4426577910748,9.798180426805319],[116.42098267950611,9.797695961466408],[116.41739686407342,9.792301025452712]]],[[[116.42668946523767,9.767435873796208],[116.42922242432705,9.765532339288223],[116.42974885358717,9.767178381144925],[116.42668946523767,9.767435873796208]]],[[[116.42736085353661,9.787711943250343],[116.42914613126166,9.787511672351249],[116.4287494038856,9.788717116818841],[116.42736085353661,9.787711943250343]]],[[[116.42771943541416,9.785456503126053],[116.42903932019529,9.784603919439764],[116.42942079058842,9.785510862962388],[116.42771943541416,9.785456503126053]]],[[[116.42786439328265,9.781968915826777],[116.4321597423205,9.779873694244046],[116.436920484334,9.784886205967442],[116.43177827264816,9.78748210856839],[116.42786439328265,9.781968915826777]]],[[[116.43072541576608,9.763628804548421],[116.43287690473285,9.763582074601196],[116.43254884106176,9.764778936260239],[116.43072541576608,9.763628804548421]]],[[[116.4314959847163,9.767716252914125],[116.43374665573357,9.767451131040774],[116.43231232998795,9.768644178538752],[116.4314959847163,9.767716252914125]]],[[[116.43319733953068,9.762307965982272],[116.43598969736355,9.762733305020289],[116.43466981232878,9.76375945736131],[116.43319733953068,9.762307965982272]]],[[[116.4342044206223,9.789283598283726],[116.43636354013555,9.789304579570693],[116.43560059982818,9.790808524827986],[116.4342044206223,9.789283598283726]]],[[[116.43737061804545,9.754683339379026],[116.4491198858851,9.753595195505108],[116.43981965362984,9.757741772195295],[116.43737061804545,9.754683339379026]]],[[[116.44712098429618,9.750535808415691],[116.45419343367163,9.747528872559574],[116.45450623893272,9.749935946872062],[116.44712098429618,9.750535808415691]]],[[[116.45722990619882,9.168956564804795],[116.46604185644091,9.157962605067283],[116.48138457026478,9.166350170811478],[116.46987944289947,9.17400722347906],[116.45803099216681,9.17306117838352],[116.45722990619882,9.168956564804795]],[[116.46182280124071,9.166744992974726],[116.46663694948406,9.170643614307076],[116.47546416018653,9.167452618408882],[116.46772032349709,9.161652371328985],[116.46182280124071,9.166744992974726]]],[[[116.45732911516603,9.742334208383273],[116.45764191940981,9.740119776670147],[116.46141847002308,9.742270312437567],[116.45732911516603,9.742334208383273]]],[[[116.45883973438328,9.738642534899896],[116.46399720585006,9.7296255437662],[116.46348603602927,9.73871692095859],[116.45883973438328,9.738642534899896]]],[[[116.46502722601456,10.908019933659729],[116.46950567965139,10.898313435204564],[116.47608221905796,10.902146252450079],[116.47347296564611,10.907458219071287],[116.46502722601456,10.908019933659729]]],[[[116.46704133344323,9.723845322549117],[116.47256501530386,9.71926482408565],[116.47507508572966,9.721537430818955],[116.46704133344323,9.723845322549117]]],[[[116.46979557027146,10.307223196605719],[116.47412906726987,10.297880049327224],[116.4931872948901,10.285491817310037],[116.5125506990374,10.29051672676086],[116.52578769956466,10.303319804904657],[116.4975665702449,10.342206832258642],[116.48578678366596,10.335199233901221],[116.46979557027146,10.307223196605719]]],[[[116.47740205113934,9.713776427635317],[116.48526795717336,9.705620604805743],[116.48973878248223,9.70894892787765],[116.47740205113934,9.713776427635317]]],[[[116.47991217497413,10.910747441828681],[116.4836276903327,10.90570155025807],[116.49012793534874,10.913082036190012],[116.48366583779723,10.915029439449341],[116.47991217497413,10.910747441828681]]],[[[116.48097261082935,9.78332027123628],[116.49102052344122,9.773799738835203],[116.48809083671183,9.78337176908861],[116.48097261082935,9.78332027123628]]],[[[116.4901126221141,9.705945807873487],[116.49578126263793,9.701228934685725],[116.50474580223847,9.705454663885677],[116.51775392056496,9.728816825444357],[116.5305026407515,9.73066027727719],[116.56176790057921,9.721454456187267],[116.56815370327624,9.713860347769916],[116.58763917697566,9.71514208542027],[116.60090669478218,9.707277132275202],[116.61236604653344,9.711052728979785],[116.60227998686828,9.73055250880173],[116.58155092218934,9.741927938399986],[116.54447206285973,9.740545111273176],[116.52687867776099,9.746978599720732],[116.51773103317885,9.744530517677877],[116.51549562059502,9.730666953362537],[116.50626405203244,9.716195898452728],[116.4901126221141,9.705945807873487]]],[[[116.49472840948442,9.77038463165414],[116.49803956677533,9.765571435980734],[116.50034364375398,9.76779349681552],[116.49472840948442,9.77038463165414]]],[[[116.49741398307032,10.352744933928278],[116.508888592064,10.352711555695137],[116.50408207361245,10.364226219838912],[116.49741398307032,10.352744933928278]]],[[[116.50239595029578,9.760726770630255],[116.51461824018887,9.748891669998555],[116.5215381021959,9.752524216475184],[116.51927217226925,9.758695442985792],[116.5067065586613,9.765156587743265],[116.50239595029578,9.760726770630255]]],[[[116.5065768857512,10.368092415518953],[116.52523075660483,10.37518203073104],[116.52033268703583,10.397266268010824],[116.51013981526481,10.390786051401783],[116.5065768857512,10.368092415518953]]],[[[116.5212863609899,10.402852892224505],[116.53514897160824,10.405239939055683],[116.53101384017656,10.417349695727282],[116.5212863609899,10.402852892224505]]],[[[116.5311359053088,10.303584926786328],[116.53411136885971,10.302790516039392],[116.53353153517682,10.304581515557835],[116.5311359053088,10.303584926786328]]],[[[116.53189885042491,10.420177341006589],[116.54088627761895,10.418476938638415],[116.5400012676183,10.425591350211702],[116.53189885042491,10.420177341006589]]],[[[116.53729282739019,10.305666797778096],[116.53884922348814,10.303624980458169],[116.54099308343214,10.306559436628739],[116.53729282739019,10.305666797778096]]],[[[116.54035984947527,10.44155299808359],[116.54339634889374,10.436733127542201],[116.54492985768161,10.442149998157168],[116.54035984947527,10.44155299808359]]],[[[116.54389989002878,10.451723934707942],[116.55867802758672,10.45183742172602],[116.5467838019951,10.456285359941955],[116.54389989002878,10.451723934707942]]],[[[116.54978215363886,10.462920071879784],[116.55651128025765,10.462853314490278],[116.55244481183436,10.46538245894255],[116.54978215363886,10.462920071879784]]],[[[116.55063663960988,10.312349193887929],[116.55704533098637,10.311664454575602],[116.55495487637683,10.317331188117807],[116.55063663960988,10.312349193887929]]],[[[116.55236089100646,10.502619627981263],[116.55780827886616,10.494482878353788],[116.56744420399843,10.492335204497858],[116.57225072418578,10.504186514507184],[116.56858098456239,10.512967948572916],[116.55957829901449,10.515646820634142],[116.55236089100646,10.502619627981263]]],[[[116.5600055362985,10.321950786923265],[116.56376682785668,10.312930934524735],[116.57013737239197,10.314154497718812],[116.56638371078303,10.32551180552079],[116.5600055362985,10.321950786923265]]],[[[116.5665820838129,10.5251940542496],[116.57532537086307,10.522974853972222],[116.58208501450221,10.52952468906808],[116.57854497535227,10.537998086484148],[116.5665820838129,10.5251940542496]]],[[[116.58325994222422,10.544198877025227],[116.58799779568393,10.537030106381362],[116.594086052837,10.538335685803483],[116.58982122164535,10.546788102817024],[116.59942662976194,10.552792435432346],[116.59162938909896,10.556446916192444],[116.58325994222422,10.544198877025227]]],[[[116.58994328570778,10.399150725452344],[116.59116398852784,10.397669668856148],[116.59257542687061,10.399728652168145],[116.58994328570778,10.399150725452344]]],[[[116.59359776291062,10.329973093619845],[116.59753453024527,10.32652365374779],[116.60594212318877,10.32962595504567],[116.59359776291062,10.329973093619845]]],[[[116.60257756424461,10.41400801881459],[116.60636937349355,10.411587592065688],[116.60668217838194,10.414901610199442],[116.60257756424461,10.41400801881459]]],[[[116.60528600564064,10.567664032999849],[116.61734044909988,10.56310546929396],[116.62237585044512,10.565832023955453],[116.6143955036504,10.574716455430082],[116.60528600564064,10.567664032999849]]],[[[116.6180881403992,10.798027892930046],[116.62160529145854,10.789101501706979],[116.64068640754519,10.773010152422184],[116.65884436687195,10.770654575570644],[116.67568244106644,10.776403324037696],[116.6602710643108,10.793560880832402],[116.6355365667795,10.807331940273231],[116.63129462391312,10.823857209499433],[116.62471045624672,10.82351293318306],[116.6180881403992,10.798027892930046]]],[[[116.621597641165,10.336459985691535],[116.62230717564769,10.33348642932583],[116.62554203913945,10.337756029324641],[116.621597641165,10.336459985691535]]],[[[116.62197912264247,10.581074602253686],[116.62883794812112,10.575763588950842],[116.62758672750056,10.581527596654478],[116.62197912264247,10.581074602253686]]],[[[116.62696874062118,10.446235535336996],[116.63296544455187,10.443801757960829],[116.6300967930899,10.44834506254647],[116.62696874062118,10.446235535336996]]],[[[116.6288455888466,10.831833741606774],[116.63537635023032,10.829171083045482],[116.6406253736679,10.832835099499977],[116.63451422889376,10.837291620504326],[116.6288455888466,10.831833741606774]]],[[[116.63407935373569,10.841294191835503],[116.64353217442235,10.83626737357703],[116.6468891072535,10.84244718342115],[116.64102210353768,10.848644159799102],[116.63407935373569,10.841294191835503]]],[[[116.63572728109388,10.34025942410089],[116.63692509576319,10.333839288646027],[116.64032780646293,10.338435998641142],[116.63572728109388,10.34025942410089]]],[[[116.63650549012395,10.587543374854675],[116.64775884806919,10.58661926363937],[116.64400518584236,10.590392953280013],[116.63650549012395,10.587543374854675]]],[[[116.6399844886473,10.463001130327859],[116.64379918730943,10.458739160195961],[116.64527928922337,10.461014627031519],[116.6399844886473,10.463001130327859]]],[[[116.64011420678187,10.882398510580593],[116.6415714207626,10.871353053182503],[116.65594520139763,10.868778133003378],[116.64990272057416,10.891881848521013],[116.64011420678187,10.882398510580593]]],[[[116.64249457698207,10.854208849753944],[116.65247382492441,10.849476716547956],[116.65499915534879,10.861070536222993],[116.64549292935027,10.866282367482127],[116.64249457698207,10.854208849753944]]],[[[116.64862859543759,10.518349530027663],[116.65469396514172,10.51666724800257],[116.65363347882152,10.520036578964435],[116.64862859543759,10.518349530027663]]],[[[116.65209235744621,10.8939847008969],[116.66482581754241,10.890275860221472],[116.66894569113536,10.898626233559423],[116.66368903823476,10.901356602511928],[116.65209235744621,10.8939847008969]]],[[[116.65357244670125,10.591795807408658],[116.65792120211131,10.589957123363266],[116.65557134855369,10.593390351838043],[116.65357244670125,10.591795807408658]]],[[[116.65423613445645,9.043766765492173],[116.65753966193122,9.030618458106206],[116.67162352441184,9.02219941973662],[116.67999297008524,9.02006414257607],[116.68846922830662,9.027692583240388],[116.68533354786152,9.037997034985937],[116.66946440760712,9.051790981559625],[116.65677672357562,9.051908284194132],[116.65423613445645,9.043766765492173]],[[116.65892821212564,9.04099348122253],[116.66242247621489,9.04945829471839],[116.66994505957513,9.048724918105588],[116.68521910565848,9.0285394461623],[116.68008452352281,9.032497195275475],[116.68219023696585,9.02633169065456],[116.67176085322136,9.026086595996288],[116.66106444202026,9.033215313146385],[116.65892821212564,9.04099348122253]]],[[[116.65425908126153,10.343440881328815],[116.65780675032646,10.339359153593776],[116.65928685260955,10.3417853014081],[116.65425908126153,10.343440881328815]]],[[[116.66701544057746,10.593095665434344],[116.67201269432167,10.593871003021912],[116.67115820262948,10.598861580391098],[116.66701544057746,10.593095665434344]]],[[[116.67143284925798,10.334409584036745],[116.67904698439871,10.329924452648498],[116.7043765761261,10.334865438728677],[116.69993626829232,10.343252051630243],[116.67143284925798,10.334409584036745]]],[[[116.67634618680225,10.492829202497683],[116.67924535673853,10.492266534597112],[116.67860448662671,10.494435189686232],[116.67634618680225,10.492829202497683]]],[[[116.67664375074973,10.904334926927389],[116.68405952202652,10.904880429253861],[116.68266334288002,10.90787878147335],[116.67664375074973,10.904334926927389]]],[[[116.681320564171,10.77875985357329],[116.69197119997165,10.781223193560187],[116.69855536800145,10.791033642134755],[116.68472327478013,10.791534321879617],[116.681320564171,10.77875985357329]]],[[[116.68149603302204,10.60936058156981],[116.68650854539625,10.608141785070861],[116.68656195121164,10.611032372300775],[116.68149603302204,10.60936058156981]]],[[[116.68686711975627,10.426594609234527],[116.68949926074703,10.422693127297222],[116.68915593780487,10.426793927180784],[116.68686711975627,10.426594609234527]]],[[[116.69303167482289,10.54354846643725],[116.69706762470445,10.537851215180138],[116.69506109364647,10.543294788594721],[116.69303167482289,10.54354846643725]]],[[[116.69899024446211,10.814602750836803],[116.70207251964011,10.81018533024587],[116.70127143376146,10.815794843621278],[116.69899024446211,10.814602750836803]]],[[[116.7114261498347,10.620525246503675],[116.71347845644074,10.616519813972108],[116.71344793944795,10.621051674132714],[116.7114261498347,10.620525246503675]]],[[[116.71175421081595,10.54213702672494],[116.71334112472786,10.539802431497284],[116.71627844190976,10.540053249181566],[116.71175421081595,10.54213702672494]]],[[[116.71260108480442,10.820744413146771],[116.71605720024756,10.815309423320356],[116.72167243485664,10.818307775066215],[116.71997108107371,10.824077504736739],[116.71260108480442,10.820744413146771]]],[[[116.71611821477669,10.34676920165492],[116.74002110906078,10.350866185797143],[116.73207891068371,10.356221067669908],[116.71827733469343,10.352531302398901],[116.71611821477669,10.34676920165492]]],[[[116.71777380370476,10.555662036726714],[116.72044409135796,10.55282485560111],[116.7213519895441,10.554624439892295],[116.71777380370476,10.555662036726714]]],[[[116.72254980749379,10.625745659271592],[116.73632849410326,10.625604515417699],[116.7340930820027,10.6311234291615],[116.72254980749379,10.625745659271592]]],[[[116.72567786971469,10.849007506964934],[116.72866096278933,10.847037214893966],[116.73617591727131,10.85387792099132],[116.72965278402471,10.855017562142358],[116.72567786971469,10.849007506964934]]],[[[116.74169195933082,10.633372192295274],[116.746986759817,10.629820708934822],[116.74492682256988,10.6348103332357],[116.74169195933082,10.633372192295274]]],[[[116.74504890397368,10.886599442184842],[116.74961128205777,10.881247421040953],[116.7519840238929,10.88336934705804],[116.74504890397368,10.886599442184842]]],[[[116.74581947148233,10.859627623453536],[116.75264015053862,10.858757872554309],[116.75489845245465,10.864149946876969],[116.74917640586189,10.868281263702018],[116.74581947148233,10.859627623453536]]],[[[116.7518543134007,10.63838470412627],[116.77136267648251,10.64206207194987],[116.76724280376038,10.643592720063653],[116.7518543134007,10.63838470412627]]],[[[116.75584449552575,10.819067851503945],[116.76375617719387,10.814391031767606],[116.77140846057567,10.824785129421642],[116.76250495722431,10.827063458087704],[116.75584449552575,10.819067851503945]]],[[[116.75592839866071,10.358190404396954],[116.77278173124374,10.36161504825924],[116.76734960388083,10.373576032398645],[116.76053655367011,10.372463094526434],[116.75592839866071,10.358190404396954]]],[[[116.77420080058356,10.382266866940697],[116.77667272452526,10.380407201055284],[116.77778661496697,10.381737576957349],[116.77420080058356,10.382266866940697]]],[[[116.77814520920053,10.652594451089248],[116.78752173534929,10.649883154730837],[116.79479254929737,10.655490759884445],[116.80509986146446,10.652266386501662],[116.8142398753536,10.639271618919354],[116.82107581161996,10.604702830163749],[116.83241309204219,10.600120424081977],[116.83358038944166,10.605320811123255],[116.82025183786091,10.623651386386419],[116.82257117535599,10.663160207866415],[116.81882514382482,10.688785439200052],[116.77814520920053,10.652594451089248]]],[[[116.77906841959424,11.927428211943813],[116.77990002327773,11.921297992465846],[116.78535504023891,11.919020618023191],[116.78291363379226,11.934446301012882],[116.77906841959424,11.927428211943813]]],[[[116.7824558241581,10.814148798284398],[116.8152011872925,10.816757096308237],[116.81483497578874,10.820098771753335],[116.81070747440903,10.824534311088332],[116.79286994820579,10.825199976913519],[116.7824558241581,10.814148798284398]]],[[[116.78308141550151,10.379436361432276],[116.78680456086292,10.3737219432774],[116.79921758607983,10.38542924956298],[116.79064977566124,10.388924467679859],[116.78308141550151,10.379436361432276]]],[[[116.79670753816946,10.906658073637125],[116.79869118004387,10.903609176403128],[116.80196419134144,10.908253570571956],[116.79670753816946,10.906658073637125]]],[[[116.80314672587754,10.40315233503143],[116.80700719821851,10.3936298955014],[116.8110889247245,10.400366650861832],[116.80314672587754,10.40315233503143]]],[[[116.80941808780611,10.413257468094562],[116.81229436990148,10.40812002398533],[116.81435430609557,10.410469877663687],[116.80941808780611,10.413257468094562]]],[[[116.81460607717914,10.432488311581086],[116.81716955400803,10.42695223124821],[116.81963384860113,10.428548682866657],[116.81460607717914,10.432488311581086]]],[[[116.82360876444545,10.446316589305845],[116.82728613219035,10.44153391198237],[116.82854498233083,10.44304071775309],[116.82360876444545,10.446316589305845]]],[[[116.82697334420398,10.835786715170068],[116.82802619984643,10.829522027623934],[116.83446540904337,10.830400360815142],[116.83284797810556,10.836279763702493],[116.82697334420398,10.835786715170068]]],[[[116.83091009554286,10.464352479719206],[116.83566320840806,10.45345579551173],[116.83857763692214,10.455140938051127],[116.83426702942708,10.465062965866808],[116.83091009554286,10.464352479719206]]],[[[116.83969153501333,10.595150827526497],[116.84074439149407,10.587933418977146],[116.84977759471036,10.585226891464513],[116.83969153501333,10.595150827526497]]],[[[116.84299507364533,10.853334322296766],[116.84937324761326,10.846029176236136],[116.84832802098526,10.855716599851387],[116.84568062054863,10.857948198668515],[116.84299507364533,10.853334322296766]]],[[[116.84533728173238,10.472378602098175],[116.86403692804541,10.475222458492592],[116.8669895048838,10.48027407068469],[116.86309088429304,10.485545028913581],[116.85595740074776,10.483769288931702],[116.85143316877407,10.474374641982276],[116.84533728173238,10.472378602098175]]],[[[116.85630835684422,10.579017516125143],[116.86186255560071,10.570607061363706],[116.86109198685146,10.579577322888314],[116.85630835684422,10.579017516125143]]],[[[116.87617529701757,10.50282846990382],[116.87792242778438,10.493392815153868],[116.88365973277992,10.496894706799937],[116.87617529701757,10.50282846990382]]],[[[116.87722052590823,10.554659718149026],[116.90121497231225,10.523300996822998],[116.90078009686846,10.509714951528707],[116.90446509385815,10.509093156221812],[116.94206275177982,10.527935853106115],[116.95259131856247,10.549191346902232],[116.94313849880454,10.558068147339762],[116.91327704645835,10.546498171931745],[116.88440741706242,10.561018818902872],[116.87722052590823,10.554659718149026]]],[[[116.91932710783148,9.450773042941758],[116.92657503188832,9.439657014242318],[116.93541750151913,9.446017067844318],[116.93856081218141,9.456366342489225],[116.93060335386689,9.461630625601124],[116.91932710783148,9.450773042941758]],[[116.9231646927945,9.448362154691596],[116.93224367416461,9.456589502721744],[116.93146547415054,9.446037095932846],[116.9254535111148,9.444547456805306],[116.9231646927945,9.448362154691596]]],[[[117.13237038376661,10.65853392151361],[117.13616219265444,10.646586288100043],[117.14604225959398,10.647066939467653],[117.14297524226694,10.660974374256343],[117.13452950275851,10.663693299528996],[117.13237038376661,10.65853392151361]]],[[[117.13301125085853,10.615224706322518],[117.15255775954736,10.593926296628807],[117.17136421779462,10.589411601047487],[117.1813282063986,10.573443277083047],[117.19075050928706,10.577253205546594],[117.19777718337966,10.587585312975644],[117.19889107435381,10.599637849588934],[117.18411293712862,10.60813127472862],[117.16431465737544,10.6113937961156],[117.1381687221942,10.627194273860098],[117.13301125085853,10.615224706322518]]],[[[117.13459053973499,10.716552608476377],[117.13949624109371,10.715931766430371],[117.13911477120166,10.721806400983192],[117.13459053973499,10.716552608476377]]],[[[117.1363834461905,10.670240273675057],[117.14140358793924,10.667766442824089],[117.13985482088536,10.673436990476018],[117.1363834461905,10.670240273675057]]],[[[117.1365436613543,10.638445723387425],[117.14447060236765,10.63345705299338],[117.14855995931785,10.637583602416298],[117.1365436613543,10.638445723387425]]],[[[117.13687935821358,10.69501864095493],[117.14218941565557,10.689272754088325],[117.14482918784967,10.70082651836858],[117.13951912836468,10.701709621035288],[117.13687935821358,10.69501864095493]]],[[[117.14115944966478,10.736098165564036],[117.15286294138942,10.734855526840057],[117.17389718367474,10.743007535040423],[117.1924289826117,10.729653232564804],[117.20011941372192,10.733789317102762],[117.19172707981605,10.751662128885497],[117.18341866883733,10.755450124017896],[117.16811410230166,10.74490916253455],[117.14367715053437,10.740704412022843],[117.14115944966478,10.736098165564036]]],[[[117.1837848741497,10.635359631790923],[117.19577828290161,10.632752285721617],[117.19294014902331,10.637625561794811],[117.1837848741497,10.635359631790923]]],[[[117.18928566780161,10.615706310601734],[117.19258156606898,10.613982066748806],[117.19238320164513,10.616152628792639],[117.18928566780161,10.615706310601734]]],[[[117.20091287052782,10.727782122096865],[117.22190896476228,10.719898095302558],[117.22744790510536,10.72188746005529],[117.22316781507529,10.726110329771581],[117.20091287052782,10.727782122096865]]],[[[117.20163002992575,10.646283970593881],[117.20325509054373,10.644319401371732],[117.20405617805216,10.64543710867657],[117.20163002992575,10.646283970593881]]],[[[117.2048267464383,10.66011511026095],[117.20919076065681,10.653324948406773],[117.21063271670957,10.655620443195078],[117.2048267464383,10.66011511026095]]],[[[117.21668282582738,10.661519872342993],[117.2182163345155,10.658014165329288],[117.21868935737172,10.661393033872807],[117.21668282582738,10.661519872342993]]],[[[117.22636452905698,10.666279660841392],[117.22795144285969,10.665696012143437],[117.22749368018627,10.670599805481242],[117.22636452905698,10.666279660841392]]],[[[117.23069039838107,10.72684370568091],[117.25712625120994,10.717514862131518],[117.26386300683457,10.719591963913569],[117.26261178682546,10.729534019666803],[117.23069039838107,10.72684370568091]]],[[[117.24407235505001,10.672355519381538],[117.24522439279049,10.670075284657086],[117.24586526287726,10.671202527126644],[117.24407235505001,10.672355519381538]]],[[[117.2485584388145,10.67259298421028],[117.25058022810835,10.66954217970311],[117.25066415220113,10.67284475445918],[117.2485584388145,10.67259298421028]]],[[[117.25674477950841,10.67239366630414],[117.26157418613568,10.66786561911132],[117.26113168143148,10.671357975547435],[117.25674477950841,10.67239366630414]]],[[[117.26438943245957,10.674321041683081],[117.26606789995579,10.669104442198718],[117.2673496385103,10.675311908570045],[117.26438943245957,10.674321041683081]]],[[[117.26631967152645,10.725458969029495],[117.26906625426574,10.72272192363233],[117.26810495153707,10.7268265381147],[117.26631967152645,10.725458969029495]]],[[[117.26682319544565,10.329727017692692],[117.29989662131803,10.29948790924961],[117.35625496038769,10.295723754037374],[117.3687061355218,10.347829660748133],[117.37001839330858,10.380639874003789],[117.35366096983427,10.382715069495543],[117.33323708015494,10.37441810394242],[117.31002083094826,10.380964125534884],[117.29801216322029,10.378612364604294],[117.26682319544565,10.329727017692692]],[[117.2929157267713,10.342530095253665],[117.30099525556668,10.351955259082745],[117.31951179674455,10.339848361127011],[117.33836403156502,10.339460215786772],[117.33910408377835,10.354821048337651],[117.34402504315175,10.340234599250145],[117.3334812173744,10.320660432377188],[117.32540168948992,10.316212495902297],[117.31876411469617,10.317298731064673],[117.2929157267713,10.342530095253665]]],[[[117.27191964827537,10.72804247333854],[117.33874551787217,10.711591587275391],[117.35140268368862,10.714198931635874],[117.35371439049442,10.719831333184775],[117.33516733153064,10.71811281238607],[117.30005685669589,10.727836478030941],[117.27191964827537,10.72804247333854]]],[[[117.27233163320919,10.67283712337852],[117.27351418929003,10.670735224879696],[117.27452126904423,10.671766146890024],[117.27233163320919,10.67283712337852]]],[[[117.27712289353946,10.675757274656076],[117.2777408744297,10.672136173148738],[117.27929727046119,10.672635898349657],[117.27712289353946,10.675757274656076]]],[[[117.28862802093657,10.676700457696551],[117.29430429008835,10.676550730415771],[117.2941135566315,10.679644451084503],[117.28862802093657,10.676700457696551]]],[[[117.30017129532287,10.679988726501238],[117.3017887267673,10.678719386858],[117.30339852968123,10.682030543466155],[117.30017129532287,10.679988726501238]]],[[[117.3171466990686,10.674285753504503],[117.34375039778601,10.664203506631212],[117.36312143212426,10.66472707281101],[117.34306375363491,10.679269655236718],[117.3171466990686,10.674285753504503]]],[[[117.32382239478399,10.099812335492135],[117.33106268979152,10.088697261099156],[117.33991278848958,10.095056360985419],[117.34305609853747,10.105406588341294],[117.33509101141692,10.110669918233393],[117.32382239478399,10.099812335492135]],[[117.32765997975031,10.097401446724342],[117.33673896024628,10.105628794599774],[117.3359607621407,10.095076387949371],[117.32994116825068,10.093586749384864],[117.32765997975031,10.097401446724342]]],[[[117.34246102973204,10.635294774771493],[117.34579507328783,10.596796847780421],[117.35396615551936,10.592200136557521],[117.37664834644355,10.597700930251001],[117.385384003654,10.611143923889486],[117.37295571918257,10.602186060424447],[117.35977212512222,10.61566529530709],[117.35607187005266,10.635398725232848],[117.34246102973204,10.635294774771493]]],[[[117.34907571519243,10.650608877742483],[117.37267343345707,10.650922635590979],[117.36850778486449,10.65510831331981],[117.34907571519243,10.650608877742483]]],[[[117.35739938787108,10.7192858307874],[117.35798685137362,10.70994649774886],[117.36653177314551,10.715381487103038],[117.37880746923356,10.710146768947837],[117.3922123150573,10.688093047964294],[117.3941501826988,10.697044235970075],[117.38729135700306,10.71447740371472],[117.36944620291405,10.72220026002411],[117.35739938787108,10.7192858307874]]],[[[117.36795084803217,10.869969243370617],[117.37619059343993,10.855135791677007],[117.40186350797607,10.856074205814219],[117.41281931833973,10.867846362462362],[117.41946452339725,10.895570629753074],[117.40440409821717,10.907480116476556],[117.38800089916533,10.904670591771731],[117.37379496442821,10.89083373121044],[117.36795084803217,10.869969243370617]]],[[[117.3745884118274,10.65443597242117],[117.3897480186385,10.636513569172296],[117.38878671430788,10.619477129864162],[117.39172403086162,10.620806552058367],[117.39154092690507,10.645138600524309],[117.3745884118274,10.65443597242117]]],[[[117.38348429235579,10.799025405943937],[117.39476053719736,10.787992345616885],[117.41523020445526,10.797716962773851],[117.42266123501435,10.804491865426197],[117.41864054448688,10.820909370440335],[117.4105686459055,10.82572924069218],[117.39446299314663,10.822158685247018],[117.38452951995376,10.809946885097748],[117.38348429235579,10.799025405943937]]],[[[117.38471262032549,10.669706206777706],[117.38976327911794,10.671809058847527],[117.3930820660317,10.684124809018515],[117.38471262032549,10.669706206777706]]],[[[117.61019175454383,10.63638672174482],[117.63679545325444,10.626304475408823],[117.65617411676973,10.6268270881496],[117.6361164386201,10.641369669876774],[117.61019175454383,10.63638672174482]]],[[[117.64174694794123,11.03757559684774],[117.64576763854326,11.025318972884477],[117.65541882351737,11.026108615534527],[117.65235180791792,11.040016048891548],[117.64390606691107,11.042735929882568],[117.64174694794123,11.03757559684774]]],[[[117.75218243084069,10.838826990939571],[117.75707287204479,10.806308601184616],[117.76590008164285,10.796364638210555],[117.79786724571417,10.792682501309416],[117.8142322982078,10.80448612779879],[117.8173374636593,10.841417168164158],[117.80276532130235,10.882681705640293],[117.80206341811879,10.920595030337248],[117.7611469734881,10.920698028864864],[117.76100964336698,10.891360143584881],[117.75218243084069,10.838826990939571]]]]},"id":"khanh-hoa"},{"type":"Feature","properties":{"slug":"lam-dong","name":"Lâm Đồng","region":"trung","isCity":false,"merged":["Đắk Nông","Bình Thuận"]},"geometry":{"type":"MultiPolygon","coordinates":[[[[107.20632186095455,12.29545060292976],[107.2295381006903,12.135084536676274],[107.22317518487642,12.127638247477057],[107.22808851469475,12.116062547746692],[107.24011244062098,12.114367868134387],[107.23149122346413,12.096169854567375],[107.23131574429797,12.027834318785652],[107.23616041123904,12.036476515421949],[107.24465192702051,12.03608741570289],[107.2425767318956,12.026458166491773],[107.26757825619167,12.01443996087378],[107.28994764195666,12.01573123500861],[107.29137433900128,12.021534342732615],[107.29676832090794,12.010278124520678],[107.32372297199565,12.003609078609779],[107.34902204276977,11.969422712071639],[107.3560410845853,11.949715032408179],[107.3529740679312,11.944257153565383],[107.356727729401,11.94022215774962],[107.35346997800677,11.940115345646571],[107.38374341611228,11.920536409517998],[107.40149701603143,11.888340362817756],[107.40540326463405,11.868465789402595],[107.41861737599775,11.865427381580194],[107.42629254649663,11.856706983390316],[107.42718518496672,11.846444493414879],[107.41909039682002,11.841641789281734],[107.41793835818648,11.831123715233742],[107.41549695232447,11.833122616861374],[107.40541089175683,11.8190273105831],[107.40957653944577,11.807220821870839],[107.40174115111566,11.798050289583127],[107.39842236539613,11.801001912032792],[107.39432538001479,11.796838169683172],[107.39271557664183,11.78967226059877],[107.39820111091095,11.779015902960069],[107.39158642511812,11.767041568385052],[107.38762676920396,11.772548084126013],[107.3731385491121,11.770677930337694],[107.36343395830025,11.761355763390611],[107.35668957459703,11.762205487142355],[107.35344708122365,11.753053074944884],[107.30293285823006,11.740167982831448],[107.29745495170677,11.731276877393716],[107.28643047627223,11.726594336909068],[107.28398143949717,11.699164755812387],[107.2788163389795,11.693083173662057],[107.28377544514163,11.685028440124459],[107.26586162567997,11.660710698966945],[107.27246105108003,11.651765233595858],[107.26873027675312,11.641427403143135],[107.30316936300694,11.618924501427484],[107.30067455065557,11.607409836735734],[107.30655681341563,11.598562600719728],[107.29732524559819,11.585800530413477],[107.29986583306426,11.578105331776328],[107.31076823775373,11.572800041333632],[107.31070720307876,11.568663001305707],[107.30355845925102,11.571857810827588],[107.30283366723963,11.568838478197808],[107.31095134167334,11.554225325906891],[107.3327180051145,11.5541499843187],[107.33786021738982,11.54461133291875],[107.34417735523033,11.5431083411227],[107.347030749842,11.55207192633516],[107.35655223423485,11.558955548906319],[107.35752879839967,11.578662275077253],[107.36190807077067,11.581344007505411],[107.36579906197728,11.574030278940693],[107.36179362868884,11.566295025796617],[107.36641704255322,11.560186741362951],[107.36015330918224,11.556084034190711],[107.37212382935546,11.549278613409228],[107.37052165645312,11.558338519654914],[107.37893687788846,11.54309975701925],[107.37623607081507,11.524272318619255],[107.36697398574017,11.51866089868188],[107.37245952041958,11.514932985297657],[107.3894349242913,11.526329393508698],[107.40965281960328,11.528436058444802],[107.41894542245124,11.512045257449651],[107.4306794313855,11.518701903227972],[107.43249522743562,11.512456290355468],[107.43933116439848,11.515101782533694],[107.4518433710455,11.502637259041801],[107.45487986955375,11.492395749072937],[107.47225963008692,11.477533686665996],[107.46562968662428,11.47733246228563],[107.46087657259808,11.47000156750283],[107.46275340353291,11.464588511698164],[107.4314881432689,11.440335620859013],[107.43022166267748,11.427273144007062],[107.44262705959744,11.431714404357136],[107.44615946775583,11.419686662918087],[107.45582591108618,11.422578203347207],[107.4539872273669,11.432076799734004],[107.47332011448782,11.436502802271415],[107.48484812888654,11.430102692151118],[107.48857890296469,11.425050125487884],[107.48736582756841,11.397617682953276],[107.49635325470555,11.396101339868455],[107.5010911078977,11.384104116904364],[107.51035319325649,11.383984907196945],[107.53454600205143,11.355623583819579],[107.5438004579076,11.36654315449086],[107.54497538462977,11.361996035754327],[107.53355418008765,11.323574403923345],[107.51788340171102,11.310059884371645],[107.5240464414325,11.299716107622324],[107.51885996346273,11.28616462071145],[107.52410135628995,11.253510809904803],[107.50272379022904,11.23542056225729],[107.49882517059706,11.243282654180383],[107.49610910558836,11.23993621143151],[107.49938974491319,11.230220176887551],[107.49382028688443,11.225693084488817],[107.49874887615478,11.220930435179966],[107.48991403671097,11.225033141877477],[107.48436746640137,11.221184112745021],[107.48735055926836,11.215352393431656],[107.47882089608068,11.21020827457237],[107.48264400296151,11.200966585433365],[107.47311410773392,11.200050689269055],[107.47991189904083,11.190539694453332],[107.47160348743608,11.193143226218723],[107.47145089926232,11.185469962407174],[107.46745309581344,11.183891631060947],[107.47071084786407,11.17859015583063],[107.46092996377605,11.17685542202676],[107.4621430370775,11.168255186769338],[107.45466622994707,11.159698820650641],[107.45629128993896,11.149522162544166],[107.44653329521165,11.148722983959397],[107.44293984932867,11.139593458595982],[107.43467721435417,11.135997154351164],[107.45396432343199,11.110945081087536],[107.44242104762108,11.083310459880211],[107.43894967222293,11.087998722893365],[107.4302750513228,11.085702275063989],[107.43222817652992,11.083256101273907],[107.42268380295735,11.075324392162605],[107.42610940005757,11.065537785699073],[107.41690835032578,11.051517819707142],[107.40065773914498,11.053879117560351],[107.3944550404749,11.049848890566167],[107.42137154437478,11.041662547862842],[107.43070229446003,11.032078119901124],[107.43930062274316,11.0327790706747],[107.4542923821787,11.017722459681107],[107.4729462506945,11.008018821771342],[107.50603493613454,11.013671247209539],[107.51814278529535,10.999588338364834],[107.52931984831382,10.994464245910345],[107.53630074434615,10.978107775328308],[107.54234322380607,10.978146876446495],[107.56024178220721,10.936552368403046],[107.55965431491103,10.86736234038745],[107.57662208760557,10.837565738252584],[107.5731201943134,10.81617768337619],[107.55451972881173,10.793424921710201],[107.52204139367116,10.773538906466047],[107.50682075185912,10.771770793854623],[107.50251014308786,10.763173419549707],[107.50711829695015,10.756924944923567],[107.50564582299134,10.747280436637265],[107.52644355250108,10.730429009913795],[107.54293830314514,10.708112075168447],[107.54515845590639,10.692760780242102],[107.5395966259683,10.675847365622598],[107.56734473142404,10.62065918248593],[107.56362158618676,10.614444087090583],[107.569664067498,10.606529542887445],[107.56711584778043,10.577734299913304],[107.5707169207172,10.568414993303355],[107.61981207725437,10.593531913405874],[107.6637955393051,10.609149281150936],[107.69802100439934,10.630528751256929],[107.72511298493689,10.631379428675759],[107.75507361894806,10.640468896128649],[107.77766425761213,10.653566659664815],[107.81210334724662,10.693341553738685],[107.83300788945158,10.705463706572038],[107.84469612162323,10.703694641321247],[107.89698036423064,10.7219222165131],[107.93467720298526,10.716017062435702],[107.9624558290009,10.702527337137454],[107.97352608097562,10.70624285191974],[107.99147041642621,10.699786475524593],[108.01508339533392,10.738902381654976],[108.0332566176285,10.819294268187601],[108.06264504987462,10.883261020587705],[108.05901345850252,10.891198451979914],[108.06141671730695,10.886182124573837],[108.06707772840033,10.890405948290594],[108.08506021329626,10.91409521890032],[108.10363778973118,10.920387561548601],[108.10866556108604,10.917527491998985],[108.13476572041475,10.934194857250207],[108.13749704362607,10.930604272626796],[108.15842447336847,10.930192284495684],[108.1882020014497,10.936591437579805],[108.21320352884513,10.951398185300404],[108.22969065068979,10.954731276095782],[108.27791605346599,10.94135694443594],[108.28225717899787,10.935465144288132],[108.28105936359806,10.916085526985045],[108.29473886806676,10.913725182608555],[108.29837809046,10.939052865919416],[108.31058512263769,10.95755414866477],[108.32376871674812,10.960045144730765],[108.33106241757267,10.951356217533498],[108.33763132707563,10.952650353172142],[108.34764872476558,10.998984621570893],[108.36277018648744,11.024243640030127],[108.38345347598164,11.034770296516795],[108.4085770726783,11.03300504385424],[108.41467295855531,11.027106567380798],[108.43454753340228,11.046940131889825],[108.4475098746988,11.047312064851251],[108.46073161499704,11.03960160661676],[108.4740067623739,11.048967641317494],[108.49653636772882,11.114392563137484],[108.52043926289512,11.149436279111901],[108.56646740311386,11.166268629751988],[108.58744823996396,11.182995123393146],[108.61035168259815,11.183306019599417],[108.6163636450674,11.175819675298282],[108.62664043977463,11.186204236055557],[108.650627258085,11.193455019652108],[108.69777691595122,11.18198612965365],[108.70722973537505,11.164924896271689],[108.71192944302857,11.175470626466572],[108.7298356330423,11.184160506727538],[108.7331925670285,11.208950317683781],[108.74555218751955,11.231513297668736],[108.75688184159839,11.28306988779221],[108.77511609508734,11.288056649983513],[108.78853620186105,11.31330994632702],[108.83064283225094,11.32130650329805],[108.85220350301307,11.334580695231182],[108.87501539223773,11.336973463090604],[108.87695325927844,11.35395268160331],[108.85984052690306,11.353042877417348],[108.84569562987116,11.364341057572602],[108.84031690709384,11.376478471777304],[108.78665174549387,11.387503903898777],[108.75759138183467,11.410721106829437],[108.76161207605406,11.469661997576162],[108.7249070584065,11.468450831597304],[108.71260084367545,11.460681247849534],[108.67940534811876,11.472458174587166],[108.65902723644598,11.503896050880572],[108.64296736319355,11.549798305170096],[108.58564772025333,11.55509882990414],[108.55203260948625,11.602054895849491],[108.55265822136889,11.630391422408143],[108.56243147737916,11.642301860565809],[108.57591261742049,11.63952476082944],[108.59724440530543,11.649082484249972],[108.62223067306653,11.650054276689666],[108.6558000105958,11.666098892906609],[108.67349257700701,11.666272459652761],[108.68351760150287,11.676646529585241],[108.69321456410134,11.6984770882623],[108.70073714707397,11.701762495834362],[108.69076552939755,11.733667672939443],[108.66742721139015,11.747474017936716],[108.66355910948226,11.76443416232152],[108.67282882570302,11.782958333444743],[108.65582290436777,11.792455023482407],[108.63705459423907,11.793440169033197],[108.61944595117023,11.803690262454099],[108.61930099360302,11.808225937852002],[108.62520614491517,11.813138313157982],[108.62953964179725,11.828177757606543],[108.63976303101568,11.830408401653939],[108.65180221611455,11.843425102393274],[108.65380112042192,11.892592737272969],[108.66406265680935,11.915829013102702],[108.6619798347523,11.961689305344018],[108.68177811536276,11.988214803137156],[108.67969529201638,12.011364294198405],[108.68410508245117,12.02314503418388],[108.69570939276667,12.041963888875223],[108.70494859059589,12.04289086051615],[108.71118943521495,12.054753615756022],[108.70478074585805,12.091027573622863],[108.67358415245424,12.121293384556088],[108.69320695654422,12.12994607132639],[108.69642656062821,12.14739258921825],[108.7263566773742,12.156980830889196],[108.72911851860222,12.162119228182522],[108.70953386346746,12.19016297650287],[108.72141283178789,12.217470487832141],[108.71899431405164,12.22488244500113],[108.70246141623544,12.237069450535463],[108.70053118011471,12.243603073645703],[108.70614641574792,12.269381844289049],[108.70095842835649,12.288834894350897],[108.70740526726509,12.299758280714904],[108.6831514233236,12.317999210633854],[108.66636675344768,12.299069729481051],[108.62525957411829,12.289979306631459],[108.6184541541011,12.28126558464797],[108.60726946133516,12.282822935817578],[108.59580248060644,12.276655523889966],[108.58544176270732,12.28240808851031],[108.5898134062015,12.287383407765903],[108.57159441170725,12.289483398087166],[108.56958788158602,12.295469612608024],[108.55069749969871,12.292696328304716],[108.54266374740163,12.297596307983014],[108.53602617322102,12.281865449361177],[108.51190965599359,12.277136179387591],[108.50009935375532,12.283580157548606],[108.49287431797434,12.304600094811633],[108.48155229593524,12.308454847645919],[108.48382585574893,12.300245617646613],[108.47727983439354,12.299049710409534],[108.47248094428805,12.289289808127535],[108.46712510983397,12.296958303956506],[108.46400468678334,12.279444074090824],[108.45902269159473,12.275494909244067],[108.45899217487857,12.282490110612326],[108.45063798755324,12.273342466660417],[108.44155900724962,12.275656081219871],[108.4436723497433,12.26377425089266],[108.43720262196952,12.258007383605348],[108.43756883317636,12.249708509222204],[108.42991655004506,12.259302473116403],[108.42533128339689,12.250707006282354],[108.41415422040905,12.245464658762959],[108.38835160770482,12.241026259647843],[108.37033860688541,12.253831245903386],[108.3560029746212,12.254820206556508],[108.34259812787747,12.24620566689731],[108.33633439504034,12.24831805607699],[108.33299271868694,12.235689500263625],[108.34047715455769,12.22955737345587],[108.33039109571308,12.230440476827848],[108.2964936940061,12.202916482759885],[108.29093949419398,12.210567812062976],[108.27677933806886,12.214069705738222],[108.27254502347952,12.204956393203506],[108.25978867541696,12.200517992910928],[108.25997178051227,12.194022517328863],[108.24853531710629,12.17918906654411],[108.25454728021603,12.172549586356844],[108.24118057933352,12.160661082603525],[108.23815933969169,12.175769191360706],[108.23133866069628,12.176655155323372],[108.22824875667341,12.182844501869841],[108.22439591110022,12.173567157361692],[108.21509567957558,12.183342320314743],[108.20603958759041,12.171316487414922],[108.19660202708849,12.177458150349107],[108.19054428738627,12.173328741052098],[108.18453232429567,12.17545638834769],[108.18196884777103,12.184324606490103],[108.17581192704759,12.184586866987155],[108.17488114038865,12.180228574980523],[108.16310135671259,12.196558342707362],[108.1197816523355,12.175303803090792],[108.10910050045048,12.201069223836084],[108.0861283940111,12.22501789599204],[108.0856095954237,12.24066196958531],[108.06778733127646,12.264748923641296],[108.05618302213718,12.26904713432239],[108.05108658664572,12.266204231780172],[108.04103104540992,12.288409586022285],[108.01981369879219,12.29043423823541],[108.01600663134361,12.30257165115363],[108.00508896753483,12.296315547996112],[107.99668137471778,12.30460774627197],[107.97441880091384,12.29703652751559],[107.97113053162148,12.31096970969327],[107.95172898188666,12.319735884936145],[107.94452683398508,12.326274276412317],[107.94398514728086,12.33526838023056],[107.9337159824129,12.343194368056686],[107.9326020916485,12.372851733382388],[107.92838303702007,12.380278949031503],[107.9197923390669,12.3828214456326],[107.9243241998673,12.387688998834351],[107.91741196809349,12.391142254492276],[107.91239182652356,12.401934033349427],[107.92682664211394,12.412651424804691],[107.9163667429546,12.417830830707704],[107.9220582710256,12.416183836001572],[107.92272202872597,12.428141958344979],[107.93121354424716,12.42461240859101],[107.92977158960008,12.430172331183769],[107.94429795702438,12.439375287792446],[107.95409409993414,12.441778546542286],[107.96564500368221,12.436356907208864],[107.98482530301406,12.446326618305319],[108.00112931990154,12.475151424366416],[107.99760454074719,12.486050968583555],[107.99048631440196,12.486282711944328],[107.99149339467438,12.492501622462308],[107.97949998647309,12.496351606212002],[107.97370164735726,12.508514768848201],[107.9539033697756,12.52092684239908],[107.940925769185,12.527542481460499],[107.91063707220589,12.525533091610479],[107.88726823680173,12.539893520090198],[107.88750474870797,12.547541035457433],[107.89546983690978,12.55286730602783],[107.89294450748477,12.564499272075158],[107.9140168965692,12.57839621477933],[107.93239610803806,12.5832837939625],[107.9348375154703,12.595495594109321],[107.92798631933684,12.603384389144496],[107.92917650561779,12.61589755055183],[107.92023485570381,12.620561017871857],[107.92057817835418,12.645342246295938],[107.90489977363646,12.648690598069546],[107.91440599958466,12.658227340613836],[107.90474718719487,12.673878090751357],[107.91217821827074,12.69318332023476],[107.89538592119524,12.713800807259448],[107.91028613026403,12.73683585764939],[107.90871447567133,12.743739506183386],[107.86100024055861,12.756073378186182],[107.85353869468341,12.780584717194609],[107.86321276763883,12.796563531390268],[107.84871691791328,12.81206073922931],[107.82337206933647,12.799675372358966],[107.80245226823199,12.779872325123122],[107.78105181503496,12.777703670192924],[107.67955034864332,12.790550622313566],[107.65934771276271,12.798538599006216],[107.6430055479858,12.795495425085196],[107.63297289523771,12.80332223034798],[107.60800951520896,12.794892704584685],[107.59871691244167,12.802510656060788],[107.59001177273375,12.794724857938458],[107.56282824006828,12.796504416279134],[107.55889909944892,12.759190953387847],[107.56728380369023,12.726997768907427],[107.55926530812123,12.71116772797529],[107.58159654538025,12.679668817390446],[107.57087724524715,12.667426499321646],[107.56962602385634,12.644396217429199],[107.57279985083287,12.625328452308738],[107.58447282463229,12.612934499927443],[107.58105485556212,12.610584645842952],[107.58573167313206,12.597225575684348],[107.57952134533373,12.575439839252514],[107.58844773529412,12.555566218817427],[107.57548539375898,12.541435626635568],[107.57701890155487,12.534371760166145],[107.56233994558141,12.521912959741579],[107.57072464926188,12.500854875486537],[107.57911698354677,12.493018532497159],[107.57576767771727,12.478668594697748],[107.56533829533066,12.470239068442243],[107.56494156605035,12.449472808055964],[107.5423661843923,12.410590553138041],[107.54569259990427,12.392700574831348],[107.554092563699,12.379349134085562],[107.54628006289471,12.373084447481364],[107.54332748587865,12.349900624239806],[107.53622451977768,12.351318737788608],[107.50978866549818,12.328019521260956],[107.46714034803108,12.309908293071265],[107.4656526153405,12.300132177900402],[107.45734420554894,12.29346980937695],[107.44396224645693,12.291518591833764],[107.44375625243447,12.279359243693419],[107.43786635828019,12.270287893558192],[107.44179549735085,12.264375112495765],[107.43372359621962,12.251208684591113],[107.42314925516436,12.250369451914207],[107.41846480647513,12.244576833980837],[107.38697829681765,12.270113373054343],[107.38799300576174,12.283076668843151],[107.38267531844937,12.295494463383674],[107.34478774719321,12.334781080315913],[107.33866134192658,12.326912312854985],[107.31913772134097,12.321327597318993],[107.3129045057807,12.321926504710838],[107.31137862737125,12.331581504499155],[107.28380599512914,12.322142990512592],[107.26854720441908,12.324676903834948],[107.26280990010368,12.31588974921952],[107.22930159782734,12.295508775512989],[107.20865645509197,12.299980556218982],[107.20632186095455,12.29545060292976]]],[[[107.80189521433932,10.650425254610273],[107.80245216102104,10.64984160600951],[107.80286414749091,10.651274023995288],[107.80189521433932,10.650425254610273]]],[[[107.99029549024524,10.695339492664107],[107.99394234081618,10.694955161550734],[107.9916077454245,10.697235396593317],[107.99029549024524,10.695339492664107]]],[[[108.29897318192211,10.910472199014466],[108.30187235188897,10.909031196626477],[108.30210886245766,10.910603806036173],[108.29897318192211,10.910472199014466]]],[[[108.82053387928688,11.22483089800162],[108.83026898648411,11.223274501600423],[108.8338929497075,11.229256900593315],[108.82053387928688,11.22483089800162]]],[[[108.92237100522499,10.546241996562582],[108.93138894802969,10.513940092875298],[108.94966897744226,10.503850216238028],[108.96763620275233,10.508378262116214],[108.95750436711096,10.52631210780457],[108.95660409927925,10.545701261694322],[108.951995945688,10.55125450820168],[108.92870340276662,10.552978752835356],[108.92237100522499,10.546241996562582]]],[[[108.95216379238798,10.55725693459525],[108.95402536455275,10.556835410316705],[108.95367441301792,10.55789780356324],[108.95216379238798,10.55725693459525]]],[[[108.95565042563638,10.556043860868199],[108.95719156391918,10.555361029312985],[108.95729074571946,10.556663748676943],[108.95565042563638,10.556043860868199]]],[[[108.9579087263186,10.551551100647641],[108.9599305156392,10.553586240821984],[108.958648777837,10.554883238690355],[108.9579087263186,10.551551100647641]]],[[[108.96137246842443,10.48721050605529],[108.96360025130474,10.484936946035686],[108.9690094928455,10.492076151694324],[108.96573648259083,10.496122592631945],[108.96137246842443,10.48721050605529]]],[[[108.96179208552014,10.50094723179],[108.96212014967443,10.500503773147516],[108.96280679500553,10.50124477822215],[108.96179208552014,10.50094723179]]],[[[108.9626847248028,10.498824353010887],[108.9641571979656,10.499405139889111],[108.96363839918776,10.500306362900211],[108.9626847248028,10.498824353010887]]],[[[108.96575937047498,10.484750980216203],[108.96635446329454,10.484108202778383],[108.96666726868642,10.485491984529352],[108.96575937047498,10.484750980216203]]]]},"id":"lam-dong"},{"type":"Feature","properties":{"slug":"tp-hcm","name":"TP. HCM","region":"nam","isCity":true,"merged":["Bình Dương","Bà Rịa - Vũng Tàu"]},"geometry":{"type":"MultiPolygon","coordinates":[[[[106.3310776554695,11.34833375707537],[106.34461220014691,11.323128143322057],[106.33545692500097,11.295782485013607],[106.3402252960472,11.291805662693623],[106.33997448127252,11.29806753341516],[106.34492500372897,11.294236578003332],[106.34091957135045,11.287087836525489],[106.34468849183173,11.282535948309219],[106.3462143714579,11.288714803852356],[106.35533912733727,11.286747373346143],[106.35066993547902,11.263369000557242],[106.36398323022802,11.262088215616842],[106.35287482995321,11.248341953674359],[106.3614502698278,11.238180553135978],[106.37055976766244,11.244689380055467],[106.38224036944729,11.229405794114228],[106.37998206812382,11.218994531579085],[106.38925178187601,11.212388428911716],[106.38369758152452,11.194016846874934],[106.38731391496167,11.187137039323849],[106.39814002540422,11.18172589015536],[106.40407569457855,11.187137038486963],[106.41033942825588,11.183835417737923],[106.40996558747689,11.173347860997387],[106.43231208397269,11.172624974899538],[106.43705756717678,11.15884151894674],[106.42985541764217,11.148600963332095],[106.44749707002264,11.132434631388355],[106.42635784291068,11.089151736089644],[106.4271397802905,11.073326744974857],[106.42057971742068,11.063870715402146],[106.42235258087739,11.042491705128525],[106.4092045285839,11.02289076551099],[106.41173144263826,11.008291751198565],[106.39123143088374,10.999640832858043],[106.36694548222616,10.998700047582023],[106.35649145451136,10.991555085018021],[106.37342129183212,10.96970398196838],[106.41247121958429,10.973288773318627],[106.45335190118227,10.941963483247475],[106.53288741983162,10.900572943375566],[106.5045624303278,10.7889493814686],[106.46368082112315,10.756511239514014],[106.4898315663618,10.726467098036643],[106.50310153454232,10.724825053816703],[106.50909840221651,10.717436978228214],[106.5201194111292,10.723626909168898],[106.52858938721728,10.718345826621203],[106.5335542381989,10.689237831847784],[106.55075615723376,10.684107699366509],[106.5532349961954,10.666306697465712],[106.54895799972815,10.658328716270429],[106.55485095590808,10.657082710962209],[106.55783486877127,10.648888641338864],[106.56862090515625,10.656567638693842],[106.57699153392525,10.648864519978108],[106.57970290619392,10.655779532714808],[106.59386685172872,10.650495989275582],[106.60949549979945,10.657161553539318],[106.62478970754877,10.64742023845715],[106.62336468971982,10.639998240156704],[106.62919823507815,10.642006185899804],[106.62955858153282,10.627595221989422],[106.63465020440498,10.62559873554934],[106.64688257048935,10.63421114075501],[106.65275694941717,10.632361951389623],[106.65635160368087,10.641760113609497],[106.66991351629665,10.639363015383111],[106.68562354766571,10.655556895628845],[106.69433755446634,10.649431892638763],[106.69985249733068,10.653790811236783],[106.7212804025084,10.646242694374246],[106.7333102552349,10.628834668861796],[106.72852326285722,10.625983669833367],[106.72765520904096,10.615502696282787],[106.73183316571014,10.608984653261647],[106.72357023902926,10.611539698856033],[106.71942718749932,10.603411720632893],[106.72327907318615,10.588063718598043],[106.73134700941439,10.57972262752553],[106.73737505414316,10.58621561323926],[106.73567597891838,10.579304625202772],[106.74527663247868,10.575670968388055],[106.74205459643498,10.566182402171332],[106.74909468192138,10.530708477267947],[106.74538147989101,10.488431509195498],[106.76314917222392,10.452448382687107],[106.81507929353982,10.3912528784474],[106.83458272695302,10.354222329239253],[106.89454732975443,10.365080608845906],[106.9705402569744,10.39480816925973],[106.98095728434627,10.405225202282631],[106.98528933712201,10.418197158916456],[106.96267853288505,10.438489296226972],[106.96609356737893,10.446484278020241],[106.9914644911997,10.45094111387509],[106.996573532223,10.460485112353739],[107.04145054711181,10.465599388788362],[107.05536656223894,10.446703284105908],[107.07614903186531,10.431844084027112],[107.11344151443058,10.43586477263541],[107.11673741071183,10.414501512566298],[107.10706333833124,10.406950320324897],[107.10218815440997,10.394439067104361],[107.09238438228726,10.387852038155819],[107.07431034574284,10.392457332683776],[107.07218937374665,10.384685840489128],[107.06025700043615,10.387411443072914],[107.05575565789968,10.381610241884003],[107.0554352223255,10.374670353553663],[107.06186680233053,10.368149128316137],[107.06056217475468,10.35596593761314],[107.07318882209351,10.345694864885756],[107.07192234279323,10.333607996011128],[107.08594516898665,10.3228457802178],[107.10805515666196,10.35700830123489],[107.15711216626293,10.388036094083422],[107.1657104949844,10.398924193734803],[107.20571904166934,10.405874570382297],[107.2186966411656,10.401123364606129],[107.24154667671438,10.377622919190262],[107.2565842145455,10.380009012517],[107.29572301135906,10.425152139605338],[107.32916264909557,10.450592354171526],[107.37274175325865,10.468028381259039],[107.44226079789071,10.467708896527173],[107.47090917577246,10.498399088586106],[107.51439672665629,10.50218994199606],[107.56878668431676,10.566922493377698],[107.57136542173754,10.60094577964745],[107.56320959959463,10.615379641915075],[107.56826788900088,10.618989299150291],[107.53832251725323,10.679478956539612],[107.5464936002932,10.694843604021749],[107.54395169664417,10.706245733159918],[107.52606971301135,10.731138543800466],[107.50607557746828,10.746178088695927],[107.50499246975104,10.771417064688974],[107.49690253808085,10.767455417976127],[107.48351295081225,10.77011903120725],[107.47233588864607,10.792683920894612],[107.46035773869677,10.791506134092272],[107.45388801281433,10.802595460025943],[107.44796760278997,10.804327332016618],[107.43758399618736,10.799129807806855],[107.41966254631893,10.771788918172318],[107.41077430170336,10.774346673963612],[107.40058143007968,10.768320406464298],[107.37142188101683,10.731438959511609],[107.36069495329421,10.727382982671958],[107.35791785196594,10.71459897809803],[107.34796149171231,10.705759371575784],[107.35247046299,10.701294266813465],[107.3518753697813,10.678294502985304],[107.32791144058427,10.67614873759693],[107.31739050530803,10.6687529924084],[107.29946818227153,10.68612204655626],[107.30766302839251,10.69356283232083],[107.29986578742479,10.703405704328757],[107.30451208906793,10.712023105776693],[107.30171973170374,10.72970422860586],[107.30509955374943,10.728173581395321],[107.30046851176803,10.755002348604387],[107.24392706841952,10.756429048722755],[107.24413306222975,10.760023446575453],[107.23155982031622,10.763894411541528],[107.21093756508151,10.75258192738139],[107.2068329519622,10.77461371229816],[107.18785864767885,10.771242475126826],[107.15381628701871,10.744094228934584],[107.13841877888855,10.74477753166888],[107.13889319019965,10.73249468786901],[107.14626318547039,10.729866361257816],[107.14550024496917,10.725097989199824],[107.13916784827803,10.723652219401073],[107.13380438151124,10.686488484852143],[107.10327154351845,10.664086675260469],[107.0972443204399,10.653601979160374],[107.04483037915809,10.657590247784475],[107.01322179595918,10.643395761108842],[107.01738744518346,10.633404114293901],[107.01453405172467,10.631744721191984],[107.00852208868258,10.637110094126749],[106.99733739573658,10.632639268057362],[106.9972916184428,10.623566010860939],[107.00794225325488,10.613255837637888],[106.99048537122538,10.6035091653518],[106.98397390750482,10.579700939242423],[106.91963366962358,10.610122611716077],[106.9112126338158,10.60837561314422],[106.90377680677895,10.624088644190296],[106.88228395193127,10.647826817852604],[106.87324998939494,10.648184883713196],[106.8604920052849,10.63667793527511],[106.84311901501556,10.638170024985113],[106.83760594577917,10.627037014076745],[106.82663901014286,10.627798081295765],[106.81590407687662,10.638248221359508],[106.80707227561231,10.657451223156762],[106.77217420324092,10.67750859819115],[106.7574596366808,10.693809540744745],[106.75212836555423,10.704532449439668],[106.75199979592078,10.72109356829116],[106.77151486525156,10.745523453570359],[106.80185184077835,10.760758300240358],[106.8055619227956,10.770083298373445],[106.81953041676636,10.780927847103984],[106.826046223044,10.774522108594963],[106.82432980902651,10.759552177077069],[106.84823063230793,10.775378420365348],[106.86302371018886,10.765375988341267],[106.87258166409799,10.766326885556808],[106.87463172512986,10.772768899142605],[106.86531188307247,10.789103950898513],[106.88151690520793,10.806380927744115],[106.87920444097422,10.817924481775393],[106.8495612624913,10.856236135341986],[106.8473023473938,10.866535145865003],[106.85122940476519,10.875732119569998],[106.83929449909351,10.901498196606205],[106.83258063251753,10.906353353552003],[106.81697089104298,10.90287244287249],[106.80889899120673,10.919490218772994],[106.78824622001139,10.922121407581228],[106.79057318706704,10.932215096178824],[106.77250678040959,10.941600207068094],[106.77004248616944,10.950261477451688],[106.76449591686611,10.952192668838482],[106.76337439649603,10.964642887008944],[106.77609259714522,10.95951974695401],[106.79647834008937,10.973955514922043],[106.78164679728143,10.987045649909406],[106.77467353167087,11.002944356026886],[106.78509528501476,11.018147832140876],[106.81150825046306,11.028818492726515],[106.81074531247558,11.043114071520481],[106.79869849843293,11.055627232480866],[106.82604224993149,11.06520021489715],[106.83859260285799,11.041524293921507],[106.85913093220005,11.032081010074773],[106.86926276816806,11.02134645051211],[106.89369208962756,11.027485252252818],[106.90625770289152,11.021979688705162],[106.91149146749962,11.02761876450878],[106.91282661206051,11.041307806070137],[106.92249305563188,11.046692251725652],[106.9222336568963,11.054248213688568],[106.93035896290401,11.062854170174948],[106.93722541770468,11.063155531199335],[106.94188697758959,11.056744932288021],[106.94795234729057,11.05976617238468],[106.95195777921707,11.070307134738872],[106.94499977194532,11.077935576136039],[106.94678505144363,11.088318228759706],[106.95904548930363,11.10006558813316],[106.95832069614704,11.107524276033722],[106.96578224520968,11.109748244185258],[106.95349129020441,11.128876090620198],[106.95705421862372,11.135236145013458],[106.95445259542025,11.14148843383409],[106.96421059193938,11.14236962860545],[106.96599586950735,11.147351623591558],[106.95592506866045,11.152723671062486],[106.95398720360643,11.162961365811247],[106.94211586564603,11.167189004842122],[106.9457245701963,11.176707628853276],[106.93393715495944,11.188575153182683],[106.9244538184834,11.186995868088951],[106.9209214081756,11.192180042462663],[106.90628822881646,11.193076497603668],[106.90709694584896,11.203332310774334],[106.90135201174591,11.208935147903587],[106.918037498801,11.21980322004797],[106.91109475072975,11.241566069247535],[106.93121346407032,11.244056111784893],[106.9273529911714,11.246704466140432],[106.92469033357857,11.270621665520073],[106.94176491954816,11.29412020033574],[106.93865212770343,11.311132797182685],[106.95117196418737,11.321726210753592],[106.95135507178425,11.335974107022569],[106.93496713205637,11.353823076079063],[106.91194161938876,11.355082881644666],[106.90076455568659,11.340541255038104],[106.88788613721306,11.341119182773872],[106.87161263757403,11.326007259302958],[106.87542733377018,11.307767283067632],[106.85633096005435,11.319922817951763],[106.85591897358788,11.330178632038573],[106.86325845104136,11.341667546598849],[106.85614785604129,11.352497473470104],[106.85519418223146,11.375716582068506],[106.84028634547424,11.375341788560464],[106.82522591998004,11.383171456800426],[106.8137131640356,11.37618770015644],[106.78518685772919,11.38004912869199],[106.78598031575437,11.398930927192303],[106.77357491933593,11.398987193723285],[106.76964578256893,11.426097295395978],[106.78790292370213,11.432628056357784],[106.80616006769911,11.453237912157048],[106.80306253420092,11.481216810549718],[106.79779825270967,11.490245245209815],[106.79115304885462,11.491957091199906],[106.75376138539306,11.476521873506385],[106.75017580390244,11.466840494269738],[106.7563782661032,11.450683975023054],[106.74206552145259,11.440906906450033],[106.73872384573028,11.432272337904694],[106.72735604765376,11.432574653890809],[106.72637948526844,11.425409698002415],[106.71779641651241,11.422064209896725],[106.71891030794121,11.415460014652082],[106.70862588300051,11.399153136732975],[106.70237740856494,11.397929573268907],[106.69758614844947,11.402810478984433],[106.68647012049064,11.395458602695914],[106.67427834821552,11.401142502547904],[106.67928322983369,11.385125541798729],[106.6756516368517,11.358275795541886],[106.67131814119087,11.353749656494346],[106.61720284387584,11.362544444374482],[106.61035927819235,11.38725605493832],[106.56073769441018,11.370492369387708],[106.54133614485255,11.386663825843236],[106.54809579019879,11.40664521023435],[106.54164132264715,11.426628503329091],[106.57302865391661,11.454967888603212],[106.55640462156894,11.484897767095958],[106.54897317341486,11.471798334907591],[106.54033669807718,11.467607890379682],[106.49621591079192,11.496135153120347],[106.43163308473338,11.499687593308963],[106.42364510851102,11.49515191875854],[106.40928658575388,11.470321101077376],[106.37978371664205,11.457319659854797],[106.37000283180356,11.44769994700432],[106.35067757213018,11.376698892153717],[106.33526619394158,11.36026231491147],[106.3310776554695,11.34833375707537]]],[[[106.55908874200003,8.678241954000043],[106.57778865300003,8.64512370400007],[106.61129528800006,8.640286398000057],[106.59624849800008,8.67269781400006],[106.61832429200007,8.69068511100005],[106.62414183900006,8.688218661000064],[106.63317600600004,8.70054323000005],[106.65648715600003,8.693251520000047],[106.63498843000008,8.717871565000053],[106.64049722400006,8.730039230000045],[106.66115236700006,8.73286629000006],[106.66201881300003,8.741363823000086],[106.65060211500003,8.744738658000074],[106.65179079900003,8.753378238000039],[106.65963351500005,8.747506877000092],[106.66812472700008,8.753971548000038],[106.66288349900003,8.760570532000088],[106.65222941200005,8.760247808000088],[106.64715065000007,8.753250696000066],[106.62220402100007,8.743753040000058],[106.62007385600003,8.731792290000044],[106.61069211500006,8.733753350000086],[106.59906978800007,8.72382755500007],[106.59081660000004,8.72448369600005],[106.58814953600006,8.708018554000091],[106.57767939000007,8.707027681000056],[106.57277330600004,8.69093012400009],[106.56765900600004,8.692650674000049],[106.55908874200003,8.678241954000043]]],[[[107.08853916306634,10.324062667892246],[107.08887485630001,10.323359809937047],[107.09012607717291,10.323907219920873],[107.08853916306634,10.324062667892246]]],[[[107.08979801698361,10.395122851945175],[107.09801487582492,10.395255412126495],[107.10482029619514,10.41310724140869],[107.08979801698361,10.395122851945175]]]]},"id":"tp-hcm"},{"type":"Feature","properties":{"slug":"can-tho","name":"Cần Thơ","region":"nam","isCity":true,"merged":["Sóc Trăng","Hậu Giang"]},"geometry":{"type":"Polygon","coordinates":[[[105.22566222885315,10.200950084287962],[105.29821013837457,10.138549260639802],[105.30332946315228,10.143631390386128],[105.3104858346702,10.134811809299194],[105.31712340807772,10.14124052820812],[105.35309682651106,10.100605371977174],[105.35713195092872,10.081990646739072],[105.36600493650622,10.071723387763457],[105.53956352923227,9.913006650588368],[105.51666258093825,9.863141448364695],[105.52106474189371,9.859099776020594],[105.45547483373765,9.822553071559465],[105.43089292392914,9.81621209173769],[105.43730161347554,9.792679223493655],[105.42554471556583,9.78690377223851],[105.42211911775269,9.778822335469838],[105.41548917324755,9.779323969473593],[105.4156188731603,9.77323285068353],[105.41109464199263,9.777398500142253],[105.41191098714476,9.769850167585345],[105.40493009020827,9.769726191373136],[105.40669248010605,9.760296258815846],[105.41474912124457,9.757868203285161],[105.41030118342182,9.74792900970082],[105.40215299012148,9.74969903022825],[105.3891906469584,9.734971437270085],[105.37255093797287,9.73096791425561],[105.3565292073653,9.712327396241959],[105.32865139965243,9.702052509062229],[105.33738705522887,9.689179813688574],[105.33816525352023,9.677327548123232],[105.35308834865849,9.67618599907091],[105.35772701964315,9.668488893914313],[105.37161251875457,9.672928246225485],[105.37136837785334,9.65895787088818],[105.39384457393987,9.660314948622915],[105.40397641023016,9.652405172775921],[105.40116879221713,9.646390348871115],[105.4067687670899,9.645040899086743],[105.39917751882189,9.62390556916207],[105.38977810551351,9.625328451734903],[105.37614437654523,9.612642675630312],[105.37384029738784,9.596144110026268],[105.37857815099413,9.586078076763966],[105.3951110485989,9.58815899431277],[105.39865108857344,9.596848873792275],[105.41429134850789,9.60143986136897],[105.41893001931693,9.592822459331853],[105.4292525912956,9.595829394081779],[105.42904659691231,9.599476245103562],[105.44702145116872,9.596575165939205],[105.45077511258604,9.586992646514053],[105.46738430566128,9.59038105051056],[105.46910854855969,9.596953773785703],[105.47671505435557,9.591907882881952],[105.47505947649998,9.585400009046726],[105.48780819464982,9.58268585137252],[105.4924926430158,9.58946742943568],[105.50386044128118,9.591260336171949],[105.51081081927602,9.58396568141231],[105.52387997275429,9.595044515090414],[105.53678890931062,9.595219036663902],[105.5479049362515,9.583651920433134],[105.5548324253722,9.565343279220107],[105.54530330505447,9.450621978192046],[105.57865138742689,9.413401973650588],[105.58657069932138,9.421831500457191],[105.60014339273056,9.423137080276685],[105.61360164395686,9.407624612473134],[105.61955257217019,9.41528738563519],[105.6390990806323,9.408898720678437],[105.64107509367422,9.402642616008945],[105.63665767375562,9.396138557002809],[105.64751430228264,9.395179159893743],[105.64990230176792,9.387432462659211],[105.65875240014307,9.385489828257752],[105.6731261795922,9.390784627500437],[105.68798061059755,9.378970508582817],[105.70163722658684,9.377406481476623],[105.70700832074853,9.384969119238818],[105.70509334326437,9.396435146448791],[105.7236785488584,9.390277270246536],[105.72814937394922,9.395638827286417],[105.73745056729598,9.395183111941114],[105.73695369627409,9.401481988165427],[105.7517394634381,9.408772829416979],[105.7713927846871,9.411002518149981],[105.78430934972548,9.40122067960134],[105.77732082337866,9.393612265882158],[105.7851714695852,9.383406996095083],[105.81504054964918,9.370119449719466],[105.81806178942603,9.37153279498151],[105.81352992969954,9.37610375630229],[105.82239528633515,9.385614750438265],[105.82073207874274,9.392162679008345],[105.83219142968457,9.391501781644516],[105.83534999949212,9.398589489099555],[105.83199306533777,9.398805972829821],[105.84188076201846,9.404661533407848],[105.84862514528226,9.389288303342097],[105.85581203528115,9.384883280456808],[105.85369869248606,9.377261514907689],[105.85903926796286,9.359892244033546],[105.81214137775841,9.339317676681183],[105.82599635407122,9.276450508188146],[105.82026667855847,9.2685731586466],[105.82698817431262,9.245789877837204],[105.89923854379842,9.274287571427129],[105.97954555347982,9.295952186340978],[106.09883114064887,9.33615146097364],[106.10321041404926,9.336696008621379],[106.10816189044273,9.327503541346614],[106.12464901258686,9.331704476369575],[106.15959164138476,9.351551391289767],[106.18125149395223,9.370403624799541],[106.18686672877105,9.379113531413592],[106.18729397707786,9.411996223915823],[106.17214199913033,9.42470584242222],[106.20488736407403,9.455233910334096],[106.2100906121339,9.477658608569294],[106.2475967166849,9.492934562096973],[106.2664489516691,9.506319380863363],[106.2855834750433,9.541354513764064],[106.29258726287034,9.576482155241742],[106.2997436354478,9.585928299199557],[106.24751280068782,9.617450099813523],[106.17173765642357,9.685537684586093],[106.1054611091869,9.756236428614146],[106.06893919765818,9.778749820956858],[106.05111693312094,9.802457213259864],[106.0226974395478,9.82578027419156],[106.00167082923407,9.85124051949649],[105.9958496020996,9.865587597612246],[105.96050261833079,9.902034171235602],[105.92140197197583,9.930207621233553],[105.90602874218298,9.93197001208508],[105.8596954298993,9.966503516510278],[105.82612609527548,10.005377192413857],[105.8131179784186,10.03076781884814],[105.78103637635884,10.070077323142057],[105.65692901896749,10.151300820858584],[105.62485504532201,10.186362660324862],[105.61650848831808,10.21372739187168],[105.60457611589119,10.233037390992175],[105.5644607620712,10.274033945412231],[105.54207611839128,10.292737408766568],[105.512741096875,10.30800096891993],[105.49543000177724,10.325343537541222],[105.4875564662741,10.323962618017623],[105.4770889366666,10.310563493853094],[105.42669678443235,10.30301611721227],[105.44144440192815,10.269681383110752],[105.33621978909468,10.23441832571189],[105.31203460955639,10.273922380333474],[105.3065414449745,10.268933709427717],[105.30147552759931,10.276978907392376],[105.26711273162164,10.238872942253188],[105.26094818238964,10.245889125078516],[105.25315093910253,10.23851817625571],[105.22566222885315,10.200950084287962]]]},"id":"can-tho"},{"type":"Feature","properties":{"slug":"tay-ninh","name":"Tây Ninh","region":"nam","isCity":false,"merged":["Long An"]},"geometry":{"type":"Polygon","coordinates":[[[105.4993362864193,10.952991912426926],[105.5162659120005,10.922398038644383],[105.58261875531947,10.891873779903293],[105.61268619610398,10.831965862962617],[105.59587100979239,10.830608785609703],[105.78063205125595,10.658745213667336],[105.80789950697682,10.653598231613847],[105.83446505867066,10.638483446020228],[105.90904238650761,10.539587411239165],[106.10240939307066,10.522837064723538],[106.10117343432103,10.575811768093809],[106.28601840966935,10.586992636402712],[106.31044010112329,10.565549267350008],[106.32126764335072,10.569160739835453],[106.33666232983637,10.550014864729977],[106.34827426763296,10.544791590128494],[106.34782413218157,10.53042067054082],[106.36935428293634,10.518092522062283],[106.36866234336098,10.497963648349364],[106.3735885957868,10.494655973479198],[106.37052157928818,10.487674124441066],[106.38792422858863,10.476518994459127],[106.40592960095388,10.492167835953424],[106.44069675136734,10.466925027503256],[106.45127872001532,10.450204255171531],[106.41478732420505,10.430569055608066],[106.42073062243341,10.427744271473285],[106.42465213015278,10.41130292577167],[106.45188144061846,10.413397192685569],[106.45883944831773,10.405336736948438],[106.45462039260063,10.400720952822347],[106.44892886335056,10.404402136415191],[106.44876864630628,10.398388266256932],[106.45620730638656,10.394642232467774],[106.46183017088943,10.399341940019308],[106.48064425675108,10.398650525003916],[106.48146060358059,10.404263851836108],[106.51056674533872,10.428400395152796],[106.51821902803869,10.424279567338745],[106.52885440446711,10.433328029482903],[106.5365448336363,10.421882029326337],[106.54441836902106,10.42883812967355],[106.5564728133436,10.425303811959777],[106.5578384735,10.414089555413312],[106.57064059737462,10.41226612950365],[106.58792117691105,10.41792713906989],[106.58532718374101,10.43578087641973],[106.60123447171007,10.43771778856868],[106.62805179444194,10.452327124586194],[106.63898471912967,10.479338996185644],[106.64446262516992,10.483159414828858],[106.65093235086485,10.483707777674548],[106.6586304097266,10.47706829623463],[106.66287235218398,10.44349609775745],[106.67965702002691,10.43899093972881],[106.68960575036515,10.446164477839481],[106.70491794728468,10.47108875534925],[106.73587040325576,10.498094905091948],[106.74401266485305,10.499982635187957],[106.74909468192138,10.530708477267947],[106.74195892900454,10.565366523457884],[106.74469196494701,10.57492454122409],[106.73730001186654,10.577340594981365],[106.7383240467686,10.585663569020431],[106.72781601199304,10.581642641476115],[106.72145516317805,10.594977722926817],[106.71935715810616,10.603815717695609],[106.72385843810376,10.611892511862504],[106.73219210746291,10.609322026936066],[106.72761924266922,10.616044644339187],[106.73247131528841,10.630560626932166],[106.72318839639493,10.644430752411532],[106.70139849331038,10.653378813551267],[106.69161055539463,10.648578195839631],[106.68531960726736,10.656722947566918],[106.6849015614012,10.650780931665793],[106.67054051715087,10.640335014175163],[106.65723160425453,10.643615107036656],[106.6535165168409,10.633328121192516],[106.63513055938012,10.625967216579692],[106.62997054862365,10.626732242213475],[106.62960563621317,10.641680218701735],[106.62149364937935,10.640835253133215],[106.62315369337526,10.64789223878308],[106.60789578300015,10.657811410142122],[106.59176280361821,10.650071487308471],[106.57902187040142,10.654670501153268],[106.57774587793376,10.649063537676625],[106.56862090515625,10.656567638693842],[106.55857889154503,10.648844679880899],[106.55593697591233,10.656929649438753],[106.54967694499378,10.657447681578816],[106.55367107544662,10.675184726321941],[106.55084512899883,10.683850692169926],[106.53424221209146,10.687673811047341],[106.52774141318723,10.718825882964676],[106.52117147061983,10.722972951517166],[106.5099474154575,10.71736293480211],[106.50310153454232,10.724825053816703],[106.4898315663618,10.726467098036643],[106.46379179166638,10.75636622777087],[106.50451175851374,10.788907246988757],[106.53179143920228,10.90244994140963],[106.45429187637498,10.941402457135878],[106.4109781909118,10.973859740464722],[106.37202732987858,10.970837947487407],[106.35726149842178,10.990545035956908],[106.36283647367318,10.997469016510692],[106.39258342935341,11.000086895615935],[106.4123524422503,11.010165808907356],[106.40892852660988,11.021279788808071],[106.42357612893416,11.046869531653572],[106.42076177772975,11.064123744436106],[106.42572830218066,11.066553344808394],[106.42656888348408,11.091752781826713],[106.44757307350173,11.13032661626407],[106.43010718771991,11.148068814113858],[106.43705756717678,11.15884151894674],[106.43048865910887,11.174625784021421],[106.42507178828433,11.170414358213232],[106.41243751033811,11.173687368209265],[106.4053421740902,11.187953383087798],[106.39902503548598,11.181456954956518],[106.38886268186974,11.185184868393177],[106.38417823336903,11.192086609321793],[106.38873298415983,11.21134129408085],[106.38046271998736,11.217296038182146],[106.38392646552484,11.22741070813388],[106.37217719863455,11.242783938122372],[106.36019142002147,11.238706027870476],[106.35287482995321,11.248341953674359],[106.36440284641681,11.259757435467446],[106.3521729269073,11.262420095117474],[106.35533912733727,11.286747373346143],[106.3462143714579,11.288714803852356],[106.34546668987448,11.283041394929317],[106.34218605124032,11.28436128078893],[106.34285743797955,11.296783842761839],[106.33592994705555,11.2946437976878],[106.34461220014691,11.323128143322057],[106.33345802597871,11.339833657213132],[106.33107765564195,11.35316221042025],[106.35067757213018,11.376698892153717],[106.37000283180356,11.44769994700432],[106.37978371664205,11.457319659854797],[106.40928658575388,11.470321101077376],[106.42301186815558,11.491197031180784],[106.42876443500182,11.535398882767774],[106.44464120557822,11.547386568751218],[106.45494088719353,11.541373652069172],[106.4777070022709,11.547716539539731],[106.4904099447182,11.570166032124272],[106.48295602764674,11.59728376290141],[106.48623666781485,11.603850764523695],[106.47715005924084,11.613063259938478],[106.46972665810127,11.613810939738174],[106.46443185993509,11.639847204471103],[106.44956217106525,11.664426253907553],[106.45067606263068,11.669593260700108],[106.41384897430727,11.677388597514556],[106.39511881247252,11.692582537489018],[106.36914072297066,11.696412495813496],[106.33966837102516,11.6818889895674],[106.32972726989335,11.685929708612909],[106.31724557971933,11.676886969965102],[106.30094919253342,11.675361091431586],[106.26929483598332,11.705852923233603],[106.27278909939587,11.711943087253088],[106.26692209450066,11.719359812985711],[106.22976694348156,11.730725705207274],[106.20776376880215,11.730722845523967],[106.18812570842924,11.753345910140348],[106.1777421015667,11.74620384299242],[106.16780100065708,11.748366777066284],[106.15465555293525,11.736508790365002],[106.13409433515095,11.744759028323065],[106.11268625328762,11.74338383179822],[106.10533151718914,11.746520465774442],[106.10043344598097,11.756246037938086],[106.09415445388346,11.756496853900062],[106.08801279202929,11.76667637456838],[106.06610880010638,11.775308081550431],[106.04719553138052,11.774293373727295],[106.03967294848269,11.778557252373718],[106.01576242429618,11.767921877168336],[106.00963602017333,11.74790234558455],[106.01431283781226,11.72451538878764],[106.00232705788605,11.704421470084656],[105.98290261749888,11.692298363939656],[105.97695931925804,11.683220337523533],[105.98063668681598,11.668180893106678],[105.95340737537747,11.639506767275204],[105.92525490918611,11.649288607738622],[105.8838196686127,11.676829770429324],[105.85325631330444,11.662455038281074],[105.83698281277675,11.647932486238274],[105.82849892536413,11.620791868311107],[105.81200417430139,11.619120077920456],[105.81072243349877,11.588020758107792],[105.8194046833112,11.567655994586652],[105.84528359015577,11.561209154814083],[105.86175545292777,11.56650109344592],[105.88443764217399,11.537845085413105],[105.88425453565642,11.5116190406567],[105.88082893753406,11.511558005534345],[105.87925728182513,11.502060363543249],[105.88451393352136,11.48391098655757],[105.87960823271185,11.482364126945424],[105.87957771384815,11.469548649945013],[105.87467964328741,11.462912984961376],[105.88636024569998,11.451535649390117],[105.8991623701363,11.451450771100683],[105.90380104111408,11.441180652269363],[105.89987953185376,11.427441065387073],[105.8920670310671,11.425301020555318],[105.88014228616251,11.406757778189968],[105.87075050134044,11.403893893806881],[105.87796790856795,11.391978686146661],[105.87090308832815,11.374050562149025],[105.8826981306063,11.367541734759902],[105.8828507185771,11.358704033607262],[105.86722571652469,11.318507615541435],[105.87073523744274,11.30762046874928],[105.86475379095657,11.283461036586397],[105.88912970647462,11.287400663863801],[105.9077606887139,11.28357166040887],[105.91165167869417,11.266889035650678],[105.90694434090591,11.252423701775186],[105.91088110852873,11.239517627161062],[105.92640692612551,11.217090066760884],[105.94071966933903,11.205912048584226],[105.96417242836547,11.196134978198058],[106.01389319296915,11.190639904361737],[106.02121740957425,11.142953325196086],[106.05524450797435,11.122289108114748],[106.07485205124622,11.098406240275601],[106.08862310839223,11.099738522349236],[106.09905249076444,11.08769742906611],[106.1013031611328,11.072655123419924],[106.10870367442806,11.072295588336083],[106.12260443250482,11.08887330876173],[106.1432648331132,11.100398462157552],[106.15403753851238,11.101453225279506],[106.1872406619034,11.050510801216872],[106.19313055217151,11.00775281137367],[106.20427709641365,10.977487001347724],[106.18943792397293,10.97457829595986],[106.15797430002817,10.982372677355936],[106.14408117208393,10.975600637155141],[106.15274053350616,10.942339336056508],[106.14022832413828,10.915417110325029],[106.16127019324445,10.887257965717986],[106.18693547420675,10.838053137004493],[106.1891479968864,10.790055659775309],[106.16348271347066,10.811868101158995],[106.09536747793956,10.808002862184233],[106.07027439884676,10.812792215763075],[106.01090245227847,10.854721465270785],[105.94674687563133,10.916177197580327],[105.94417576992466,10.910098478198126],[105.95204167382738,10.895274563163282],[105.9506073475507,10.8895029256686],[105.95584111251857,10.885612888667243],[105.94799046461304,10.874987049242625],[105.93074040272259,10.864526196014086],[105.93056492632424,10.849708957692222],[105.93605046018526,10.846944255036373],[105.9334717241523,10.839118403783973],[105.90019993481681,10.844389363660769],[105.84970097279349,10.86388914593031],[105.86447911181584,10.899884629861495],[105.80857854191771,10.973407203590085],[105.77819066511063,11.03197234666265],[105.72165685075892,11.022605359088823],[105.6893387325017,10.998464049308591],[105.6648712639715,10.986638488344655],[105.53630070336274,10.951966710254741],[105.50508884958184,10.948836752683059],[105.4993362864193,10.952991912426926]]]},"id":"tay-ninh"},{"type":"Feature","properties":{"slug":"dong-nai","name":"Đồng Nai","region":"nam","isCity":false,"merged":["Bình Phước"]},"geometry":{"type":"Polygon","coordinates":[[[106.41149150711783,11.974781453303788],[106.46737681739843,11.867181234269392],[106.46043406820075,11.862069540428472],[106.44599162471467,11.866531783987071],[106.44560252465092,11.859840804352505],[106.43988810890316,11.857701713776548],[106.43908702085314,11.838740759664898],[106.44765483128408,11.823039464656034],[106.43494425829056,11.808645658346116],[106.43411265339059,11.800044469780307],[106.41424570827418,11.766453198523811],[106.42198191284086,11.73872988542864],[106.43784342245638,11.706974436526862],[106.45239267792867,11.69168512784369],[106.44936380700817,11.665062354794948],[106.4647370353225,11.639396116542004],[106.46419534762886,11.62431280246889],[106.48494730053167,11.604788227267425],[106.48310098686171,11.594776553689673],[106.49058542219996,11.580054681303904],[106.48062906026536,11.547439020265578],[106.45548257399501,11.541468066394511],[106.44203958126701,11.54673807135605],[106.42876443500182,11.535398882767774],[106.42364510851102,11.49515191875854],[106.43418893186075,11.500676553163116],[106.4754486985838,11.49602262016936],[106.48760232418758,11.498949447083465],[106.5419007241956,11.467994127951478],[106.55635079799703,11.483724032107018],[106.57323464686043,11.456625375007713],[106.54122933519912,11.425019654433545],[106.54769143159801,11.40428772700919],[106.53949746143368,11.388312728911947],[106.56108864661216,11.37040653859883],[106.57775124508578,11.379122167001468],[106.61322793177762,11.387425808718834],[106.61694344531712,11.362703707269471],[106.6717759037731,11.354006195086606],[106.6784058488429,11.37747612081983],[106.67427834821552,11.401142502547904],[106.6855774817142,11.397142791953948],[106.69682320964758,11.402953530280262],[106.70423898056275,11.396384619931368],[106.70862588300051,11.399153136732975],[106.72644932375428,11.43177526829834],[106.74097451868634,11.433199310044941],[106.7412568058915,11.438528442201966],[106.7554398515974,11.449217223573957],[106.75009164617842,11.467930221662515],[106.75347146853733,11.474610710519366],[106.7908631336178,11.491965674571219],[106.797401524185,11.49081458943148],[106.80792245800974,11.461326023434731],[106.8049393632622,11.449954411306178],[106.7820435485756,11.42835273451964],[106.76964578256893,11.426097295395978],[106.77279672104015,11.40139045395627],[106.78598031575437,11.398930927192303],[106.78518685772919,11.38004912869199],[106.81095895294312,11.375959771386006],[106.82505044462349,11.383903877830502],[106.84381112639413,11.375146285754928],[106.85461434814708,11.376702682183824],[106.85858926323311,11.36125315752651],[106.85481271219142,11.361493483249047],[106.85577401493721,11.35334528895111],[106.86336526294262,11.340052975922411],[106.85542306194769,11.328853978444439],[106.85700997567368,11.315387142947042],[106.87473305956802,11.308162105165415],[106.8699646876802,11.321470631585335],[106.87296304025627,11.327834499261916],[106.88548287697814,11.34070242708517],[106.90029916291398,11.340573679990639],[106.908149810576,11.353600871279024],[106.92984017861713,11.355280291739303],[106.93984231560691,11.351515184140313],[106.95135507178425,11.335974107022569],[106.95185861078969,11.323101410540788],[106.93788918877027,11.312451729566911],[106.94176491954816,11.29412020033574],[106.92479714469083,11.271260627692133],[106.92526253735713,11.254759199704946],[106.93121346407032,11.244056111784893],[106.91187294874435,11.242121107992302],[106.91661843252773,11.235704786786702],[106.91368874397114,11.232531912677036],[106.91738137009325,11.218239195323337],[106.90155800563649,11.207863218288434],[106.90760048556938,11.201314337005583],[106.90734108555974,11.192216283248156],[106.91994484651954,11.192899112656399],[106.9238968724175,11.186823253333568],[106.93334969225745,11.18909681293488],[106.94554146370807,11.177031878335006],[106.94116982017178,11.16813600390037],[106.95226296000679,11.164318444788224],[106.95690163206933,11.152015091322857],[106.96564491807241,11.148713470591618],[106.96461494954042,11.142445922454424],[106.95403297811838,11.139665962627516],[106.95487984046342,11.127438903515856],[106.96523292879068,11.108068822845386],[106.9574280576377,11.105768561259493],[106.95780952709724,11.09930455611367],[106.94721992627423,11.089918494827042],[106.94490821837523,11.078496335872607],[106.9525605011132,11.071591733238696],[106.94716651858405,11.058530210571318],[106.94075019793269,11.057354329265022],[106.93247230501362,11.064542174082385],[106.92344673097827,11.056895613284487],[106.92349250645381,11.048652052342268],[106.9123612191222,11.040354132367488],[106.90961463631665,11.023367284969133],[106.89369208962756,11.027485252252818],[106.87267310751794,11.019821525168027],[106.85913093220005,11.032081010074773],[106.83962257030095,11.040288333120406],[106.82759101655915,11.064518337741584],[106.80187232680586,11.059646016344859],[106.79975898439093,11.052831059318796],[106.80977637908089,11.044583683723415],[106.81150825046306,11.028818492726515],[106.7932663676021,11.022904758926451],[106.77450568545567,11.005251294047453],[106.78071601141039,10.988827114082284],[106.79579932406507,10.971142175783925],[106.77635962514252,10.959828738510684],[106.77111823171485,10.96529615406416],[106.76201636364773,10.962182407017645],[106.76496130939181,10.951950434531277],[106.77104956657881,10.951299075404451],[106.77175910005721,10.94235933168354],[106.79163367173737,10.930529000507642],[106.78930670689795,10.924263360240229],[106.80908972652273,10.919744850143658],[106.81622320971616,10.903619169905218],[106.83830267840379,10.903333065489006],[106.85119236548847,10.875095062926224],[106.84680237918442,10.865795138676246],[106.84942337938668,10.85662664885493],[106.88180596460839,10.81112484688886],[106.88012086667605,10.803002937992444],[106.86480281973823,10.787421955750792],[106.87421776488847,10.774223961056455],[106.87035171278379,10.76507196541865],[106.84823680679557,10.775379046641385],[106.82367036627778,10.760208239989737],[106.82601032499727,10.775096642005078],[106.81778492013207,10.780431262325873],[106.80185184077835,10.760758300240358],[106.77151486525156,10.745523453570359],[106.75710983053243,10.728935543361706],[106.75199979592078,10.72109356829116],[106.75186461270256,10.70560863446227],[106.77274843152085,10.676287439921659],[106.80707227561231,10.657451223156762],[106.82392099685433,10.629037132164076],[106.83759928746801,10.627037996282896],[106.84264002120368,10.637925059915144],[106.85985595582126,10.636529922687268],[106.8727480294842,10.647997820333783],[106.88182997969595,10.647938846020851],[106.90357978977342,10.624492673242878],[106.91212668190339,10.607769585303554],[106.9207216323845,10.610006549742923],[106.9269195460597,10.60324951314536],[106.95969643667894,10.593809321698412],[106.9818053207023,10.580603212720018],[106.99044141584953,10.604122189030283],[107.00794225325488,10.613255837637888],[106.9972916184428,10.623566010860939],[106.99915319275786,10.634653428864734],[107.00753026789465,10.637550690774702],[107.0158081609419,10.631933548968025],[107.01322179595918,10.643395761108842],[107.04435735625287,10.657498696064533],[107.09657293324513,10.652119970313315],[107.10102850132401,10.663089132032248],[107.13377386419614,10.6851266376677],[107.13919073588671,10.725010252030525],[107.1452484751872,10.724885320553591],[107.14623266779134,10.73111567505392],[107.13889319019965,10.73249468786901],[107.13681799616803,10.74354491386034],[107.1551819482155,10.745287275304383],[107.19017798392564,10.771283483212219],[107.20625732592045,10.774607893672151],[107.20650488746665,10.758051250573699],[107.21098334258348,10.75846800545495],[107.21093756508151,10.75258192738139],[107.23008734717429,10.763986919057645],[107.24392706841952,10.756429048722755],[107.30046851176803,10.755002348604387],[107.30521399518283,10.728242246684736],[107.30191046644927,10.72986253837906],[107.30451208906793,10.712023105776693],[107.30061346833409,10.702540722387585],[107.30725104140956,10.695881214278144],[107.30002600355753,10.68336900717579],[107.31904608363045,10.669202173366335],[107.3329239533258,10.67761644134814],[107.3508454010519,10.67826684646687],[107.35255438709589,10.701128327841447],[107.34796149171231,10.705759371575784],[107.35771948860574,10.714165056191812],[107.36069495329421,10.727382982671958],[107.37075049519207,10.731286371211304],[107.40045935960129,10.768255555796994],[107.41077430170336,10.774346673963612],[107.41915900691788,10.771026932165674],[107.42621619784232,10.787614190277532],[107.44422156952203,10.803903901304196],[107.45361335493489,10.803001724649095],[107.45793922038843,10.79135831375216],[107.47355659185651,10.791910491693402],[107.48306281697207,10.770927746999615],[107.49505622475405,10.768262227466012],[107.52204139367116,10.773538906466047],[107.56147773723244,10.799791651472257],[107.57353218172808,10.816638308660515],[107.57707222083481,10.833456354803733],[107.57353981214538,10.84724839385245],[107.55965431491103,10.86736234038745],[107.56024178220721,10.936552368403046],[107.54273995329396,10.978268946720258],[107.53636940763901,10.978052462235661],[107.52964028225335,10.99414190406103],[107.50474556940893,11.014068930330172],[107.47443398292246,11.007011741790429],[107.45050820217166,11.02058062144023],[107.43911751677437,11.032861086798258],[107.39678200627499,11.049070691355196],[107.40065773914498,11.053879117560351],[107.41690835032578,11.051517819707142],[107.4259644423099,11.064707134457395],[107.42328652445664,11.077126836292052],[107.43183144727583,11.082289074613952],[107.43250283457397,11.087882374976894],[107.43879708463979,11.088193273016287],[107.4421692770349,11.083227490361672],[107.45396432343199,11.110945081087536],[107.43467721435417,11.135997154351164],[107.44287881400979,11.139454222454132],[107.44483194029668,11.148518896869263],[107.45706185930095,11.150321341479218],[107.45471963517664,11.159116126173357],[107.46120462092097,11.166125633223443],[107.4598465897086,11.174653388432583],[107.47047433683764,11.18131003494503],[107.47268686204966,11.19353900163753],[107.47796640235877,11.19008479210654],[107.47311410773392,11.200050689269055],[107.48372659610169,11.203214027145545],[107.47904214862282,11.208238937582115],[107.48735055926836,11.215352393431656],[107.48426065458264,11.22024760492744],[107.48928842553417,11.224868156935147],[107.4978333475561,11.219888068845197],[107.49341592870356,11.224630691355864],[107.4993287100622,11.228286125447793],[107.4968110101987,11.242130615654393],[107.50715646873456,11.237060882046766],[107.51628122550518,11.250820495215999],[107.52439127264392,11.252037382890812],[107.518623451499,11.285594323965821],[107.52339945346645,11.300468782196461],[107.51805887819562,11.311120370923263],[107.53512583455749,11.324741701523601],[107.54466257978994,11.365569453751055],[107.53526316581964,11.355277400714225],[107.51754008200858,11.372944218204179],[107.51297007545003,11.384580952787468],[107.5010911078977,11.384104116904364],[107.49725352244617,11.394838675181049],[107.4883729075633,11.396296843398094],[107.48650370718426,11.429429397858605],[107.47169505311668,11.43613277596216],[107.45525370668821,11.431321489986274],[107.45368205061851,11.420118677003227],[107.44403849705422,11.419348108735141],[107.44451151931435,11.430496561956456],[107.42984019263584,11.428107608956127],[107.4298249346823,11.439046253475492],[107.46208201768172,11.462952960706321],[107.46083079689726,11.47116981869255],[107.47119151518534,11.479311336150662],[107.45603953809275,11.491091123126614],[107.44176494134624,11.514962545447764],[107.43311320810922,11.51237427374484],[107.4306794313855,11.518701903227972],[107.41894542245124,11.512045257449651],[107.41004954871826,11.527778023690729],[107.38612376742434,11.525414820172779],[107.37487040902104,11.51559292782251],[107.36700450304046,11.517862673384275],[107.37575541909925,11.523672457533607],[107.37893687788846,11.54309975701925],[107.37052165645312,11.558338519654914],[107.37003337481038,11.548647281187906],[107.36118327738951,11.554668782425598],[107.3659592781884,11.559832928147022],[107.36104594984448,11.58184373196514],[107.35655223423485,11.558955548906319],[107.3483887815071,11.554089901454581],[107.34519206548244,11.543193219441013],[107.33733378920373,11.545211193795577],[107.33383952653617,11.553190587028206],[107.31004344431767,11.555229544370166],[107.30283366723963,11.568838478197808],[107.31169139448973,11.570200323772495],[107.29725658067792,11.58510720926252],[107.30655681341563,11.598562600719728],[107.30067455065557,11.607409836735734],[107.30448924795714,11.616834047237308],[107.26873027675312,11.641427403143135],[107.27246105108003,11.651765233595858],[107.26568614916236,11.66002786769839],[107.28512584842639,11.686428433764306],[107.27951061326551,11.690943128181901],[107.28643047627223,11.726594336909068],[107.29599773784082,11.729226477369002],[107.30041515691875,11.738663084885948],[107.31524670019132,11.740394956604309],[107.32531750174286,11.749078161936406],[107.35344708122365,11.753053074944884],[107.35648358007695,11.761950856849575],[107.36264050162958,11.761071568315893],[107.3731385491121,11.770677930337694],[107.38684857142152,11.773036365626286],[107.39277661134295,11.767914180081453],[107.39743054192404,11.77966726294382],[107.39351666414153,11.795398122286935],[107.40925610597958,11.806270962189116],[107.4052583035371,11.818633443835015],[107.42718518496672,11.846444493414879],[107.42670453303185,11.852598553552847],[107.42377484731641,11.862052328305003],[107.4063569385453,11.866844542769035],[107.40149701603143,11.888340362817756],[107.38564313523669,11.918543230507924],[107.35291303203488,11.939118756068238],[107.35606397196929,11.93954409505385],[107.352333198659,11.94758166241276],[107.35686505973983,11.951992405985589],[107.34937299459757,11.9691575908246],[107.32231916338458,12.004747766198694],[107.29489911822503,12.00941695624704],[107.29195417303279,12.02151622263086],[107.29092420469156,12.016511339994016],[107.26969159937705,12.013990779710836],[107.25232709702824,12.020996472420256],[107.24370588189781,12.025998495275005],[107.24300397830132,12.038691901239048],[107.23208631320982,12.02741756347077],[107.22939314006152,12.08615722714556],[107.24007429410526,12.113764192150372],[107.22833265552208,12.115616229005482],[107.22169508273542,12.125927355661435],[107.22779859846452,12.1333650618552],[107.22672285566507,12.160283474199874],[107.20413985458556,12.298018848267835],[107.19131484175982,12.295393382558869],[107.18341841696932,12.283651744161222],[107.1516725061355,12.276067173579372],[107.15254988605797,12.267459309683373],[107.13780226397158,12.245072758003225],[107.13834395101112,12.231340800410619],[107.13018812772806,12.224921619341973],[107.12603010821017,12.227639590948966],[107.1235734428461,12.222133075440443],[107.12049116721009,12.224640286387775],[107.12046827854748,12.22037926904468],[107.10056318770151,12.2070106626798],[107.09281172081228,12.181567585046633],[107.07567610137858,12.188787854210547],[107.0710908344398,12.178796208877117],[107.08052076571086,12.169577038200776],[107.07942976167031,12.163296138842679],[107.0645829597965,12.15829411683715],[107.05905164849683,12.161042606122562],[107.04959119823604,12.13434640052796],[107.02938093123217,12.125850117721567],[107.02832807393358,12.121595776083465],[107.02374280799069,12.12638608274472],[107.0185090434057,12.11907330813359],[107.00515760237842,12.115435994064397],[107.01247419135389,12.109782613003222],[107.00286115435468,12.109424984760954],[107.00614179401148,12.104016697911678],[106.99844373466175,12.102579511301453],[107.0006867766219,12.095529949814141],[106.96452344485907,12.081705487736297],[106.94385541405241,12.067302144995393],[106.9162751517045,12.062368789048836],[106.91191113813944,12.067416587386235],[106.89756787619767,12.067340294535981],[106.88612378512823,12.073673646385393],[106.8704758953757,12.073372285842595],[106.8556596109483,12.066041392089026],[106.84683240249505,12.073879642600541],[106.83646405482283,12.073077602596726],[106.82617200141416,12.084239408007702],[106.8057557415688,12.078427716924525],[106.79439557277547,12.08203642060185],[106.77995312745354,12.071854994441013],[106.78158581841593,12.062644408191197],[106.77160656963463,12.056329176711268],[106.7532120965404,12.022408887977576],[106.74671948288491,12.021439002144394],[106.74962628108284,12.013884946719143],[106.7457963248628,12.001984998625058],[106.74016583167469,12.000515386727777],[106.72145092443992,11.969225332322276],[106.71331036040202,11.971916601527715],[106.7045289266043,11.966433927978306],[106.69937908606039,11.969542906236228],[106.69232189581689,11.963136122676188],[106.68294536922464,11.965841697066544],[106.67573559177858,11.979795860438518],[106.6703187216262,11.976992057706786],[106.65605175402432,11.98915999037694],[106.6491471512348,11.978994776159105],[106.65796673056568,11.963826585247476],[106.64543926470856,11.965135026696622],[106.64037334724577,11.974543023979395],[106.6325684767546,11.961257387143162],[106.63029491703013,11.970842767723983],[106.6230393625065,11.974653650788673],[106.53105938086152,11.968399459224528],[106.53132640896732,11.974714690779702],[106.52049266938654,11.980287964055686],[106.51126110253819,11.980312759948431],[106.49140178731042,11.968223030977269],[106.4710389329894,11.972496447188387],[106.45621501911661,11.987945019079241],[106.44101726508673,11.985458790432936],[106.43141948611739,11.97232383388893],[106.41149150711783,11.974781453303788]]]},"id":"dong-nai"},{"type":"Feature","properties":{"slug":"vinh-long","name":"Vĩnh Long","region":"nam","isCity":false,"merged":["Bến Tre","Trà Vinh"]},"geometry":{"type":"Polygon","coordinates":[[[105.68230438387282,10.134497078061518],[105.78885650579144,10.062841795636585],[105.82612609527548,10.005377192413857],[105.8596954298993,9.966503516510278],[105.90602874218298,9.93197001208508],[105.91921233619335,9.931453119606028],[105.96157073309924,9.90106714576093],[105.9958496020996,9.865587597612246],[106.00167082923407,9.85124051949649],[106.0226974395478,9.82578027419156],[106.05111693312094,9.802457213259864],[106.07164763262317,9.775955555417772],[106.11119078384432,9.751195305922591],[106.17173765642357,9.685537684586093],[106.24751280068782,9.617450099813523],[106.2997436354478,9.585928299199557],[106.3087463209922,9.595237113353411],[106.33054350104369,9.582978583167904],[106.36684415956309,9.550099704218225],[106.36840055422549,9.534671159962635],[106.3802261162794,9.529108377256316],[106.403480511294,9.537144989440606],[106.41345213005992,9.529208510742242],[106.43049619748297,9.53186830803645],[106.48795316963933,9.55053648025625],[106.5259475569495,9.576775874285072],[106.55757140136173,9.616659486513074],[106.58107756850085,9.669873561313047],[106.57891082173983,9.692801800143364],[106.57238768985621,9.695156421659876],[106.56439971622727,9.742425292416895],[106.64574432641548,9.818262425173138],[106.66456604404178,9.840050069674897],[106.6865387037016,9.877282468865351],[106.68756104325018,9.884077397920406],[106.67113495697403,9.902928679178961],[106.66282654696174,9.925885529918206],[106.65055085187004,9.934800477885796],[106.65054322422846,9.978859279103865],[106.66623689104392,9.999559734365237],[106.6799392832546,10.004886957588832],[106.69713594104978,10.026695582732698],[106.7341308769329,10.040317864251255],[106.77782442223736,10.088821739780427],[106.79038240762205,10.1168836070985],[106.78648378701817,10.125410408950252],[106.78920748308693,10.151807161571583],[106.77772524472131,10.168686244354621],[106.75330355275977,10.180653905498186],[106.75431063352075,10.190960263275247],[106.71075442007623,10.211646416547916],[106.69122317125662,10.2309039645566],[106.66580202761149,10.239582401840936],[106.5904159801232,10.25082718043703],[106.54194643709586,10.265558590724684],[106.47724154335846,10.306641930994987],[106.44832613601316,10.306497927956555],[106.40249636349287,10.334194540232648],[106.3772964736109,10.340543151491367],[106.30467989462328,10.319153193736636],[106.28801729659196,10.330601102111112],[106.21453096666116,10.316336044598753],[106.14288331956963,10.28405703361036],[106.10604097247908,10.284243954923898],[106.08868409875011,10.276241674467814],[106.03462983931234,10.298782724323642],[105.9919815247058,10.33048476892715],[105.97484590458302,10.328911207909846],[105.92693330345985,10.283719443266303],[105.90084840159723,10.274209404519247],[105.8934936661767,10.275947953340642],[105.879890453687,10.26473178947592],[105.88928810539731,10.246015314379232],[105.90193940315966,10.24496021195477],[105.90242005457759,10.233460806512067],[105.91162873493356,10.226974866831549],[105.91875458805015,10.212827107321697],[105.91233063711455,10.192458531722556],[105.90084839718067,10.19170703580556],[105.8962173551143,10.18693389720016],[105.87619019347909,10.18918647628993],[105.87046051667913,10.154595754170028],[105.8515625058665,10.160069846504824],[105.84910584058663,10.150177381839297],[105.81848145055419,10.149527931652967],[105.79839325504084,10.15901794608621],[105.77480177356581,10.188967577857245],[105.76578522351413,10.1792596856087],[105.74795532867464,10.196654707496126],[105.72779083855755,10.20470562641126],[105.68230438387282,10.134497078061518]]]},"id":"vinh-long"},{"type":"Feature","properties":{"slug":"dong-thap","name":"Đồng Tháp","region":"nam","isCity":false,"merged":["Tiền Giang"]},"geometry":{"type":"MultiPolygon","coordinates":[[[[105.18517306930383,10.890736066460537],[105.194221529268,10.847094974412814],[105.20948031856618,10.84946390094971],[105.23464968941092,10.805731255502636],[105.26133731168994,10.799879507669173],[105.25839999366309,10.780332997881187],[105.26174929739841,10.771070912651552],[105.27236941442845,10.764700368347032],[105.30291750992363,10.759958696696765],[105.30297091595328,10.750128221462745],[105.28057101120558,10.735754443386698],[105.27547457622848,10.728522731174412],[105.27784731690528,10.723538828891622],[105.29788210696844,10.716191721372665],[105.33953097282566,10.722884604941363],[105.35033419545363,10.71483559353448],[105.33794405650347,10.673440404947828],[105.33917238796288,10.653578229596777],[105.34693148075297,10.623787349074567],[105.37108614142917,10.573205414631936],[105.39661409550143,10.56705039860523],[105.41300966337845,10.551228940013493],[105.445816060728,10.5528282502419],[105.47873689819754,10.535465654428604],[105.48837282387923,10.542263443851319],[105.51194765278255,10.546991760085112],[105.53195955495426,10.537839346495517],[105.55024721355011,10.52134077927082],[105.57357789869295,10.468525338682625],[105.57399751328423,10.428727554625263],[105.55479432725674,10.434277940425076],[105.54980134662664,10.429830297564944],[105.5467758323852,10.421402383509712],[105.55178071546226,10.416214394413814],[105.53904725609084,10.412855553986116],[105.5237808361564,10.399361063483871],[105.52883912351076,10.375876832233784],[105.52154542259375,10.370511459902023],[105.52102662314154,10.363745141236357],[105.49922944188087,10.353046822584284],[105.48773957165083,10.334579874015509],[105.512741096875,10.30800096891993],[105.54207611839128,10.292737408766568],[105.58953095133516,10.249328057678868],[105.61110687788447,10.223607458173138],[105.62485504532201,10.186362660324862],[105.65692901896749,10.151300820858584],[105.68230438387282,10.134497078061518],[105.72698212274223,10.203471572320773],[105.74769592870366,10.19692841165351],[105.76578522351413,10.1792596856087],[105.77467346748975,10.188792614961164],[105.80113220751294,10.15546264785117],[105.81848145055419,10.149527931652967],[105.84764862648976,10.150022887148529],[105.85118103642452,10.15873851618447],[105.87046051717753,10.154494665423464],[105.87619019347909,10.18918647628993],[105.89518738589761,10.185510060721793],[105.90084839718067,10.19170703580556],[105.91193390788912,10.192345044192786],[105.9197235210476,10.2113307928733],[105.90277100691085,10.233221434488936],[105.90193940315966,10.24496021195477],[105.88978577818034,10.245664024796637],[105.8773346067997,10.264331246722724],[105.8934936661767,10.275947953340642],[105.90084840159723,10.274209404519247],[105.92693330345985,10.283719443266303],[105.9693145933496,10.32473792911193],[105.98297883869915,10.331147573424829],[105.99491121168643,10.328866383881872],[106.03462983931234,10.298782724323642],[106.08868409875011,10.276241674467814],[106.10372926540995,10.28370226795316],[106.14288331956963,10.28405703361036],[106.21453096666116,10.316336044598753],[106.28801729659196,10.330601102111112],[106.30181124169124,10.319005375179493],[106.36791994710134,10.339571358218475],[106.38748171602138,10.339683891601398],[106.44832613601316,10.306497927956555],[106.47724154335846,10.306641930994987],[106.54194643709586,10.265558590724684],[106.59577944387294,10.249635087447889],[106.67780306633097,10.236646991144323],[106.69122317125662,10.2309039645566],[106.70927431753174,10.21233306266986],[106.75431063352075,10.190960263275247],[106.75659945288805,10.205505705333387],[106.78017428318283,10.22078070647814],[106.776512173794,10.237018919091847],[106.78022006119944,10.248770094009286],[106.75579074009043,10.266345360215086],[106.78173831304008,10.292618133484257],[106.78272251014101,10.375639300852312],[106.82252780509747,10.377407772798414],[106.76314917222392,10.452448382687107],[106.7435745389171,10.497621562850906],[106.73587040325576,10.498094905091948],[106.70491794728468,10.47108875534925],[106.68960575036515,10.446164477839481],[106.67965702002691,10.43899093972881],[106.66770175874231,10.439495434722986],[106.66136173239974,10.445632329231668],[106.6586304097266,10.47706829623463],[106.65330509276123,10.482846609461996],[106.64446262516992,10.483159414828858],[106.63898471912967,10.479338996185644],[106.62805179444194,10.452327124586194],[106.59764102732683,10.436461799419089],[106.58532718374101,10.43578087641973],[106.58946994401762,10.41883408319207],[106.5723038060123,10.41227280435139],[106.56137851200154,10.413239831084363],[106.5564728133436,10.425303811959777],[106.54972842736296,10.424549455984952],[106.54543307918544,10.429348345433434],[106.53894046370603,10.421548243715685],[106.52658084514482,10.432215091124652],[106.51857760952932,10.424237605148186],[106.51056674533872,10.428400395152796],[106.4796905832563,10.396722195441708],[106.46454623460018,10.400172590096949],[106.45899203513187,10.395296453751344],[106.44880679388424,10.40180146662205],[106.45943454075653,10.404094098615843],[106.45362857114529,10.41175687337773],[106.43125918655026,10.414954544702246],[106.42465213015278,10.41130292577167],[106.42124179232545,10.427649858048218],[106.4153290116005,10.42966211130737],[106.41785434051762,10.434754732492037],[106.42732241959611,10.433904053734908],[106.44702914727976,10.450415970115575],[106.45382493566746,10.451049253936207],[106.4421692230996,10.457884194845795],[106.44189935703812,10.466326933133049],[106.42737582810256,10.473307017279865],[106.41703799899028,10.488102321535413],[106.40805820147288,10.491919880720612],[106.39761356009524,10.486269359829048],[106.39310458761749,10.477575665332653],[106.3792496063615,10.480602627446443],[106.37201694057262,10.486842520224505],[106.37161258404413,10.506509191858274],[106.3664856310063,10.511059172291079],[106.3691254018179,10.516978629811858],[106.3487854367639,10.528405557454018],[106.34865573713564,10.54359854309802],[106.33666232983637,10.550014864729977],[106.32135641143257,10.569084801836352],[106.31063462148481,10.565628291563153],[106.28627017908246,10.586889639608946],[106.10117343432103,10.575811768093809],[106.10240939222577,10.522837125301978],[105.90999606060676,10.53858128559279],[105.83466342383473,10.638309877027678],[105.80945590416994,10.651630801471761],[105.78146365529615,10.6586145601323],[105.59774021226087,10.829036175974192],[105.61268619610398,10.831965862962617],[105.58261875531947,10.891873779903293],[105.5162659120005,10.922398038644383],[105.4993362864193,10.952991912426926],[105.49400333877658,10.94844288573711],[105.48349003424619,10.952057312487804],[105.4833221868765,10.957833717846505],[105.47298435745013,10.964569520629832],[105.451904339405,10.954625559414067],[105.43343357642183,10.973000003718814],[105.42652134520888,10.97273106762619],[105.40474705006245,10.929977847806427],[105.3885040681278,10.92061944179548],[105.38049320275105,10.90393777120884],[105.37132266980984,10.900380565894126],[105.36891178181031,10.890354588309958],[105.36022190049077,10.887114956835951],[105.35937503679727,10.880161716458115],[105.33799747285907,10.862062886179652],[105.26634982860718,10.894377192020686],[105.24019626309942,10.89198060865086],[105.2156448725425,10.89955183170285],[105.19808200711978,10.911627256909362],[105.1889801387514,10.911789381425281],[105.18517306930383,10.890736066460537]]],[[[106.78438570957736,10.223046636385664],[106.79045870727519,10.213342045632464],[106.78618624578274,10.202672337482513],[106.8005829129894,10.206689212632117],[106.79167941095301,10.22314295693025],[106.78438570957736,10.223046636385664]]]]},"id":"dong-thap"},{"type":"Feature","properties":{"slug":"an-giang","name":"An Giang","region":"nam","isCity":false,"merged":["Kiên Giang"]},"geometry":{"type":"MultiPolygon","coordinates":[[[[103.45850364178094,9.304890166017147],[103.47431174715736,9.302980909433694],[103.47201529833892,9.29110384895913],[103.47608939529671,9.285979756973921],[103.48532096227011,9.287004001779769],[103.49565116412025,9.300345906163315],[103.50148765025853,9.298392780253714],[103.50402060952378,9.307947644125973],[103.51073447658393,9.309281833506175],[103.50667564070726,9.319451817264635],[103.48098746761913,9.32070780707046],[103.46244803966636,9.31232119643468],[103.45850364178094,9.304890166017147]]],[[[103.46715537171303,9.25524760099773],[103.4675749884515,9.254468449039642],[103.46894064964339,9.256010541386912],[103.46715537171303,9.25524760099773]]],[[[103.48439017523351,9.278801449245217],[103.48677817650987,9.278236874213126],[103.48556510317069,9.283256061989988],[103.48439017523351,9.278801449245217]]],[[[103.52246085790699,9.322381504211734],[103.53201285914513,9.316607005460913],[103.53396598517462,9.322422511376908],[103.53009025240961,9.327794559161168],[103.52246085790699,9.322381504211734]]],[[[103.53514854112673,9.329880244892037],[103.54139701551973,9.325380807852268],[103.5420684024086,9.332921511131886],[103.53514854112673,9.329880244892037]]],[[[103.63870994718265,9.386187079229218],[103.64032737879417,9.383793356181712],[103.64161674677213,9.384431363694707],[103.63870994718265,9.386187079229218]]],[[[103.64611045981262,9.379954816534779],[103.64698021039075,9.379557134559748],[103.64696495225958,9.38040495066017],[103.64611045981262,9.379954816534779]]],[[[103.80789182985765,10.358817599138058],[103.80877684029771,10.358091851726748],[103.80885313406729,10.358742257634349],[103.80789182985765,10.358817599138058]]],[[[103.81127928202112,10.372929116891353],[103.81271360828242,10.371943972160834],[103.81323240678684,10.372329256408314],[103.81127928202112,10.372929116891353]]],[[[103.83231352308825,10.365013619883173],[103.84209440670107,10.356448669886655],[103.86000822223643,10.303490178750106],[103.86849210881816,10.308041112372388],[103.88024137639627,10.303463473989469],[103.89157102658149,10.29041244042141],[103.90452573891758,10.292474284020196],[103.91486356908868,10.288493645824834],[103.94847867846782,10.242517004713752],[103.9702453374188,10.166276461569762],[103.9905166322697,10.049241544383687],[104.00009152155373,10.044942380142258],[104.01007076789654,10.010048389533962],[104.0147475874516,10.016176700627039],[104.02390286074672,10.017736910924487],[104.02982327159006,10.01255369035462],[104.03989407150364,10.015142915627354],[104.05077358859035,10.00589418081999],[104.03028866560385,10.033147333852208],[104.03845974728536,10.041197298487631],[104.03465268009275,10.051479816394274],[104.04172512890695,10.059905527982144],[104.04193875328983,10.069534778214415],[104.02812192059022,10.078802586442936],[104.02478787371356,10.073359013779786],[104.01824185425332,10.081725599155394],[104.02569577253232,10.092516422638925],[104.02648923066587,10.106403829541225],[104.03612515648281,10.11863470219479],[104.03188321465011,10.140483381988624],[104.04328916084927,10.15249014065812],[104.05404660936028,10.194633009305672],[104.06066129467817,10.208218100277145],[104.07131193090488,10.21635675711227],[104.08098600471624,10.245765211497021],[104.07492826743619,10.27354574590737],[104.07994841092494,10.306754593712757],[104.07274626380396,10.3379492813498],[104.08025358847577,10.35653734828423],[104.07756041379498,10.373409754522307],[104.05712126741845,10.401643284886184],[104.04040526464847,10.415833960078816],[104.03050993940656,10.413889418472213],[104.00579833204762,10.447726739653161],[103.99316405479759,10.45135356387604],[103.98023986078063,10.447087779146711],[103.9729995636783,10.43863059500376],[103.96735381041188,10.410937799625728],[103.94867705195095,10.402830615405739],[103.93641661311993,10.370483888925904],[103.92589567680724,10.361011042870384],[103.83970640665275,10.378057977139267],[103.83231352308825,10.365013619883173]]],[[[103.84059904228103,10.322758215719187],[103.84094236567697,10.322362441317562],[103.84104154774496,10.322866935400706],[103.84059904228103,10.322758215719187]]],[[[103.8616714298245,10.300435558767674],[103.8620376406913,10.299761312042806],[103.86236570429668,10.300652996981672],[103.8616714298245,10.300435558767674]]],[[[103.97887416785882,9.918251513493216],[103.9822997660338,9.919186112756043],[103.98220058456792,9.922502993453998],[103.97887416785882,9.918251513493216]]],[[[103.98559566530211,9.91193246694697],[103.99069209993036,9.90871286134687],[103.99528499626399,9.912567613548227],[103.98559566530211,9.91193246694697]]],[[[103.98849483379826,9.907997605029042],[103.98897548582927,9.907145974607394],[103.9894179911875,9.90767717114969],[103.98849483379826,9.907997605029042]]],[[[103.99134822933533,9.92928361735144],[103.9938506701185,9.927711008152547],[103.99410243962369,9.928829668054892],[103.99134822933533,9.92928361735144]]],[[[103.99206539075831,9.903251167679505],[103.99343105247625,9.901745316956811],[103.99403377498311,9.903588768905726],[103.99206539075831,9.903251167679505]]],[[[103.99572750080699,9.919938562409373],[104.00169368746215,9.91647481608906],[104.00270076766617,9.91982412079496],[104.00173183516262,9.923037048790116],[103.99572750080699,9.919938562409373]]],[[[104.00688930997784,10.001007556583296],[104.00756069615393,9.993658542053756],[104.01340481312803,9.991364000237626],[104.00688930997784,10.001007556583296]]],[[[104.00946041161735,9.910702225183371],[104.01687618267427,9.912252898796842],[104.01122280133579,9.914666649408007],[104.00946041161735,9.910702225183371]]],[[[104.0096587786536,9.964741227570798],[104.01108547453826,9.949636933378072],[104.02382656308481,9.941575523202125],[104.02331539400541,9.959585663894755],[104.01752468421857,9.967954156954569],[104.01142879805438,9.969986436597857],[104.0096587786536,9.964741227570798]]],[[[104.01333614748823,9.983742235597461],[104.01728054435203,9.974930284645408],[104.02716823852978,9.970833298783505],[104.01817318398338,9.984367845764947],[104.01333614748823,9.983742235597461]]],[[[104.01618190845807,9.931169029154429],[104.01744075825854,9.928061005798618],[104.0232848757954,9.931076523243178],[104.01618190845807,9.931169029154429]]],[[[104.02091213194981,9.90567540628396],[104.02336116767711,9.90905618243822],[104.02100368479829,9.908168311298018],[104.02091213194981,9.90567540628396]]],[[[104.02143856055403,9.920035835061519],[104.02416225467684,9.915877814542306],[104.02593227406598,9.917760367793026],[104.02143856055403,9.920035835061519]]],[[[104.02862545608511,10.005736826478325],[104.03478237635989,9.999451158737998],[104.03429409577146,10.002850053706116],[104.02862545608511,10.005736826478325]]],[[[104.03161616586878,9.801367275117553],[104.03205867150838,9.801088801560127],[104.03240199464243,9.801683894631008],[104.03161616586878,9.801367275117553]]],[[[104.03638454952673,9.997054574358788],[104.04021450538347,9.99145936745325],[104.0420379306771,9.992813584205294],[104.03638454952673,9.997054574358788]]],[[[104.04199977366974,9.819848529923688],[104.04543300165643,9.819769374890475],[104.04444880983736,9.823442927837366],[104.04199977366974,9.819848529923688]]],[[[104.05796050083045,10.403702267393225],[104.06015776649099,10.402742871012086],[104.06100462975817,10.404453763599669],[104.05796050083045,10.403702267393225]]],[[[104.09264369675637,9.847518433580166],[104.09397884104435,9.844348420236466],[104.09816737895427,9.849418153203539],[104.09264369675637,9.847518433580166]]],[[[104.23625944235033,10.20595025297525],[104.23697660536845,10.205151073361073],[104.23731229875484,10.206484310735416],[104.23625944235033,10.20595025297525]]],[[[104.23682401749384,10.209270947095899],[104.23948667704866,10.21109627996932],[104.23824308475707,10.211531154647465],[104.23682401749384,10.209270947095899]]],[[[104.30007933127128,10.2545943164017],[104.30203245614292,10.255045404176737],[104.30027006586108,10.25516175297649],[104.30007933127128,10.2545943164017]]],[[[104.30496977370842,10.260308733369888],[104.30661772228193,10.260104646311142],[104.30641172932255,10.26100491541398],[104.30496977370842,10.260308733369888]]],[[[104.30596160077631,10.363376134448709],[104.30915068764494,10.362437718538098],[104.31040190839883,10.363903516626133],[104.30596160077631,10.363376134448709]]],[[[104.31008146960059,10.285456171952982],[104.31143187211447,10.28532456462044],[104.3110885493359,10.286174288980137],[104.31008146960059,10.285456171952982]]],[[[104.31210325922083,10.290441027364377],[104.31716154741851,10.291682710793664],[104.31642912674222,10.293233386140063],[104.31210325922083,10.290441027364377]]],[[[104.31343077365375,10.278785219441346],[104.31612395013681,10.279256334804193],[104.31725310025969,10.281048288918399],[104.31343077365375,10.278785219441346]]],[[[104.31601713951714,10.301013460934763],[104.32114409280166,10.304512492020457],[104.32005308986663,10.306644908603907],[104.31601713951714,10.301013460934763]]],[[[104.31888579512119,10.358149999107571],[104.31995391002066,10.3551239898424],[104.32086180833983,10.361372463854469],[104.31888579512119,10.358149999107571]]],[[[104.32025145336073,10.311776629050044],[104.32205199107662,10.311175814250674],[104.32299040684175,10.314538470174805],[104.32025145336073,10.311776629050044]]],[[[104.32178496328524,10.31905602532956],[104.32919310480332,10.312510004569226],[104.3374481107402,10.319714060965074],[104.33263396247573,10.323581210026045],[104.32178496328524,10.31905602532956]]],[[[104.32336424635055,10.307580462122962],[104.32501219540457,10.307088365853078],[104.32482909059223,10.307844630046038],[104.32336424635055,10.307580462122962]]],[[[104.3234786925408,10.38831281088516],[104.32525634123375,10.38943909959558],[104.32477568907434,10.390360349547048],[104.3234786925408,10.38831281088516]]],[[[104.32425688411129,10.286140909190436],[104.33544920683154,10.285618294922696],[104.33300780081494,10.28861950825366],[104.32425688411129,10.286140909190436]]],[[[104.32627868029523,10.396526808043651],[104.32833861656228,10.394313329554608],[104.33312224817371,10.401853078748452],[104.32627868029523,10.396526808043651]]],[[[104.33030700112752,10.404877179676706],[104.33150481594282,10.403648847423106],[104.33185576804786,10.405195707060592],[104.33030700112752,10.404877179676706]]],[[[104.33208465284086,10.452178472858014],[104.33323669215383,10.45052957122749],[104.33465575864818,10.452522749745773],[104.33208465284086,10.452178472858014]]],[[[104.33304594858068,10.29856251752675],[104.33329008780937,10.298237314026055],[104.33383940521861,10.298836221023489],[104.33304594858068,10.29856251752675]]],[[[104.33578490702327,10.405223363494446],[104.33727263839386,10.4060492450457],[104.3362503007853,10.406076901139153],[104.33578490702327,10.405223363494446]]],[[[104.33662413435383,10.298888674298087],[104.33692931002984,10.298779955275885],[104.33695982695518,10.299070825328863],[104.33662413435383,10.298888674298087]]],[[[104.33754729102166,10.290883530490635],[104.34255980273518,10.292519082437947],[104.34162901778716,10.298017015076248],[104.33754729102166,10.290883530490635]]],[[[104.34151457659937,10.301686753444464],[104.34173582844224,10.301342478149111],[104.34214781633499,10.301822175946121],[104.34151457659937,10.301686753444464]]],[[[104.34177394243407,9.73133132094978],[104.34256739941459,9.729876014375774],[104.3437194385139,9.731665106962176],[104.34177394243407,9.73133132094978]]],[[[104.34206385886239,9.711999389028264],[104.34373469620064,9.702196568955479],[104.34378047243878,9.714488478635577],[104.34206385886239,9.711999389028264]]],[[[104.3423995935948,10.425462239285919],[104.34326934478746,10.42246293382037],[104.34510802848847,10.426330083937438],[104.3423995935948,10.425462239285919]]],[[[104.3457031135409,10.296709527798496],[104.35236357584263,10.297283639588855],[104.35060881434852,10.300166596288754],[104.3457031135409,10.296709527798496]]],[[[104.34613032379274,9.683808774621895],[104.34742732141434,9.67012354692999],[104.35888667104444,9.659323185258057],[104.36234278693523,9.661720722086397],[104.35797114563144,9.689650983465933],[104.36316676310935,9.694401234066973],[104.356841995882,9.710988492885285],[104.35527796961908,9.691784352356713],[104.34613032379274,9.683808774621895]]],[[[104.3523253953577,9.72449442872762],[104.3533706224246,9.720769377172507],[104.35526271257633,9.726856680220148],[104.3523253953577,9.72449442872762]]],[[[104.35912318139614,9.647727458626248],[104.36242670892675,9.646981684445057],[104.3613738535751,9.649733035245799],[104.35912318139614,9.647727458626248]]],[[[104.36064143638366,9.736373396285703],[104.36690516941549,9.740756482944802],[104.36338801868835,9.742252798379734],[104.36064143638366,9.736373396285703]]],[[[104.36165614092572,9.654702633081934],[104.36546320871362,9.651847331921616],[104.36571497878509,9.654207675504653],[104.36165614092572,9.654702633081934]]],[[[104.36402125312841,9.64494654330908],[104.36504359219457,9.640836206811668],[104.36641688308858,9.644413439383735],[104.36402125312841,9.64494654330908]]],[[[104.36437983807792,9.710532635379279],[104.3668059858607,9.709979504678955],[104.36674495135595,9.711730449967963],[104.36437983807792,9.710532635379279]]],[[[104.37845607083467,9.713730304539235],[104.3793258224461,9.713751285672501],[104.37892909447159,9.714017360435731],[104.37845607083467,9.713730304539235]]],[[[104.38309474260565,9.703135935851678],[104.3846816564139,9.696898905470851],[104.38821406660753,9.705949276150694],[104.38309474260565,9.703135935851678]]],[[[104.38524623060923,9.6779179259419],[104.38655848642559,9.677268473079813],[104.38732905501627,9.679528681496251],[104.38524623060923,9.6779179259419]]],[[[104.38729090880751,9.683344332394443],[104.39134974628645,9.68249556236127],[104.39620204253858,9.690723863848897],[104.38729090880751,9.683344332394443]]],[[[104.38777155904219,9.663188425668752],[104.38927455085353,9.662756410558952],[104.38883967419693,9.66369673320614],[104.38777155904219,9.663188425668752]]],[[[104.3891067028167,9.653205361915754],[104.38945002587393,9.645912613733765],[104.39318080047487,9.65546175477947],[104.3891067028167,9.653205361915754]]],[[[104.39090724013757,9.661656824247865],[104.39202113232552,9.662125078241262],[104.3912658225012,9.662481752353822],[104.39090724013757,9.661656824247865]]],[[[104.3910598287266,9.66430994689297],[104.39177699188143,9.663752046476045],[104.39184565653031,9.664421526247883],[104.3910598287266,9.66430994689297]]],[[[104.39404291973145,9.636290993301984],[104.40126795657146,9.630865540305162],[104.40736384305586,9.64117952752052],[104.39404291973145,9.636290993301984]]],[[[104.39457697923169,9.65966173696118],[104.4069442281813,9.67313810848066],[104.39899439954978,9.674574342643364],[104.39457697923169,9.65966173696118]]],[[[104.39820857096431,9.64835974272561],[104.40016932525423,9.650070633366434],[104.39873499926479,9.649877991772803],[104.39820857096431,9.64835974272561]]],[[[104.4018249055996,9.68032309114959],[104.40410609441433,9.681535211457081],[104.40299983144254,9.682404962652544],[104.4018249055996,9.68032309114959]]],[[[104.40395350673212,9.685039011729666],[104.40405268924262,9.683644739309893],[104.40531153935886,9.684747186604762],[104.40395350673212,9.685039011729666]]],[[[104.43894958185456,10.42352055360514],[104.45267486171507,10.40012405951346],[104.44362639907847,10.383491979548765],[104.44264220573078,10.365135656358392],[104.45789336631131,10.369349942784524],[104.4648208570034,10.376577839824952],[104.4821243237305,10.37692783748698],[104.52808379416662,10.321597556626147],[104.53237151298494,10.309444884932239],[104.5275497351636,10.301241377944178],[104.53399657274424,10.287023047167336],[104.53047942199261,10.277941205931395],[104.54267882369254,10.291247823811402],[104.54907225660662,10.290682294557147],[104.56757353850641,10.276494479336117],[104.57886504199058,10.2596640347731],[104.59277342583314,10.215211365616682],[104.5844116080849,10.210978958882036],[104.58764647168555,10.211348984467714],[104.5858154163328,10.204735252230776],[104.59669493327775,10.193371268970138],[104.59089659234286,10.184482070982323],[104.59766386587717,10.181389304092328],[104.60993193077216,10.161785573790944],[104.60086057952263,10.1445631689493],[104.60702513054427,10.1425757114275],[104.61763761863136,10.147598714267371],[104.6436614828573,10.136970965536392],[104.65794371193756,10.164800135170427],[104.70043944243636,10.210370508487804],[104.73497008340738,10.227896179772834],[104.76541899773277,10.220495665519095],[104.795906056941,10.202820263053349],[104.8186263930995,10.180966814459678],[104.86457060383462,10.109760716545091],[104.88412474073105,10.089871837140103],[104.90050505134502,10.086259317840872],[104.95006559896412,10.096582840125109],[104.99235533410386,10.097826428756568],[105.07611845354623,10.012007177376141],[105.10575101903419,9.951471743025365],[105.10371396957693,9.932729180117107],[105.09316251616504,9.926651414896432],[105.0886382851861,9.926720079794137],[105.08097837433989,9.945885119791374],[105.07375333677133,9.94892352664881],[105.04304502274722,9.938293873691379],[105.01132199869379,9.912427367164355],[104.95650479483972,9.855541647562172],[104.9232101156319,9.850038948728576],[104.90358731407098,9.853125994183712],[104.89560696646525,9.847078745104467],[104.88587948670904,9.824266856034392],[104.87648006914654,9.769156876436968],[104.86177822352865,9.729978981570465],[104.85050197627469,9.681186140992962],[104.83602900491624,9.53198665226977],[104.84551997189695,9.529551920409734],[104.88024134487661,9.495086127859004],[104.91650386177997,9.561695511102648],[104.94543452467772,9.533044270418907],[104.96305079844039,9.555895261352221],[104.97827144006357,9.543773104939733],[104.99491114919601,9.540164400759725],[105.00305171416292,9.558517862914606],[105.26216883698835,9.399341017151846],[105.27807612575916,9.43286362365143],[105.29454798900493,9.433553128587665],[105.29125209342595,9.467467695918046],[105.29850764961417,9.504086882260662],[105.31045528164594,9.507040411971778],[105.31545253444256,9.5024980600491],[105.32283778952656,9.516027838753656],[105.32080837144103,9.526120574255506],[105.32981868612285,9.527622610904187],[105.32244869235545,9.545440108858505],[105.32341762565899,9.559414299175916],[105.30886837103994,9.55565300758807],[105.31278987989238,9.570885094558154],[105.29412838101788,9.585832033158667],[105.2863311411849,9.601984416023877],[105.2860717435988,9.624530232316088],[105.29196926560064,9.636738217229361],[105.30330654592812,9.62861386391465],[105.30850216271567,9.607757006681329],[105.33013149549458,9.599905404021987],[105.34232326952895,9.612135323653506],[105.3457793831069,9.592506797993757],[105.37151333128185,9.589073568655312],[105.37743374321417,9.61545792294662],[105.38977810551351,9.625328451734903],[105.39845272642215,9.622841267953643],[105.4070129087676,9.64364948842967],[105.40118405035162,9.645457655593889],[105.40623471076412,9.650443464648609],[105.39276882917156,9.660415084436433],[105.36901089507016,9.66054383131918],[105.37248989980485,9.672807129856801],[105.35594174150211,9.668844613516344],[105.35308834865849,9.67618599907091],[105.33847805831289,9.676801119564342],[105.33824917711384,9.6869157904572],[105.32804104769826,9.70146123118966],[105.3565292073653,9.712327396241959],[105.37255093797287,9.73096791425561],[105.39093777958426,9.735953722332265],[105.39443967205536,9.745162401051486],[105.40215299012148,9.74969903022825],[105.41223904981054,9.74961605967671],[105.41478444026802,9.757713556379569],[105.407188390631,9.759513291538953],[105.40493009020827,9.769726191373136],[105.41433713450418,9.770782861473057],[105.41027829740824,9.774813089301643],[105.41651151189808,9.773606691027597],[105.4138946306669,9.77913991030066],[105.42773435222621,9.783967408381123],[105.4254607926717,9.786226664087389],[105.4349975365248,9.792858514402385],[105.43253324369132,9.817160044140605],[105.47660062735186,9.83260956686315],[105.52106474189371,9.859099776020594],[105.51745603848008,9.864756019067533],[105.53956352923227,9.913006650588368],[105.36600493650622,10.071723387763457],[105.3577651904883,10.081331657449624],[105.35309682651106,10.100605371977174],[105.31712340807772,10.14124052820812],[105.3104858346702,10.134811809299194],[105.30332946315228,10.143631390386128],[105.29821013837457,10.138549260639802],[105.22566222885315,10.200950084287962],[105.26094818238964,10.245889125078516],[105.26711273162164,10.238872942253188],[105.30127716330091,10.276978906898286],[105.3065414449745,10.268933709427717],[105.31203460955639,10.273922380333474],[105.33621978909468,10.23441832571189],[105.44144440192815,10.269681383110752],[105.42669678443235,10.30301611721227],[105.4753646924578,10.310759949665547],[105.48457337282294,10.316401887776006],[105.48705292621516,10.32362215549306],[105.49543000177724,10.325343537541222],[105.48773957165083,10.334579874015509],[105.49166108198028,10.346277643188166],[105.51982880847468,10.3628305675827],[105.52062989438579,10.36953108314106],[105.52787781961746,10.37443392298852],[105.5237808361564,10.399361063483871],[105.52954865786793,10.400307107645002],[105.53155518953749,10.407649445621626],[105.54003144728837,10.413390565656242],[105.55105592362095,10.415913987421384],[105.54858400010473,10.42748110382143],[105.55479432725674,10.434277940425076],[105.57399751328423,10.428727554625263],[105.57357789869295,10.468525338682625],[105.55024721355011,10.52134077927082],[105.53195955495426,10.537839346495517],[105.51316072697998,10.54703372171923],[105.48837282387923,10.542263443851319],[105.47873689819754,10.535465654428604],[105.445816060728,10.5528282502419],[105.41510774704712,10.550526082178408],[105.39367677807692,10.568868102090317],[105.37108614142917,10.573205414631936],[105.34693148075297,10.623787349074567],[105.33981325723599,10.649384923092335],[105.33794405650347,10.673440404947828],[105.35073855336076,10.712653585937252],[105.34680178597263,10.719048926349311],[105.33424380293373,10.723321388617526],[105.30037691875631,10.716148805700948],[105.27987673593402,10.72196622017822],[105.2757797525637,10.729752971923363],[105.30297091595328,10.750128221462745],[105.30291750992363,10.759958696696765],[105.2640991497241,10.769123509646416],[105.25821688817707,10.78308339540858],[105.26133731168994,10.799879507669173],[105.23184970199452,10.808484512175308],[105.20948031856618,10.84946390094971],[105.1961517662994,10.845200977676676],[105.18630221823952,10.874737226370152],[105.1889801387514,10.911789381425281],[105.15627292490562,10.92349478193217],[105.10919955910083,10.917612521896197],[105.10005954439035,10.92159792757602],[105.11675266084575,10.943424671000617],[105.11512760147255,10.962114780746164],[105.0795441043227,10.9527697286494],[105.07913974508071,10.935996503533202],[105.06848910991354,10.937487097764448],[105.05309299122138,10.928012343286769],[105.05348208960395,10.914665670411418],[105.04325107174273,10.910732718108557],[105.04588321174727,10.899485082512992],[105.0284271563594,10.89155528190798],[105.03428652950234,10.869609327058823],[105.05816653254806,10.820186106049446],[105.05583956634608,10.802658525915534],[105.06161501859965,10.798485246382759],[105.06376650686028,10.781701531488721],[105.07550814451263,10.7771916046341],[105.09140780145019,10.75524183470621],[105.09771730972994,10.72165628570787],[104.95236970632848,10.63643976730929],[104.93474580433885,10.614007441074772],[104.89826966494581,10.549917665546056],[104.86843873027243,10.522245852289988],[104.75418854498793,10.518794510933736],[104.68704224397754,10.538811185680466],[104.64355469497896,10.54050491382439],[104.64438629783139,10.5304531854707],[104.62489319479282,10.528434258866724],[104.60186005267225,10.534399492735469],[104.58711243198911,10.526900751336296],[104.5868454016024,10.510372622347692],[104.58236694768999,10.50387237839753],[104.56010437340625,10.493663295112052],[104.55306243950822,10.458602412667776],[104.54206848198147,10.447997553482521],[104.51992034873953,10.442329868405738],[104.49900817574289,10.405578121862801],[104.47985076679107,10.429950223015926],[104.43894958185456,10.42352055360514]]],[[[104.46839139338037,10.019199822422687],[104.46909329710165,10.019209359317324],[104.46971127846615,10.020975564309746],[104.46839139338037,10.019199822422687]]],[[[104.46920774134371,10.072038149525667],[104.47052762627399,10.072038149868929],[104.47053525615938,10.072945093475987],[104.46920774134371,10.072038149525667]]],[[[104.47315976615813,10.057335352241177],[104.4734420549228,10.057167505148712],[104.47388455978955,10.057757830074863],[104.47315976615813,10.057335352241177]]],[[[104.49242399323913,10.138288951295506],[104.4960250680963,10.142203784081017],[104.49374387844512,10.14230678184536],[104.49242399323913,10.138288951295506]]],[[[104.49378965474986,10.135167574913137],[104.49676511862643,10.135800814892658],[104.49531553352877,10.137491679724866],[104.49378965474986,10.135167574913137]]],[[[104.49385831918396,10.126594043292348],[104.49797056136761,10.122181391749661],[104.49678037680226,10.12799975874394],[104.49385831918396,10.126594043292348]]],[[[104.49625394775957,10.101663088313133],[104.50393674819964,10.106310342771103],[104.50093076685145,10.112217402072073],[104.49625394775957,10.101663088313133]]],[[[104.49694822439342,10.13745448629496],[104.49794767488694,10.137060617957214],[104.49896238453861,10.140871501227858],[104.49694822439342,10.13745448629496]]],[[[104.49777981935469,9.972581358221111],[104.49899289167853,9.971589536119838],[104.4997253138798,9.973107786000638],[104.49777981935469,9.972581358221111]]],[[[104.49800870838774,10.11945006833177],[104.49850461959213,10.119682764630054],[104.49818418455766,10.11983916747751],[104.49800870838774,10.11945006833177]]],[[[104.49975584039983,10.118763422934416],[104.50150297132821,10.118631815060942],[104.50032041524777,10.11942050455158],[104.49975584039983,10.118763422934416]]],[[[104.5019759975221,10.17572448445856],[104.50217436211885,10.175175167580337],[104.50299070659379,10.175703502919534],[104.5019759975221,10.17572448445856]]],[[[104.50244901692022,10.123925661274876],[104.5029144093706,10.122933840760464],[104.5038375671131,10.124505495813125],[104.50244901692022,10.123925661274876]]],[[[104.50291440799153,10.084001039579306],[104.5041122228557,10.083118890425986],[104.50823972499425,10.086698983268143],[104.50291440799153,10.084001039579306]]],[[[104.50405882036002,10.15214774598433],[104.50602720444749,10.151233171818372],[104.50506590025128,10.152668452155938],[104.50405882036002,10.15214774598433]]],[[[104.50731657270983,10.15100047624716],[104.50837705847428,10.150375819283951],[104.50774381846874,10.151314235325206],[104.50731657270983,10.15100047624716]]],[[[104.50778196601006,10.161683536465153],[104.50881956266508,10.161744571263622],[104.50868986421747,10.162251926556992],[104.50778196601006,10.161683536465153]]],[[[104.50931547001743,10.088578675353657],[104.5117111000062,10.088736984520374],[104.51203916411642,10.08961436620527],[104.50931547001743,10.088578675353657]]],[[[104.51178739411091,10.097326729766154],[104.51302335622334,10.094501946132981],[104.51410673118127,10.105111573305436],[104.51178739411091,10.097326729766154]]],[[[104.51814268400686,10.15035388421151],[104.52007291916553,10.14789531110739],[104.52613066057371,10.159017061248331],[104.51814268400686,10.15035388421151]]],[[[104.51939390303619,10.138808702348925],[104.5224532900891,10.137898896819637],[104.52024076661523,10.14371535759423],[104.51939390303619,10.138808702348925]]],[[[104.52140806498853,10.166355586213548],[104.52176664621608,10.166120981753634],[104.52177427584178,10.166739916895498],[104.52140806498853,10.166355586213548]]],[[[104.5215835457673,10.245745160408228],[104.52285002530765,10.242868879260474],[104.5235671882557,10.24519870542738],[104.5215835457673,10.245745160408228]]],[[[104.52406309586617,10.185117220941711],[104.53323362717292,10.169727777366413],[104.53178404328897,10.186807131459059],[104.52406309586617,10.185117220941711]]],[[[104.5254287525489,10.118222688290013],[104.52603147611086,10.11819503138496],[104.52610013974865,10.118710968952682],[104.5254287525489,10.118222688290013]]],[[[104.52553556560957,10.125146363163433],[104.5266876035791,10.123666261479107],[104.52613828720563,10.12574527143372],[104.52553556560957,10.125146363163433]]],[[[104.52630613451062,10.121613954431654],[104.52664945603946,10.12132785074922],[104.52692411543723,10.12171599756092],[104.52630613451062,10.121613954431654]]],[[[104.52700041777078,10.273514249644503],[104.52782439172461,10.272252538843594],[104.52869414297048,10.273242453138282],[104.52700041777078,10.273514249644503]]],[[[104.52731321370993,10.122724030348119],[104.52778623593086,10.122809860840546],[104.52758024356089,10.123516533824812],[104.52731321370993,10.122724030348119]]],[[[104.52903745976589,10.16360900325031],[104.53003691019345,10.159658883798368],[104.53121946631713,10.161657784881955],[104.52903745976589,10.16360900325031]]],[[[104.53052519030344,10.145224069911027],[104.53141020017176,10.145035241778597],[104.53096006541752,10.145938371387269],[104.53052519030344,10.145224069911027]]],[[[104.53118894714258,10.141729806801813],[104.53279874898612,10.139358972036641],[104.53240965075025,10.141827081310852],[104.53118894714258,10.141729806801813]]],[[[104.533119184118,10.143891786397655],[104.53432462828444,10.143214677401364],[104.53366850058491,10.144077752793747],[104.533119184118,10.143891786397655]]],[[[104.5368652160649,10.116196129179814],[104.53809354837011,10.116058800388753],[104.53776548353007,10.116804573117655],[104.5368652160649,10.116196129179814]]],[[[104.53694914053631,10.1431355218981],[104.53807829050422,10.141656373406406],[104.53734586949841,10.143143150984015],[104.53694914053631,10.1431355218981]]],[[[104.5404281436242,10.12655112431037],[104.54536436203439,10.125550720041666],[104.54441831751838,10.134458038935684],[104.5404281436242,10.12655112431037]]],[[[104.54327390843547,10.139254066403351],[104.5449600046554,10.138893577315402],[104.54521177406157,10.13947341201092],[104.54327390843547,10.139254066403351]]],[[[104.54421994667894,10.029498547462794],[104.55032346223864,10.016246288955927],[104.55967709956103,10.016441791011246],[104.56137082641,10.026903598890627],[104.55509946489735,10.038078754565719],[104.54421994667894,10.029498547462794]]],[[[104.54489134033366,10.135634872576588],[104.54601286103268,10.134530517280389],[104.54595182596478,10.137315246452156],[104.54489134033366,10.135634872576588]]],[[[104.54781339818639,10.140068504613026],[104.55307005156772,10.144683334795378],[104.55067442140182,10.14612529044237],[104.54781339818639,10.140068504613026]]],[[[104.54925535453677,10.152069543026055],[104.55371092083018,10.147890541596793],[104.55313108690092,10.151647065052092],[104.54925535453677,10.152069543026055]]],[[[104.55268095189423,10.133178207014904],[104.5535735911838,10.13328501889137],[104.55335996816696,10.13393542539487],[104.55268095189423,10.133178207014904]]],[[[104.55370329012503,10.13424727594661],[104.55484006976855,10.133621665550281],[104.5548705880441,10.134714576677304],[104.55370329012503,10.13424727594661]]],[[[104.57096098438866,10.178638908346837],[104.57189939871274,10.177153084057615],[104.57163237124668,10.179920647590617],[104.57096098438866,10.178638908346837]]],[[[104.57139585775745,10.155448409639211],[104.57642362840453,10.153033706711406],[104.582138045948,10.15589282094587],[104.57139585775745,10.155448409639211]]],[[[104.57225798133312,10.180894348786113],[104.57282255647341,10.180707428387523],[104.57310484461796,10.181186172112449],[104.57225798133312,10.180894348786113]]],[[[104.57754515037387,10.173320267111029],[104.57828520272868,10.17236754627753],[104.57872007809948,10.173576804498559],[104.57754515037387,10.173320267111029]]],[[[104.5781326149807,10.174484702520706],[104.57831571988085,10.174289200192014],[104.57865904264328,10.174751731489257],[104.5781326149807,10.174484702520706]]],[[[104.57824705571483,10.169602844131711],[104.57883451893986,10.169623824750252],[104.57904051305668,10.170602294538352],[104.57824705571483,10.169602844131711]]],[[[104.58554075592676,10.153085204288264],[104.59214781171171,10.15327593880342],[104.5876159507658,10.154745550730434],[104.58554075592676,10.153085204288264]]],[[[104.59056089857118,10.17686125819643],[104.59345243970616,10.17835852751719],[104.59127806223634,10.179476232980155],[104.59056089857118,10.17686125819643]]],[[[104.606269801171,9.79772134593701],[104.62712856549662,9.79914899578501],[104.63719936628019,9.79323907512006],[104.6478271129902,9.795975165536962],[104.65519710856712,9.802725272357973],[104.6585235257791,9.814980941322133],[104.63469692661857,9.822888810128882],[104.606269801171,9.79772134593701]]],[[[104.63465879716627,10.13517710495811],[104.63472746189598,10.13447806043562],[104.63539121911593,10.134745089706945],[104.63465879716627,10.13517710495811]]],[[[104.63720701572758,10.135472743569027],[104.63797758355247,10.135495631620937],[104.63778684963393,10.136160342745265],[104.63720701572758,10.135472743569027]]],[[[104.63843534748021,10.135092227321968],[104.6387710420318,10.134916751046905],[104.63899229372825,10.135763613117415],[104.63843534748021,10.135092227321968]]],[[[104.82714841474788,9.964563800038636],[104.82874295772275,9.9549679282778],[104.83594510618393,9.948326539489276],[104.84613034842344,9.968474816304873],[104.85659787932347,9.977057885455197],[104.83919522962007,9.974693727015802],[104.82714841474788,9.964563800038636]]]]},"id":"an-giang"},{"type":"Feature","properties":{"slug":"ca-mau","name":"Cà Mau","region":"nam","isCity":false,"merged":["Bạc Liêu"]},"geometry":{"type":"MultiPolygon","coordinates":[[[[104.52227011530644,8.948687968199458],[104.52981558654899,8.943753657418608],[104.5254363148485,8.956104694194599],[104.52227011530644,8.948687968199458]]],[[[104.55908194091656,8.882059507515633],[104.56557455513868,8.882255011387413],[104.56114187748346,8.882690840327674],[104.55908194091656,8.882059507515633]]],[[[104.71276845177573,8.631980336449454],[104.7166594410169,8.610006725378357],[104.7250288865215,8.599899684695853],[104.80245961233047,8.579673200580674],[104.84189595234756,8.561206248776415],[104.85717000008678,8.568334009742737],[104.96031941768548,8.588206668964979],[104.9869231176127,8.601201434149559],[105.00900258584718,8.600979227017815],[105.05127706255746,8.621171372269083],[105.10785665527894,8.636021031159244],[105.12809744032049,8.65662325726355],[105.12911977900944,8.670091999761597],[105.14163961761028,8.69185294065882],[105.17323294375261,8.725413692279064],[105.17977133543356,8.738409412247663],[105.2085875595334,8.752525699208682],[105.2336501215012,8.757164370050369],[105.26963034785204,8.771540054559026],[105.33348838509087,8.837834722299666],[105.35570518479314,8.877890951881419],[105.38531486911228,8.94789064759629],[105.39508049732972,8.995879539492822],[105.4241942689436,9.021136649696583],[105.466911252451,9.070318586250194],[105.54248040967065,9.119814281432356],[105.67295069093727,9.168705343348629],[105.67224115725307,9.172858594636264],[105.75213618037407,9.204891557670415],[105.7881316652541,9.22753083095191],[105.82547755347818,9.243227355652088],[105.81916804598744,9.272545212506285],[105.82599635407122,9.276450508188146],[105.81247294959906,9.338516377603314],[105.85903926796286,9.359892244033546],[105.85314937525327,9.379376764181997],[105.85581203528115,9.384883280456808],[105.84806820041243,9.390819904322779],[105.84729763182798,9.398363467676965],[105.84039302967858,9.404075023786135],[105.83283229924345,9.401530621478248],[105.83409877827465,9.392967578920238],[105.82269283311193,9.393823025595987],[105.81977077373116,9.380481121004042],[105.81404109908226,9.377526638874162],[105.81720639409488,9.370411024054633],[105.8135299290063,9.37031972183722],[105.79130550200661,9.37870824234443],[105.7786254501108,9.393043875686345],[105.78514858231506,9.400267005042178],[105.7620009999739,9.413723351689127],[105.739234885759,9.401963594516296],[105.73765559998564,9.395308855246874],[105.72834773903608,9.395724657946356],[105.7236785488584,9.390277270246536],[105.70509334326437,9.396435146448791],[105.70700832074853,9.384969119238818],[105.70163722658684,9.377406481476623],[105.68798061059755,9.378970508582817],[105.6731261795922,9.390784627500437],[105.6555480540244,9.385647184873823],[105.64751430228264,9.395179159893743],[105.63829036446198,9.39614523270495],[105.64071651229749,9.404912360809925],[105.63581081080554,9.40999544570924],[105.62215199992781,9.414179663523745],[105.61360164395686,9.407624612473134],[105.60033412697686,9.423131358075892],[105.58657069932138,9.421831500457191],[105.58098598164013,9.411907565355197],[105.54656978487054,9.449237242783271],[105.54512020169862,9.4832633898865],[105.55536648291223,9.560350794227347],[105.5479049362515,9.583651920433134],[105.53548428186645,9.597236058552971],[105.52114102027156,9.593487165026216],[105.51221462756132,9.583917997319585],[105.49379727041212,9.590787314852133],[105.48825069923981,9.582340621251518],[105.47691341904986,9.584485434920051],[105.47109219160902,9.596885110168547],[105.46224209293695,9.586829568244749],[105.45696255207439,9.590309525597592],[105.44853970017475,9.587376977869784],[105.44530483731884,9.597265627375206],[105.4398650787975,9.595240022910541],[105.4315337802346,9.600227740656909],[105.41944119010331,9.593131449452382],[105.41429134850789,9.60143986136897],[105.39868923581902,9.598000911825684],[105.39603420564497,9.588858037143964],[105.3792342785099,9.58584347258329],[105.37384029738784,9.596144110026268],[105.37083431579273,9.588305860078693],[105.3457793831069,9.592506797993757],[105.34255978071702,9.611719521545261],[105.3274230605037,9.599602135966766],[105.30769344651836,9.608412180803613],[105.30380245665918,9.627478038196145],[105.29505154072723,9.636650477583943],[105.2860717435988,9.624530232316088],[105.28711696876971,9.59912243925487],[105.29492183759315,9.584602747643485],[105.31259914579452,9.572336586547518],[105.30764003796779,9.556282434058263],[105.32383724312812,9.558784873661073],[105.32236476899858,9.546464354485707],[105.32984157443396,9.527996450840606],[105.31977840253414,9.523859412104215],[105.32227321431668,9.518297582328199],[105.3156890453397,9.502716451421179],[105.298812825321,9.50505772314603],[105.29129786946672,9.46809616678433],[105.29450221378131,9.434300809501998],[105.27908320598812,9.433123021878185],[105.26216883698835,9.399341017151846],[105.00495143336994,9.557291437220803],[104.99266047829079,9.538991381162564],[104.97376246866806,9.546311787209323],[104.96305079844039,9.555895261352221],[104.94606776429521,9.532874516528542],[104.91658778487596,9.561668807637279],[104.88136286556185,9.494273597753045],[104.84710688561871,9.527529177832431],[104.83595271120454,9.530762134354406],[104.82217400837519,9.249859263365575],[104.8079222948313,9.181618142700664],[104.81040947431245,9.137981819194344],[104.80220023943365,9.018226070960017],[104.80239859837415,8.92836133741927],[104.78113546754263,8.809878744963225],[104.79250326435998,8.788298047347329],[104.81197347921851,8.772193348016708],[104.88792410470236,8.796598823322118],[104.90238943713618,8.80823555763966],[104.90186300847255,8.793010145719983],[104.88767996313364,8.78218594327948],[104.87704458486968,8.75878849788678],[104.86808767551092,8.754215629633121],[104.86043539197136,8.741202742670376],[104.79442586842961,8.727488909943826],[104.78666677395888,8.717783366809558],[104.77915181836005,8.688917552471228],[104.79644765290502,8.652321251817737],[104.75750722306623,8.64045277695935],[104.75386037171732,8.634862337924114],[104.74469746862881,8.644262706289561],[104.72780598949345,8.64874974566996],[104.71751393557696,8.643009579903993],[104.71276845177573,8.631980336449454]]],[[[104.81893909490498,8.426839256386785],[104.8240584189053,8.421435736923588],[104.8383024997784,8.42566814331208],[104.83702076076732,8.436725997704746],[104.84535206095207,8.445045851434033],[104.84160602882275,8.450465582932413],[104.81893909490498,8.426839256386785]]],[[[104.84291065484493,8.453476333231041],[104.84438312785706,8.454241180123388],[104.8431471658893,8.454194450257361],[104.84291065484493,8.453476333231041]]],[[[104.84806812375602,8.415988347786726],[104.85392749874693,8.41387977396458],[104.85716999143241,8.419892689728139],[104.84806812375602,8.415988347786726]]],[[[104.8607634360063,8.420923611950089],[104.86142719452626,8.42015876439549],[104.86281574338588,8.421415707863042],[104.8607634360063,8.420923611950089]]],[[[104.87812030697464,8.381434817270753],[104.87904346347769,8.381578821570338],[104.87877643507669,8.381759066365998],[104.87812030697464,8.381434817270753]]]]},"id":"ca-mau"}]}